Baseline 100%T,,IRRAD BUDAPEST J4 0.4dpa POST VDG,,
Wavelength (nm),%T,Wavelength (nm),%T,
3300,99.60115814,3300,87.94037628,
3299,99.8441391,3298.333008,87.91001129,
3298,99.76422882,3296.666016,87.92621613,
3297,99.72786713,3294.999023,87.97380829,
3296,99.55561829,3293.332031,88.04118347,
3295,99.71013641,3291.665039,87.89234924,
3294,99.74339294,3289.998047,88.1332016,
3293,99.77628326,3288.331055,87.98084259,
3292,99.55675507,3286.664063,88.0042038,
3291,99.57590485,3284.99707,88.01070404,
3290,99.6493454,3283.330078,87.95585632,
3289,99.66768646,3281.663086,87.9510498,
3288,99.75102997,3279.996094,87.97581482,
3287,99.67041779,3278.329102,87.82643127,
3286,99.78928375,3276.662109,87.93829346,
3285,99.77783203,3274.995117,87.74617767,
3284,99.85250092,3273.327881,87.78633881,
3283,99.69832611,3271.660889,87.8999939,
3282,99.82913971,3269.993896,88.05809784,
3281,99.7713089,3268.326904,87.95359039,
3280,99.73350525,3266.659912,87.91007996,
3279,99.7300415,3264.99292,87.97317505,
3278,99.83447266,3263.325928,87.95394135,
3277,99.88819122,3261.658936,87.86886597,
3276,99.94841003,3259.991943,87.88699341,
3275,99.94968414,3258.324951,87.95361328,
3274,99.86323547,3256.657959,87.90853882,
3273,99.88243103,3254.990967,87.85697937,
3272,99.97610474,3253.323975,87.80776978,
3271,99.86183929,3251.656982,87.94570923,
3270,99.74851227,3249.98999,87.96006775,
3269,99.99222565,3248.322998,87.78953552,
3268,99.83660126,3246.656006,87.94085693,
3267,99.96125031,3244.989014,88.01580048,
3266,99.7752533,3243.322021,87.98193359,
3265,99.75386047,3241.655029,87.9013443,
3264,99.94229126,3239.988037,87.80349731,
3263,99.83760834,3238.321045,88.01609039,
3262,99.81395721,3236.654053,87.89971161,
3261,99.8791275,3234.987061,88.05394745,
3260,99.87709045,3233.320068,87.86577606,
3259,99.83322906,3231.653076,87.94625854,
3258,99.85022736,3229.986084,87.96751404,
3257,99.81274414,3228.319092,87.97077179,
3256,99.78114319,3226.6521,87.87227631,
3255,99.95832825,3224.985107,87.99208069,
3254,100.0351639,3223.318115,87.8651886,
3253,99.87453461,3221.650879,87.88491058,
3252,99.76992798,3219.983887,87.88743591,
3251,99.82550049,3218.316895,87.86930084,
3250,99.84552002,3216.649902,88.02852631,
3249,99.96039581,3214.98291,87.89320374,
3248,99.85412598,3213.315918,87.91663361,
3247,99.82879639,3211.648926,87.93216705,
3246,99.84304047,3209.981934,87.90952301,
3245,99.84024048,3208.314941,87.84516144,
3244,99.77398682,3206.647949,87.98095703,
3243,99.83618927,3204.980957,87.86886597,
3242,99.91702271,3203.313965,87.87128448,
3241,99.95244598,3201.646973,87.89726257,
3240,99.94374847,3199.97998,87.83725739,
3239,99.86352539,3198.312988,87.94622803,
3238,99.89852905,3196.645996,87.85540009,
3237,99.99202728,3194.979004,87.86784363,
3236,99.80239868,3193.312012,87.87314606,
3235,99.81765747,3191.64502,87.85172272,
3234,99.97853088,3189.978027,87.81962585,
3233,100.0309372,3188.311035,87.86092377,
3232,99.90792084,3186.644043,87.9083786,
3231,99.90712738,3184.977051,87.92722321,
3230,99.89736938,3183.310059,87.85430908,
3229,99.96655273,3181.643066,87.83827209,
3228,99.97809601,3179.976074,87.87837982,
3227,99.87887573,3178.309082,87.85565186,
3226,99.91957092,3176.64209,87.85419464,
3225,99.89126587,3174.975098,87.88976288,
3224,100.0000839,3173.308105,87.87702942,
3223,99.93135834,3171.641113,87.81646729,
3222,99.97869873,3169.973877,87.87351227,
3221,99.98014069,3168.306885,87.84644318,
3220,99.99207306,3166.639893,87.87547302,
3219,99.97031403,3164.9729,87.82684326,
3218,99.94334412,3163.305908,87.82952118,
3217,99.91288757,3161.638916,87.80195618,
3216,100.0934219,3159.971924,87.84838867,
3215,100.0210037,3158.304932,87.85074615,
3214,99.91916656,3156.637939,87.83716583,
3213,100.0420303,3154.970947,87.81517029,
3212,100.052536,3153.303955,87.76148224,
3211,100.0470657,3151.636963,87.84872437,
3210,99.91129303,3149.969971,87.8669281,
3209,99.96324158,3148.302979,87.78965759,
3208,100.0295029,3146.635986,87.82832336,
3207,99.94956207,3144.968994,87.80430603,
3206,99.93321228,3143.302002,87.81304169,
3205,99.94396973,3141.63501,87.87624359,
3204,100.0464554,3139.968018,87.83616638,
3203,100.0303726,3138.301025,87.75758362,
3202,99.90407562,3136.634033,87.75783539,
3201,99.96490479,3134.967041,87.79512787,
3200,100.0482559,3133.300049,87.81246948,
3199,100.0324707,3131.633057,87.79078674,
3198,99.87983704,3129.966064,87.76437378,
3197,99.90436554,3128.299072,87.76422119,
3196,100.0167618,3126.63208,87.79426575,
3195,100.0632172,3124.965088,87.80584717,
3194,100.0079193,3123.298096,87.79916382,
3193,99.85984802,3121.631104,87.82457733,
3192,99.98227692,3119.964111,87.77764893,
3191,100.0751038,3118.296875,87.77315521,
3190,100.0075378,3116.629883,87.76239014,
3189,99.9590683,3114.962891,87.79987335,
3188,100.0155106,3113.295898,87.76435852,
3187,99.98495483,3111.628906,87.75408936,
3186,99.990448,3109.961914,87.77868652,
3185,99.95753479,3108.294922,87.77187347,
3184,100.0723038,3106.62793,87.7514267,
3183,100.0594635,3104.960938,87.7405014,
3182,100.098732,3103.293945,87.74164581,
3181,99.99879456,3101.626953,87.76216125,
3180,100.0056,3099.959961,87.74118042,
3179,100.1223068,3098.292969,87.74887085,
3178,100.1553268,3096.625977,87.75968933,
3177,100.0171509,3094.958984,87.7832489,
3176,99.99688721,3093.291992,87.76513672,
3175,100.0618896,3091.625,87.72650146,
3174,100.1143723,3089.958008,87.7485199,
3173,100.0899887,3088.291016,87.71844482,
3172,100.1073456,3086.624023,87.76192474,
3171,100.104866,3084.957031,87.72104645,
3170,100.0766373,3083.290039,87.75167847,
3169,100.0458145,3081.623047,87.70167542,
3168,100.1107101,3079.956055,87.71736908,
3167,100.1324539,3078.289063,87.69554138,
3166,100.1536407,3076.62207,87.72543335,
3165,100.0731583,3074.955078,87.69284821,
3164,100.0330811,3073.288086,87.68431091,
3163,100.1751785,3071.621094,87.69390106,
3162,100.2285385,3069.954102,87.68810272,
3161,100.1890182,3068.287109,87.70137787,
3160,100.0787735,3066.619873,87.68598175,
3159,100.1512985,3064.952881,87.6783905,
3158,100.208786,3063.285889,87.66416931,
3157,100.1785049,3061.618896,87.6782074,
3156,100.1485443,3059.951904,87.67196655,
3155,100.1691818,3058.284912,87.64919281,
3154,100.2497406,3056.61792,87.65130615,
3153,100.2337341,3054.950928,87.63613129,
3152,100.1630936,3053.283936,87.65156555,
3151,100.2227402,3051.616943,87.64713287,
3150,100.2265244,3049.949951,87.64157104,
3149,100.2001801,3048.282959,87.63605499,
3148,100.1781845,3046.615967,87.62359619,
3147,100.2362518,3044.948975,87.61483765,
3146,100.2259598,3043.281982,87.61487579,
3145,100.2067108,3041.61499,87.61291504,
3144,100.1097946,3039.947998,87.60446167,
3143,100.2139359,3038.281006,87.60575867,
3142,100.2513428,3036.614014,87.58470154,
3141,100.1998215,3034.947021,87.57463074,
3140,100.1709595,3033.280029,87.58837891,
3139,100.2053528,3031.613037,87.59148407,
3138,100.261055,3029.946045,87.59444427,
3137,100.2556,3028.279053,87.56895447,
3136,100.2218857,3026.612061,87.58568573,
3135,100.1970444,3024.945068,87.55188751,
3134,100.2247238,3023.278076,87.55504608,
3133,100.1861725,3021.611084,87.55080414,
3132,100.16922,3019.944092,87.54761505,
3131,100.2180252,3018.2771,87.51200867,
3130,100.2568588,3016.610107,87.54417419,
3129,100.2314682,3014.942871,87.52383423,
3128,100.1905823,3013.275879,87.49919891,
3127,100.2302551,3011.608887,87.50321198,
3126,100.2783432,3009.941895,87.50262451,
3125,100.2186737,3008.274902,87.49693298,
3124,100.2176895,3006.60791,87.49152374,
3123,100.2191925,3004.940918,87.4969101,
3122,100.2456436,3003.273926,87.4865799,
3121,100.2559433,3001.606934,87.49610901,
3120,100.2215271,2999.939941,87.48432159,
3119,100.2403107,2998.272949,87.48290253,
3118,100.2217407,2996.605957,87.48590088,
3117,100.2364426,2994.938965,87.47421265,
3116,100.2528076,2993.271973,87.48661041,
3115,100.2198563,2991.60498,87.47034454,
3114,100.2003174,2989.937988,87.49014282,
3113,100.2294159,2988.270996,87.4671936,
3112,100.2117538,2986.604004,87.48715973,
3111,100.2414017,2984.937012,87.48500824,
3110,100.2678528,2983.27002,87.4786911,
3109,100.2040253,2981.603027,87.48867798,
3108,100.2049408,2979.936035,87.4825058,
3107,100.2784576,2978.269043,87.4892807,
3106,100.2929535,2976.602051,87.47994232,
3105,100.2602005,2974.935059,87.48113251,
3104,100.2448349,2973.268066,87.48136139,
3103,100.2472992,2971.601074,87.52133942,
3102,100.2602234,2969.934082,87.49723816,
3101,100.2886505,2968.26709,87.50862885,
3100,100.2686386,2966.600098,87.51004791,
3099,100.2594376,2964.933105,87.51167297,
3098,100.305954,2963.265869,87.52466583,
3097,100.3014526,2961.598877,87.52622986,
3096,100.3029556,2959.931885,87.52529907,
3095,100.3278503,2958.264893,87.52475739,
3094,100.3471527,2956.5979,87.54175568,
3093,100.2915878,2954.930908,87.53520966,
3092,100.3330002,2953.263916,87.56177521,
3091,100.3536072,2951.596924,87.5353775,
3090,100.3646011,2949.929932,87.54808044,
3089,100.3549347,2948.262939,87.53708649,
3088,100.3585663,2946.595947,87.55918884,
3087,100.3699875,2944.928955,87.55644226,
3086,100.3937454,2943.261963,87.55860901,
3085,100.3976364,2941.594971,87.5520401,
3084,100.3757324,2939.927979,87.56252289,
3083,100.3685379,2938.260986,87.57090759,
3082,100.3925476,2936.593994,87.56135559,
3081,100.4001389,2934.927002,87.57093048,
3080,100.4078751,2933.26001,87.56718445,
3079,100.3888474,2931.593018,87.57253265,
3078,100.3836136,2929.926025,87.57496643,
3077,100.3791809,2928.259033,87.58668518,
3076,100.3910904,2926.592041,87.57358551,
3075,100.4084473,2924.925049,87.5845108,
3074,100.394371,2923.258057,87.57492065,
3073,100.3966064,2921.591064,87.59772491,
3072,100.4252167,2919.924072,87.58598328,
3071,100.4199371,2918.25708,87.59883881,
3070,100.4325867,2916.590088,87.5802536,
3069,100.4341736,2914.923096,87.59475708,
3068,100.4472885,2913.256104,87.58906555,
3067,100.4469528,2911.588867,87.58796692,
3066,100.4698486,2909.921875,87.59107971,
3065,100.4957809,2908.254883,87.58751678,
3064,100.4824753,2906.587891,87.59529877,
3063,100.464592,2904.920898,87.5921936,
3062,100.4875031,2903.253906,87.60535431,
3061,100.525856,2901.586914,87.59644318,
3060,100.5169144,2899.919922,87.59966278,
3059,100.4922867,2898.25293,87.58546448,
3058,100.5297775,2896.585938,87.59599304,
3057,100.5618439,2894.918945,87.60128784,
3056,100.5596161,2893.251953,87.59916687,
3055,100.5549927,2891.584961,87.59178162,
3054,100.5648346,2889.917969,87.60116577,
3053,100.5689621,2888.250977,87.59663391,
3052,100.5507202,2886.583984,87.61747742,
3051,100.5432739,2884.916992,87.60077667,
3050,100.5528412,2883.25,87.61175537,
3049,100.5536652,2881.583008,87.59819031,
3048,100.5359879,2879.916016,87.60242462,
3047,100.5590439,2878.249023,87.59677124,
3046,100.572876,2876.582031,87.62028503,
3045,100.5702286,2874.915039,87.59457397,
3044,100.5348434,2873.248047,87.61325836,
3043,100.5370941,2871.581055,87.59857941,
3042,100.5597916,2869.914063,87.60855865,
3041,100.5833282,2868.24707,87.60539246,
3040,100.5562744,2866.580078,87.60623169,
3039,100.5832214,2864.913086,87.60494995,
3038,100.6128311,2863.246094,87.60957336,
3037,100.59552,2861.579102,87.60810852,
3036,100.6033173,2859.911865,87.61633301,
3035,100.642189,2858.244873,87.60267639,
3034,100.6362915,2856.577881,87.61701965,
3033,100.6158218,2854.910889,87.60653687,
3032,100.6163101,2853.243896,87.60337067,
3031,100.6410446,2851.576904,87.61239624,
3030,100.645462,2849.909912,87.61074066,
3029,100.6120682,2848.24292,87.61646271,
3028,100.6349564,2846.575928,87.61514282,
3027,100.6650543,2844.908936,87.61534882,
3026,100.6726761,2843.241943,87.62103271,
3025,100.6490479,2841.574951,87.6166687,
3024,100.6727219,2839.907959,87.61894989,
3023,100.7027588,2838.240967,87.61373138,
3022,100.677475,2836.573975,87.61126709,
3021,100.6677017,2834.906982,87.61987305,
3020,100.7046432,2833.23999,87.6286087,
3019,100.7160645,2831.572998,87.61684418,
3018,100.6823044,2829.906006,87.62300873,
3017,100.6693726,2828.239014,87.62615967,
3016,100.7129517,2826.572021,87.62761688,
3015,100.7182617,2824.905029,87.62242126,
3014,100.6984329,2823.238037,87.62063599,
3013,100.7146149,2821.571045,87.63626862,
3012,100.7733688,2819.904053,87.63724518,
3011,100.7714996,2818.237061,87.64373779,
3010,100.7325897,2816.570068,87.6342926,
3009,100.7641449,2814.903076,87.62844086,
3008,100.8129349,2813.236084,87.63424683,
3007,100.779892,2811.569092,87.63519287,
3006,100.7535934,2809.9021,87.63503265,
3005,100.8025665,2808.234863,87.64009857,
3004,100.8168564,2806.567871,87.63330078,
3003,100.7849579,2804.900879,87.64028168,
3002,100.7738571,2803.233887,87.64772797,
3001,100.8451233,2801.566895,87.63472748,
3000,100.8348465,2799.899902,87.6423645,
2999,100.7778015,2798.23291,87.64176941,
2998,100.8069305,2796.565918,87.64836121,
2997,100.8642578,2794.898926,87.65396118,
2996,100.8447266,2793.231934,87.65412903,
2995,100.8088684,2791.564941,87.65333557,
2994,100.8575211,2789.897949,87.64958954,
2993,100.8913498,2788.230957,87.65316772,
2992,100.8565063,2786.563965,87.65206146,
2991,100.8623505,2784.896973,87.66055298,
2990,100.9243851,2783.22998,87.65792847,
2989,100.9377747,2781.562988,87.64495087,
2988,100.9103088,2779.895996,87.65831757,
2987,100.9439926,2778.229004,87.6473999,
2986,101.0232086,2776.562012,87.64752197,
2985,100.9917831,2774.89502,87.64878082,
2984,100.9562531,2773.228027,87.65579224,
2983,101.0222321,2771.561035,87.65594482,
2982,101.0472031,2769.894043,87.65557861,
2981,101.0002975,2768.227051,87.65061188,
2980,101.0051575,2766.560059,87.66225433,
2979,101.0582581,2764.893066,87.65628052,
2978,101.0366592,2763.226074,87.66403198,
2977,100.9922028,2761.559082,87.64597321,
2976,101.0272141,2759.89209,87.64339447,
2975,101.0708466,2758.225098,87.65241241,
2974,101.012764,2756.557861,87.66635132,
2973,100.9935989,2754.890869,87.66210938,
2972,101.0515671,2753.223877,87.64514923,
2971,101.0557785,2751.556885,87.65369415,
2970,101.0038986,2749.889893,87.66238403,
2969,101.015686,2748.2229,87.65033722,
2968,101.0796204,2746.555908,87.65608978,
2967,101.0527725,2744.888916,87.65497589,
2966,101.004097,2743.221924,87.65174103,
2965,101.074852,2741.554932,87.66687012,
2964,101.128746,2739.887939,87.65962219,
2963,101.0897064,2738.220947,87.66172028,
2962,101.1051178,2736.553955,87.65840149,
2961,101.1907196,2734.886963,87.66857147,
2960,101.1944733,2733.219971,87.66984558,
2959,101.1663666,2731.552979,87.6727829,
2958,101.2199783,2729.885986,87.67532349,
2957,101.2735519,2728.218994,87.67844391,
2956,101.2330399,2726.552002,87.68804169,
2955,101.2233276,2724.88501,87.68357849,
2954,101.2994308,2723.218018,87.68891907,
2953,101.3192749,2721.551025,87.68230438,
2952,101.2467957,2719.884033,87.6822052,
2951,101.2651215,2718.217041,87.68862915,
2950,101.343132,2716.550049,87.67765045,
2949,101.3085251,2714.883057,87.66770172,
2948,101.2680435,2713.216064,87.6810379,
2947,101.3173676,2711.549072,87.68717957,
2946,101.333252,2709.88208,87.69484711,
2945,101.269516,2708.215088,87.68325806,
2944,101.2829056,2706.548096,87.68739319,
2943,101.3438492,2704.880859,87.68426514,
2942,101.3184891,2703.213867,87.69311523,
2941,101.2976151,2701.546875,87.69033813,
2940,101.3816681,2699.879883,87.69715118,
2939,101.4423828,2698.212891,87.69210815,
2938,101.3942108,2696.545898,87.68528748,
2937,101.3958359,2694.878906,87.69436646,
2936,101.4909058,2693.211914,87.67385864,
2935,101.4916916,2691.544922,87.68173218,
2934,101.4468536,2689.87793,87.68338013,
2933,101.4834442,2688.210938,87.68362427,
2932,101.5553207,2686.543945,87.66840363,
2931,101.5416641,2684.876953,87.65714264,
2930,101.5441437,2683.209961,87.66254425,
2929,101.6067734,2681.542969,87.64790344,
2928,101.6190491,2679.875977,87.65133667,
2927,101.5795593,2678.208984,87.62682343,
2926,101.6339417,2676.541992,87.64459229,
2925,101.6793747,2674.875,87.61736298,
2924,101.6137848,2673.208008,87.60001373,
2923,101.5989532,2671.541016,87.56285095,
2922,101.674057,2669.874023,87.60041809,
2921,101.6738663,2668.207031,87.61993408,
2920,101.6129379,2666.540039,87.62752533,
2919,101.6379623,2664.873047,87.63092804,
2918,101.7338867,2663.206055,87.64653778,
2917,101.7290268,2661.539063,87.60536957,
2916,101.7183151,2659.87207,87.6239624,
2915,101.7581558,2658.205078,87.59143066,
2914,101.7804642,2656.538086,87.59361267,
2913,101.7577972,2654.871094,87.62280273,
2912,101.7740402,2653.203857,87.64224243,
2911,101.812973,2651.536865,87.66238403,
2910,101.7584305,2649.869873,87.67311859,
2909,101.7483139,2648.202881,87.65763092,
2908,101.811409,2646.535889,87.6858902,
2907,101.801506,2644.868896,87.66912079,
2906,101.7473221,2643.201904,87.6649704,
2905,101.7873077,2641.534912,87.67121124,
2904,101.8655396,2639.86792,87.66090393,
2903,101.8301468,2638.200928,87.66313934,
2902,101.7909164,2636.533936,87.65292358,
2901,101.8267746,2634.866943,87.6427536,
2900,101.8347626,2633.199951,87.65605927,
2899,101.7829056,2631.532959,87.63723755,
2898,101.7907104,2629.865967,87.65007782,
2897,101.8056488,2628.198975,87.64829254,
2896,101.7805557,2626.531982,87.63882446,
2895,101.8224258,2624.86499,87.65437317,
2894,101.8760681,2623.197998,87.63682556,
2893,101.8578262,2621.531006,87.6348114,
2892,101.8363953,2619.864014,87.6417923,
2891,101.9165039,2618.197021,87.62665558,
2890,101.9645233,2616.530029,87.64725494,
2889,101.9366531,2614.863037,87.63235474,
2888,101.9740677,2613.196045,87.6268158,
2887,102.0469894,2611.529053,87.65853882,
2886,102.0665436,2609.862061,87.63102722,
2885,102.0750275,2608.195068,87.64878845,
2884,102.1283951,2606.528076,87.62504578,
2883,102.1600037,2604.861084,87.62365723,
2882,102.1617203,2603.194092,87.62680054,
2881,102.2058029,2601.526855,87.60379028,
2880,102.2232056,2599.859863,87.6390686,
2879,102.1949921,2598.192871,87.61965942,
2878,102.2146912,2596.525879,87.63478088,
2877,102.282074,2594.858887,87.63342285,
2876,102.271637,2593.191895,87.60677338,
2875,102.2399292,2591.524902,87.63643646,
2874,102.2743225,2589.85791,87.61875916,
2873,102.3310318,2588.190918,87.63118744,
2872,102.3310089,2586.523926,87.6243515,
2871,102.351738,2584.856934,87.62741852,
2870,102.3948517,2583.189941,87.61447144,
2869,102.4091034,2581.522949,87.62478638,
2868,102.4049149,2579.855957,87.64802551,
2867,102.4473877,2578.188965,87.63720703,
2866,102.4684677,2576.521973,87.63728333,
2865,102.4559631,2574.85498,87.61438751,
2864,102.4854507,2573.187988,87.63110352,
2863,102.5021439,2571.520996,87.64080811,
2862,102.4722824,2569.854004,87.61578369,
2861,102.4875031,2568.187012,87.63291168,
2860,102.5310059,2566.52002,87.61821747,
2859,102.5281219,2564.853027,87.62075806,
2858,102.4812546,2563.186035,87.63070679,
2857,102.4775772,2561.519043,87.63379669,
2856,102.5192413,2559.852051,87.63457489,
2855,102.5382996,2558.185059,87.63253021,
2854,102.5447617,2556.518066,87.64420319,
2853,102.583107,2554.851074,87.61133575,
2852,102.6017151,2553.184082,87.63608551,
2851,102.6378784,2551.51709,87.62093353,
2850,102.6722641,2549.849854,87.60586548,
2849,102.6728516,2548.182861,87.6315155,
2848,102.6704178,2546.515869,87.59571838,
2847,102.689743,2544.848877,87.60722351,
2846,102.7226563,2543.181885,87.60884094,
2845,102.7229462,2541.514893,87.60769653,
2844,102.7527237,2539.8479,87.6179657,
2843,102.8002625,2538.180908,87.61737823,
2842,102.8304138,2536.513916,87.60412598,
2841,102.8231659,2534.846924,87.61523438,
2840,102.857254,2533.179932,87.60398102,
2839,102.903656,2531.512939,87.60822296,
2838,102.9697189,2529.845947,87.60296631,
2837,103.0220413,2528.178955,87.59951782,
2836,103.0678177,2526.511963,87.5934906,
2835,103.0896912,2524.844971,87.59903717,
2834,103.115715,2523.177979,87.59745026,
2833,103.147171,2521.510986,87.5836792,
2832,103.1575928,2519.843994,87.60162354,
2831,103.1698837,2518.177002,87.58634186,
2830,103.2145386,2516.51001,87.57688141,
2829,103.2634583,2514.843018,87.60688782,
2828,103.2641907,2513.176025,87.58551788,
2827,103.285553,2511.509033,87.59515381,
2826,103.3289337,2509.842041,87.60401917,
2825,103.3629913,2508.175049,87.57611847,
2824,103.3812561,2506.508057,87.59143829,
2823,103.4390564,2504.841064,87.59342194,
2822,103.5309753,2503.174072,87.57378387,
2821,103.6376038,2501.50708,87.60608673,
2820,103.7219391,2499.840088,87.59509277,
2819,103.791748,2498.172852,87.5717392,
2818,103.8114395,2496.505859,87.60170746,
2817,103.8483887,2494.838867,87.57678223,
2816,103.8778534,2493.171875,87.57024384,
2815,103.8966751,2491.504883,87.59597778,
2814,103.9142456,2489.837891,87.57175446,
2813,103.9549026,2488.170898,87.57104492,
2812,103.9593124,2486.503906,87.58338165,
2811,103.9420166,2484.836914,87.56552124,
2810,103.9580078,2483.169922,87.57132721,
2809,103.9898834,2481.50293,87.58404541,
2808,104.0224457,2479.835938,87.57176208,
2807,104.0138931,2478.168945,87.5851593,
2806,104.0518265,2476.501953,87.56933594,
2805,104.0941086,2474.834961,87.55728149,
2804,104.1177979,2473.167969,87.56829834,
2803,104.1368713,2471.500977,87.57027435,
2802,104.0804138,2469.833984,87.55891418,
2801,104.0944824,2468.166992,87.57003784,
2800,104.1339417,2466.5,87.56767273,
2799,104.2050476,2464.833008,87.56117249,
2798,104.2509308,2463.166016,87.55619049,
2797,104.3212433,2461.499023,87.55944824,
2796,104.4163132,2459.832031,87.56765747,
2795,104.4689331,2458.165039,87.55491638,
2794,104.5109482,2456.498047,87.56369781,
2793,104.5714874,2454.831055,87.55319977,
2792,104.6057434,2453.164063,87.5533905,
2791,104.6142197,2451.49707,87.5502243,
2790,104.6902771,2449.830078,87.55226135,
2789,104.7432404,2448.163086,87.5464325,
2788,104.8065338,2446.496094,87.55389404,
2787,104.8543472,2444.828857,87.54779053,
2786,104.878006,2443.161865,87.54949188,
2785,104.90979,2441.494873,87.53424072,
2784,105.0303955,2439.827881,87.55024719,
2783,105.083786,2438.160889,87.52867126,
2782,105.1385498,2436.493896,87.52963257,
2781,105.1498566,2434.826904,87.53338623,
2780,105.211853,2433.159912,87.53388977,
2779,105.1898804,2431.49292,87.52301788,
2778,105.1751633,2429.825928,87.54135895,
2777,105.1382446,2428.158936,87.54236603,
2776,105.1105728,2426.491943,87.52252197,
2775,105.1027145,2424.824951,87.53742981,
2774,105.1607513,2423.157959,87.53269958,
2773,105.2530441,2421.490967,87.51082611,
2772,105.3215485,2419.823975,87.52635956,
2771,105.3676376,2418.156982,87.53821564,
2770,105.3691254,2416.48999,87.50839996,
2769,105.3317566,2414.822998,87.52181244,
2768,105.3145523,2413.156006,87.54044342,
2767,105.2832031,2411.489014,87.5249176,
2766,105.1556091,2409.822021,87.50630188,
2765,105.0348969,2408.155029,87.53726196,
2764,104.9044495,2406.488037,87.52238464,
2763,104.8292313,2404.821045,87.51101685,
2762,104.7272186,2403.154053,87.53540039,
2761,104.6805496,2401.487061,87.5280838,
2760,104.6872101,2399.820068,87.51066589,
2759,104.7677002,2398.153076,87.52500153,
2758,104.8928375,2396.486084,87.53670502,
2757,105.0097961,2394.819092,87.51681519,
2756,105.0552216,2393.151855,87.51780701,
2755,105.0656815,2391.484863,87.54128265,
2754,105.0086746,2389.817871,87.52201843,
2753,105.0119629,2388.150879,87.50375366,
2752,105.0652618,2386.483887,87.53591919,
2751,105.0997391,2384.816895,87.52197266,
2750,105.1157608,2383.149902,87.49791718,
2749,105.1287155,2381.48291,87.49743652,
2748,105.1841965,2379.815918,87.52784729,
2747,105.2015762,2378.148926,87.49764252,
2746,105.203331,2376.481934,87.4777832,
2745,105.2065125,2374.814941,87.50856781,
2744,105.2728195,2373.147949,87.50245667,
2743,105.3517227,2371.480957,87.46803284,
2742,105.4464569,2369.813965,87.49559784,
2741,105.4659958,2368.146973,87.51025391,
2740,105.4138794,2366.47998,87.48870087,
2739,105.4397736,2364.812988,87.4828186,
2738,105.4815292,2363.145996,87.50691223,
2737,105.531395,2361.479004,87.52515411,
2736,105.5985336,2359.812012,87.48994446,
2735,105.676033,2358.14502,87.5019455,
2734,105.702713,2356.478027,87.51636505,
2733,105.6799164,2354.811035,87.5083847,
2732,105.6833878,2353.144043,87.48703766,
2731,105.6941757,2351.477051,87.5001297,
2730,105.7178879,2349.810059,87.49687958,
2729,105.8170471,2348.143066,87.47709656,
2728,105.9260941,2346.476074,87.47080994,
2727,106.0661926,2344.809082,87.49039459,
2726,106.1605682,2343.14209,87.48939514,
2725,106.1775208,2341.474854,87.46903229,
2724,106.1316757,2339.807861,87.47122955,
2723,106.0905457,2338.140869,87.49162292,
2722,105.9916763,2336.473877,87.48310089,
2721,105.880806,2334.806885,87.4726944,
2720,105.7933121,2333.139893,87.4704361,
2719,105.6946869,2331.4729,87.50102234,
2718,105.5493851,2329.805908,87.48242188,
2717,105.4433136,2328.138916,87.46651459,
2716,105.3573608,2326.471924,87.49458313,
2715,105.2876587,2324.804932,87.48581696,
2714,105.2717056,2323.137939,87.46216583,
2713,105.2763443,2321.470947,87.4532547,
2712,105.2646255,2319.803955,87.46159363,
2711,105.2676239,2318.136963,87.4647522,
2710,105.1921463,2316.469971,87.44326782,
2709,105.0490112,2314.802979,87.44203949,
2708,104.9461975,2313.135986,87.46215057,
2707,104.9049377,2311.468994,87.46446991,
2706,104.8903122,2309.802002,87.43895721,
2705,104.9180145,2308.13501,87.43911743,
2704,104.9819794,2306.468018,87.45186615,
2703,104.9876099,2304.801025,87.44380188,
2702,105.0642166,2303.134033,87.4281311,
2701,105.1437607,2301.467041,87.42445374,
2700,105.114624,2299.800049,87.43519592,
2699,105.0406494,2298.133057,87.429039,
2698,104.9877319,2296.466064,87.42334747,
2697,104.9014587,2294.799072,87.42189026,
2696,104.859436,2293.13208,87.41963196,
2695,104.8504715,2291.465088,87.41280365,
2694,104.7802124,2289.797852,87.41524506,
2693,104.7579269,2288.130859,87.42258453,
2692,104.7263641,2286.463867,87.40937805,
2691,104.6894531,2284.796875,87.4072876,
2690,104.6655655,2283.129883,87.41927338,
2689,104.6909485,2281.462891,87.41847229,
2688,104.6864853,2279.795898,87.41756439,
2687,104.6577682,2278.128906,87.40359497,
2686,104.6174011,2276.461914,87.39620209,
2685,104.5730591,2274.794922,87.39857483,
2684,104.5683899,2273.12793,87.39369202,
2683,104.591301,2271.460938,87.39450073,
2682,104.5172577,2269.793945,87.38787079,
2681,104.4101944,2268.126953,87.38589478,
2680,104.35923,2266.459961,87.39904022,
2679,104.1784286,2264.792969,87.39665985,
2678,104.0447235,2263.125977,87.39431763,
2677,103.8575058,2261.458984,87.39110565,
2676,103.5424576,2259.791992,87.39454651,
2675,103.225029,2258.125,87.39835358,
2674,102.9178009,2256.458008,87.39900208,
2673,102.5904388,2254.791016,87.39704895,
2672,102.3831711,2253.124023,87.39260101,
2671,102.1045532,2251.457031,87.39163971,
2670,101.8798828,2249.790039,87.39200592,
2669,101.6740952,2248.123047,87.38235474,
2668,101.3974762,2246.456055,87.3697052,
2667,101.1454697,2244.789063,87.37270355,
2666,101.0304718,2243.12207,87.37930298,
2665,100.9028778,2241.455078,87.39051819,
2664,100.9198914,2239.788086,87.37808228,
2663,101.0055389,2238.12085,87.38082886,
2662,101.0077972,2236.453857,87.3765564,
2661,101.111618,2234.786865,87.37071991,
2660,101.2946243,2233.119873,87.37438202,
2659,101.4333954,2231.452881,87.3605423,
2658,101.690506,2229.785889,87.36148834,
2657,102.1735229,2228.118896,87.36568451,
2656,102.5355911,2226.451904,87.36826324,
2655,102.795578,2224.784912,87.36843872,
2654,103.0614395,2223.11792,87.34958649,
2653,103.2261276,2221.450928,87.34776306,
2652,103.3869476,2219.783936,87.35271454,
2651,103.4980164,2218.116943,87.35410309,
2650,103.7021866,2216.449951,87.3625946,
2649,103.7705765,2214.782959,87.3585434,
2648,103.7786636,2213.115967,87.3404007,
2647,103.9266815,2211.448975,87.34848785,
2646,103.9466019,2209.781982,87.34010315,
2645,104.016449,2208.11499,87.34448242,
2644,104.1448364,2206.447998,87.35388184,
2643,104.1718597,2204.781006,87.34368896,
2642,104.2636871,2203.114014,87.33531189,
2641,104.368782,2201.447021,87.33651733,
2640,104.4062729,2199.780029,87.32807922,
2639,104.5190125,2198.113037,87.33475494,
2638,104.590271,2196.446045,87.3364563,
2637,104.5845718,2194.779053,87.33255005,
2636,104.6882782,2193.112061,87.3285675,
2635,104.7066956,2191.445068,87.32350922,
2634,104.6224365,2189.778076,87.32072449,
2633,104.7036285,2188.111084,87.31854248,
2632,104.6646347,2186.443848,87.32030487,
2631,104.5863266,2184.776855,87.31268311,
2630,104.5984726,2183.109863,87.30554199,
2629,104.569397,2181.442871,87.29247284,
2628,104.5065613,2179.775879,87.29484558,
2627,104.4093399,2178.108887,87.31030273,
2626,104.338562,2176.441895,87.31163025,
2625,104.3117371,2174.774902,87.30011749,
2624,104.2339325,2173.10791,87.29553986,
2623,104.2320404,2171.440918,87.2815094,
2622,104.230896,2169.773926,87.28102112,
2621,104.2126389,2168.106934,87.30033875,
2620,104.2760162,2166.439941,87.30156708,
2619,104.1842117,2164.772949,87.29494476,
2618,104.1115417,2163.105957,87.2842865,
2617,104.0996552,2161.438965,87.28034973,
2616,103.9700012,2159.771973,87.27540588,
2615,103.8955002,2158.10498,87.29403687,
2614,103.9099731,2156.437988,87.29295349,
2613,103.8633804,2154.770996,87.28755188,
2612,103.9481277,2153.104004,87.28565216,
2611,104.0303345,2151.437012,87.26777649,
2610,104.0127029,2149.77002,87.2647171,
2609,104.1004639,2148.103027,87.26983643,
2608,104.0757446,2146.436035,87.27217102,
2607,103.9061584,2144.769043,87.2629776,
2606,103.8601074,2143.102051,87.27037811,
2605,103.7462692,2141.435059,87.27246094,
2604,103.6712418,2139.768066,87.2587204,
2603,103.6851044,2138.101074,87.25953674,
2602,103.6578751,2136.434082,87.25271606,
2601,103.6841507,2134.766846,87.24462128,
2600,103.8349762,2133.099854,87.25875854,
2599,103.889595,2131.432861,87.26413727,
2598,103.9443588,2129.765869,87.25362396,
2597,104.0220261,2128.098877,87.24963379,
2596,103.9427643,2126.431885,87.2556839,
2595,103.944191,2124.764893,87.24352264,
2594,103.8588409,2123.0979,87.23999023,
2593,103.7636719,2121.430908,87.23484802,
2592,103.8189087,2119.763916,87.23699188,
2591,103.8010025,2118.096924,87.2407074,
2590,103.817688,2116.429932,87.2362442,
2589,103.9565887,2114.762939,87.23652649,
2588,103.9828568,2113.095947,87.23404694,
2587,103.9781113,2111.428955,87.22835541,
2586,103.9886627,2109.761963,87.23348236,
2585,104.0102997,2108.094971,87.22250366,
2584,104.0270691,2106.427979,87.21575928,
2583,104.0325623,2104.760986,87.21672058,
2582,104.0689087,2103.093994,87.22089386,
2581,104.0819016,2101.427002,87.21889496,
2580,104.1490784,2099.76001,87.22020721,
2579,104.2391434,2098.093018,87.21858978,
2578,104.1875992,2096.426025,87.22153473,
2577,104.2653656,2094.759033,87.21622467,
2576,104.2971039,2093.092041,87.21212769,
2575,104.3227997,2091.425049,87.20610046,
2574,104.4898148,2089.758057,87.20172119,
2573,104.5227737,2088.091064,87.1922226,
2572,104.5554428,2086.424072,87.19684601,
2571,104.6220169,2084.75708,87.18383789,
2570,104.5308456,2083.089844,87.19519806,
2569,104.519249,2081.422852,87.20081329,
2568,104.5000916,2079.755859,87.190979,
2567,104.3889008,2078.088867,87.19554901,
2566,104.396759,2076.421875,87.19595337,
2565,104.3951874,2074.754883,87.19275665,
2564,104.3770447,2073.087891,87.18346405,
2563,104.423645,2071.420898,87.18527222,
2562,104.4586411,2069.753906,87.19077301,
2561,104.4407501,2068.086914,87.17687988,
2560,104.4005737,2066.419922,87.1685791,
2559,104.4223557,2064.75293,87.17401886,
2558,104.4033737,2063.085938,87.17113495,
2557,104.4791946,2061.418945,87.16924286,
2556,104.6127319,2059.751953,87.16326904,
2555,104.5954132,2058.084961,87.16802216,
2554,104.705719,2056.417969,87.16965485,
2553,104.7452927,2054.750977,87.16719818,
2552,104.7713623,2053.083984,87.16004181,
2551,104.8889008,2051.416992,87.17030334,
2550,104.8536987,2049.75,87.16168976,
2549,104.9051514,2048.083008,87.15844727,
2548,104.9572678,2046.416016,87.1591568,
2547,104.873848,2044.748901,87.1541214,
2546,104.8912048,2043.081909,87.15127563,
2545,104.8800583,2041.414917,87.14899445,
2544,104.82547,2039.747925,87.14915466,
2543,104.8493347,2038.080933,87.14019012,
2542,104.8261261,2036.41394,87.13536835,
2541,104.8343887,2034.746948,87.13381958,
2540,104.8402634,2033.079956,87.13798523,
2539,104.8189621,2031.412964,87.13510132,
2538,104.8097153,2029.745972,87.13012695,
2537,104.7666931,2028.078979,87.12636566,
2536,104.7495728,2026.411987,87.12804413,
2535,104.7406082,2024.744995,87.12513733,
2534,104.7366638,2023.078003,87.12463379,
2533,104.7373428,2021.411011,87.10965729,
2532,104.7317963,2019.743896,87.1198349,
2531,104.7420883,2018.076904,87.1173172,
2530,104.7109222,2016.409912,87.11375427,
2529,104.7099838,2014.74292,87.10610199,
2528,104.7594757,2013.075928,87.10595703,
2527,104.7473068,2011.408936,87.10838318,
2526,104.8354263,2009.741943,87.10073853,
2525,104.9008713,2008.074951,87.1058197,
2524,104.869751,2006.407959,87.0930481,
2523,104.9513016,2004.740967,87.09671783,
2522,104.9203033,2003.073975,87.0977478,
2521,104.89814,2001.406982,87.08919525,
2520,104.9491196,1999.73999,87.09387207,
2519,104.8855896,1998.072998,87.09663391,
2518,104.9258347,1996.406006,87.08509064,
2517,104.9149475,1994.739014,87.08901215,
2516,104.8443069,1993.071899,87.08588409,
2515,104.9221497,1991.404907,87.07989502,
2514,104.8419037,1989.737915,87.08408356,
2513,104.8684235,1988.070923,87.08553314,
2512,104.9538956,1986.403931,87.07555389,
2511,104.8786011,1984.736938,87.07317352,
2510,104.9615173,1983.069946,87.0799408,
2509,104.9584503,1981.402954,87.07406616,
2508,104.9213257,1979.735962,87.07331085,
2507,105.0052032,1978.06897,87.06578064,
2506,104.9445648,1976.401978,87.05554962,
2505,105.0111618,1974.734985,87.06483459,
2504,105.0282745,1973.067993,87.06441498,
2503,104.9601593,1971.401001,87.06097412,
2502,105.0723114,1969.734009,87.05293274,
2501,105.0145111,1968.067017,87.05435181,
2500,105.0337219,1966.399902,87.05095673,
2499,105.1195602,1964.73291,87.05380249,
2498,105.0329895,1963.065918,87.04862976,
2497,105.0937042,1961.398926,87.0467453,
2496,105.0906296,1959.731934,87.04393005,
2495,105.0596466,1958.064941,87.04191589,
2494,105.1120605,1956.397949,87.04296112,
2493,105.0353088,1954.730957,87.04351807,
2492,105.0872421,1953.063965,87.03580475,
2491,105.0964813,1951.396973,87.04225159,
2490,105.0355759,1949.72998,87.03056335,
2489,105.1475677,1948.062988,87.03492737,
2488,105.0901413,1946.395996,87.0300293,
2487,105.088829,1944.729004,87.02418518,
2486,105.1371078,1943.062012,87.01338959,
2485,105.0840378,1941.394897,87.02024078,
2484,105.1375961,1939.727905,87.01459503,
2483,105.09198,1938.060913,87.00757599,
2482,105.1042709,1936.393921,87.0149765,
2481,105.1317444,1934.726929,87.01483917,
2480,105.0661545,1933.059937,87.00386047,
2479,105.1400146,1931.392944,86.99267578,
2478,105.1355362,1929.725952,87.0007782,
2477,105.1294098,1928.05896,86.99641418,
2476,105.1931152,1926.391968,87.01441193,
2475,105.1520615,1924.724976,86.99859619,
2474,105.1815033,1923.057983,86.98370361,
2473,105.1907043,1921.390991,86.97892761,
2472,105.178772,1919.723999,86.98062897,
2471,105.211319,1918.057007,86.99636078,
2470,105.161499,1916.390015,86.99411011,
2469,105.2025452,1914.7229,86.98203278,
2468,105.2006683,1913.055908,86.96942902,
2467,105.196106,1911.388916,86.97879791,
2466,105.242775,1909.721924,86.98188019,
2465,105.2063217,1908.054932,86.97458649,
2464,105.2238083,1906.387939,86.96082306,
2463,105.2342682,1904.720947,86.97018433,
2462,105.2341919,1903.053955,86.96392822,
2461,105.2145615,1901.386963,86.96908569,
2460,105.2191162,1899.719971,86.96382904,
2459,105.2340164,1898.052979,86.97011566,
2458,105.2275085,1896.385986,86.97467804,
2457,105.2442703,1894.718994,86.96417236,
2456,105.2683563,1893.052002,86.94548798,
2455,105.2702332,1891.38501,86.96017456,
2454,105.2745819,1889.717896,86.95531464,
2453,105.2972641,1888.050903,86.95471954,
2452,105.2932892,1886.383911,86.95245361,
2451,105.2798538,1884.716919,86.943573,
2450,105.2935104,1883.049927,86.94190216,
2449,105.286232,1881.382935,86.93819427,
2448,105.2761917,1879.715942,86.93319702,
2447,105.2933426,1878.04895,86.92442322,
2446,105.2828827,1876.381958,86.91632843,
2445,105.2993393,1874.714966,86.92723846,
2444,105.2996902,1873.047974,86.91602325,
2443,105.3258057,1871.380981,86.91753387,
2442,105.3346863,1869.713989,86.92369843,
2441,105.3151474,1868.046997,86.93235779,
2440,105.3627701,1866.380005,86.94384003,
2439,105.3250427,1864.713013,86.93421173,
2438,105.3534622,1863.045898,86.91919708,
2437,105.3492279,1861.378906,86.92045593,
2436,105.3323288,1859.711914,86.90188599,
2435,105.3652878,1858.044922,86.90573883,
2434,105.3383255,1856.37793,86.89913177,
2433,105.3806686,1854.710938,86.90377808,
2432,105.3601761,1853.043945,86.89958191,
2431,105.3674316,1851.376953,86.9045639,
2430,105.424057,1849.709961,86.88549042,
2429,105.3533401,1848.042969,86.87722778,
2428,105.4104767,1846.375977,86.88692474,
2427,105.385231,1844.708984,86.89909363,
2426,105.3762283,1843.041992,86.89485168,
2425,105.4236526,1841.375,86.87525177,
2424,105.3681259,1839.708008,86.87260437,
2423,105.4444656,1838.040894,86.87117004,
2422,105.4038544,1836.373901,86.87494659,
2421,105.4350891,1834.706909,86.87580872,
2420,105.4606171,1833.039917,86.87535858,
2419,105.4156876,1831.372925,86.86685181,
2418,105.4681549,1829.705933,86.85632324,
2417,105.3997879,1828.03894,86.86540222,
2416,105.442215,1826.371948,86.87295532,
2415,105.4237213,1824.704956,86.86632538,
2414,105.4033737,1823.037964,86.84513855,
2413,105.4658203,1821.370972,86.84124756,
2412,105.4089203,1819.703979,86.84783173,
2411,105.4942627,1818.036987,86.86194611,
2410,105.4722061,1816.369995,86.85160065,
2409,105.4613342,1814.703003,86.83911896,
2408,105.5285492,1813.036011,86.84083557,
2407,105.4357758,1811.368896,86.83881378,
2406,105.5156097,1809.701904,86.84395599,
2405,105.4512634,1808.034912,86.83265686,
2404,105.4716797,1806.36792,86.82764435,
2403,105.5028687,1804.700928,86.82917786,
2402,105.4554138,1803.033936,86.82659149,
2401,105.5367432,1801.366943,86.82685852,
2400,105.4643021,1799.699951,86.8212204,
2399,105.5439148,1798.032959,86.82542419,
2398,105.525383,1796.365967,86.81385803,
2397,105.5028687,1794.698975,86.81121826,
2396,105.5503159,1793.031982,86.80462646,
2395,105.4616241,1791.36499,86.80109406,
2394,105.5493317,1789.697998,86.80181885,
2393,105.4857864,1788.031006,86.80239868,
2392,105.5241852,1786.363892,86.8013382,
2391,105.5409546,1784.696899,86.79866028,
2390,105.506752,1783.029907,86.7999115,
2389,105.5911331,1781.362915,86.79253387,
2388,105.5129395,1779.695923,86.78833008,
2387,105.5946808,1778.028931,86.78958893,
2386,105.5309296,1776.361938,86.78013611,
2385,105.5467834,1774.694946,86.77958679,
2384,105.5692215,1773.027954,86.77772522,
2383,105.5123901,1771.360962,86.77880096,
2382,105.5846786,1769.69397,86.77249908,
2381,105.5119629,1768.026978,86.77478027,
2380,105.593071,1766.359985,86.77275085,
2379,105.5501785,1764.692993,86.76649475,
2378,105.58815,1763.026001,86.76445007,
2377,105.5886765,1761.359009,86.76184082,
2376,105.5575256,1759.691895,86.76784515,
2375,105.6069717,1758.024902,86.76063538,
2374,105.5338974,1756.35791,86.75694275,
2373,105.6085968,1754.690918,86.75409698,
2372,105.5410767,1753.023926,86.74948883,
2371,105.5895233,1751.356934,86.74869537,
2370,105.5901489,1749.689941,86.7492981,
2369,105.5533981,1748.022949,86.74839783,
2368,105.631279,1746.355957,86.73879242,
2367,105.5594177,1744.688965,86.74563599,
2366,105.622673,1743.021973,86.74259949,
2365,105.5636902,1741.35498,86.73154449,
2364,105.5991211,1739.687988,86.72836304,
2363,105.5800552,1738.020996,86.74080658,
2362,105.5505524,1736.354004,86.72663879,
2361,105.6192169,1734.68689,86.72701263,
2360,105.5381088,1733.019897,86.72996521,
2359,105.6287766,1731.352905,86.7226181,
2358,105.5706635,1729.685913,86.71925354,
2357,105.6143494,1728.018921,86.71756744,
2356,105.6041718,1726.351929,86.72173309,
2355,105.5848007,1724.684937,86.71958923,
2354,105.6062851,1723.017944,86.71517944,
2353,105.5463333,1721.350952,86.71107483,
2352,105.6110764,1719.68396,86.70789337,
2351,105.5424118,1718.016968,86.70739746,
2350,105.6038742,1716.349976,86.70326233,
2349,105.5747375,1714.682983,86.69671631,
2348,105.5784454,1713.015991,86.69934082,
2347,105.6075897,1711.348999,86.69647217,
2346,105.5631409,1709.682007,86.68735504,
2345,105.6065903,1708.014893,86.68491364,
2344,105.5405273,1706.3479,86.68399811,
2343,105.5917587,1704.680908,86.68125916,
2342,105.5232849,1703.013916,86.6741333,
2341,105.5538864,1701.346924,86.6747818,
2340,105.5493622,1699.679932,86.66919708,
2339,105.5261154,1698.012939,86.67021179,
2338,105.5830994,1696.345947,86.67084503,
2337,105.5166702,1694.678955,86.66616821,
2336,105.5731812,1693.011963,86.66454315,
2335,105.5038834,1691.344971,86.66130066,
2334,105.5407867,1689.677979,86.65641785,
2333,105.4964752,1688.010986,86.65996552,
2332,105.508255,1686.343994,86.65049744,
2331,105.4962387,1684.677002,86.64820862,
2330,105.4610748,1683.009888,86.64457703,
2329,105.5178299,1681.342896,86.64411926,
2328,105.4474335,1679.675903,86.63819885,
2327,105.5144882,1678.008911,86.6385498,
2326,105.4482574,1676.341919,86.6348114,
2325,105.4791107,1674.674927,86.63224792,
2324,105.4456253,1673.007935,86.63220215,
2323,105.4350128,1671.340942,86.62552643,
2322,105.4502258,1669.67395,86.62866974,
2321,105.3867111,1668.006958,86.61850739,
2320,105.4497986,1666.339966,86.62397766,
2319,105.3526306,1664.672974,86.61871338,
2318,105.43116,1663.005981,86.61522675,
2317,105.3608856,1661.338989,86.61023712,
2316,105.3990707,1659.671997,86.60518646,
2315,105.3536911,1658.005005,86.59908295,
2314,105.35009,1656.337891,86.59934235,
2313,105.341217,1654.670898,86.6015625,
2312,105.2950897,1653.003906,86.59497833,
2311,105.3247833,1651.336914,86.59418488,
2310,105.2478104,1649.669922,86.59474945,
2309,105.3010712,1648.00293,86.58940887,
2308,105.2343979,1646.335938,86.58301544,
2307,105.2619019,1644.668945,86.57789612,
2306,105.2127686,1643.001953,86.58313751,
2305,105.2095795,1641.334961,86.57794952,
2304,105.1866989,1639.667969,86.57891083,
2303,105.1399689,1638.000977,86.57611847,
2302,105.1548843,1636.333984,86.57053375,
2301,105.0965576,1634.666992,86.56008911,
2300,105.0885315,1633,86.56369781,
2299,105.0602417,1631.332886,86.55670166,
2298,105.0404282,1629.665894,86.55879211,
2297,105.0116272,1627.998901,86.55010986,
2296,104.9909744,1626.331909,86.54833221,
2295,104.9583435,1624.664917,86.54716492,
2294,104.9207306,1622.997925,86.54786682,
2293,104.8987045,1621.330933,86.53421021,
2292,104.8473816,1619.66394,86.53781128,
2291,104.821991,1617.996948,86.53429413,
2290,104.7951126,1616.329956,86.53052521,
2289,104.7337189,1614.662964,86.52254486,
2288,104.7466431,1612.995972,86.52063751,
2287,104.6641922,1611.328979,86.52136993,
2286,104.6622314,1609.661987,86.52050018,
2285,104.6008682,1607.994995,86.51043701,
2284,104.5736694,1606.328003,86.50749207,
2283,104.5023575,1604.660889,86.50845337,
2282,104.4973755,1602.993896,86.51625824,
2281,104.4231262,1601.326904,86.50200653,
2280,104.3926697,1599.659912,86.49732208,
2279,104.3544922,1597.99292,86.49686432,
2278,104.2790527,1596.325928,86.49417114,
2277,104.2648087,1594.658936,86.49267578,
2276,104.1905899,1592.991943,86.48805237,
2275,104.1669388,1591.324951,86.48049164,
2274,104.104805,1589.657959,86.47302246,
2273,104.063179,1587.990967,86.47449493,
2272,103.9933167,1586.323975,86.47517395,
2271,103.9575195,1584.656982,86.46897125,
2270,103.8980331,1582.98999,86.46704102,
2269,103.8643494,1581.322998,86.45926666,
2268,103.8200226,1579.655884,86.45977783,
2267,103.7837982,1577.988892,86.45781708,
2266,103.78759,1576.321899,86.45388794,
2265,103.7804947,1574.654907,86.44410706,
2264,103.7889709,1572.987915,86.44775391,
2263,103.8017426,1571.320923,86.43768311,
2262,103.8075104,1569.653931,86.43821716,
2261,103.8433533,1567.986938,86.4416275,
2260,103.8718491,1566.319946,86.43339539,
2259,103.9037094,1564.652954,86.43039703,
2258,103.9552689,1562.985962,86.4240036,
2257,103.9816513,1561.31897,86.41741943,
2256,104.0246506,1559.651978,86.41920471,
2255,104.0456619,1557.984985,86.41423035,
2254,104.0897141,1556.317993,86.40606689,
2253,104.0911331,1554.651001,86.40595245,
2252,104.1370392,1552.983887,86.40187073,
2251,104.1473007,1551.316895,86.39824677,
2250,104.1820679,1549.649902,86.3943634,
2249,104.1973495,1547.98291,86.39350891,
2248,104.2121506,1546.315918,86.39372253,
2247,104.2429962,1544.648926,86.38383484,
2246,104.2408905,1542.981934,86.37561035,
2245,104.2627335,1541.314941,86.38249207,
2244,104.2734299,1539.647949,86.3717041,
2243,104.2884216,1537.980957,86.37218475,
2242,104.2908936,1536.313965,86.37155914,
2241,104.3339233,1534.646973,86.36683655,
2240,104.3055267,1532.97998,86.36605835,
2239,104.3644638,1531.312988,86.3584671,
2238,104.33564,1529.645996,86.36206055,
2237,104.375885,1527.978882,86.35417938,
2236,104.366745,1526.31189,86.34619141,
2235,104.4008102,1524.644897,86.34492493,
2234,104.3849106,1522.977905,86.34175873,
2233,104.4215317,1521.310913,86.3334198,
2232,104.3972931,1519.643921,86.33036041,
2231,104.4334641,1517.976929,86.32763672,
2230,104.4329147,1516.309937,86.33063507,
2229,104.4478531,1514.642944,86.32144165,
2228,104.4648895,1512.975952,86.31990051,
2227,104.4707184,1511.30896,86.32362366,
2226,104.4727097,1509.641968,86.30712891,
2225,104.4871445,1507.974976,86.30763245,
2224,104.4882813,1506.307983,86.30966187,
2223,104.5039291,1504.640991,86.29914856,
2222,104.5227661,1502.973999,86.29155731,
2221,104.5157089,1501.306885,86.29380798,
2220,104.545929,1499.639893,86.28981781,
2219,104.5425186,1497.9729,86.27971649,
2218,104.5641098,1496.305908,86.28688812,
2217,104.5573578,1494.638916,86.27744293,
2216,104.5709152,1492.971924,86.2726593,
2215,104.5697479,1491.304932,86.26278687,
2214,104.5965652,1489.637939,86.26825714,
2213,104.5811386,1487.970947,86.26084137,
2212,104.6175156,1486.303955,86.25366211,
2211,104.6006546,1484.636963,86.24530792,
2210,104.6300507,1482.969971,86.25556183,
2209,104.625,1481.302979,86.23593903,
2208,104.6254272,1479.635986,86.24064636,
2207,104.6355743,1477.968994,86.23828125,
2206,104.6364517,1476.30188,86.23294067,
2205,104.6298981,1474.634888,86.22762299,
2204,104.6585312,1472.967896,86.22126007,
2203,104.6435928,1471.300903,86.22249603,
2202,104.6633224,1469.633911,86.22122955,
2201,104.6581116,1467.966919,86.21225739,
2200,104.6635132,1466.299927,86.20274353,
2199,104.6639099,1464.632935,86.20639801,
2198,104.6581116,1462.965942,86.20601654,
2197,104.6577301,1461.29895,86.20121765,
2196,104.6594009,1459.631958,86.19286346,
2195,104.6481705,1457.964966,86.19070435,
2194,104.6491241,1456.297974,86.19437408,
2193,104.6388016,1454.630981,86.18009186,
2192,104.6264038,1452.963989,86.17394257,
2191,104.6095505,1451.296997,86.16862488,
2190,104.5860901,1449.629883,86.16965485,
2189,104.5677414,1447.962891,86.16397858,
2188,104.5497513,1446.295898,86.15601349,
2187,104.5189743,1444.628906,86.14665222,
2186,104.5166931,1442.961914,86.15027618,
2185,104.4527664,1441.294922,86.15590668,
2184,104.4342651,1439.62793,86.1565094,
2183,104.3656235,1437.960938,86.13743591,
2182,104.3369141,1436.293945,86.13775635,
2181,104.2795639,1434.626953,86.13872528,
2180,104.2454987,1432.959961,86.12623596,
2179,104.1760712,1431.292969,86.10778046,
2178,104.1684113,1429.625977,86.11904144,
2177,104.1102066,1427.958984,86.11792755,
2176,104.1168213,1426.291992,86.11373138,
2175,104.0867767,1424.624878,86.10505676,
2174,104.1038742,1422.957886,86.10482788,
2173,104.0849533,1421.290894,86.09432983,
2172,104.0924301,1419.623901,86.09147644,
2171,104.0944214,1417.956909,86.08804321,
2170,104.0862198,1416.289917,86.09675598,
2169,104.0731277,1414.622925,86.07874298,
2168,104.0844574,1412.955933,86.08660126,
2167,104.0628815,1411.28894,86.07881927,
2166,104.0775909,1409.621948,86.0532608,
2165,104.0627365,1407.954956,86.05633545,
2164,104.0654907,1406.287964,86.04268646,
2163,104.0628586,1404.620972,86.04734039,
2162,104.03936,1402.953979,86.05186462,
2161,104.0611267,1401.286987,86.03357697,
2160,104.0474777,1399.619995,86.04177094,
2159,104.0474396,1397.952881,86.05013275,
2158,104.0320053,1396.285889,86.01534271,
2157,104.0380249,1394.618896,86.01659393,
2156,104.0333862,1392.951904,86.03166962,
2155,104.0394897,1391.284912,86.02439117,
2154,104.0196915,1389.61792,86.01258087,
2153,104.0374985,1387.950928,86.00547791,
2152,104.0072327,1386.283936,85.99777222,
2151,104.0310593,1384.616943,85.98938751,
2150,104.0092316,1382.949951,85.98636627,
2149,104.0225525,1381.282959,85.99430084,
2148,104.0092697,1379.615967,86.0207901,
2147,104.00914,1377.948975,86.02479553,
2146,104.001297,1376.281982,85.99085236,
2145,104.0096436,1374.61499,85.97952271,
2144,103.9911728,1372.947876,85.9606781,
2143,104.0053101,1371.280884,85.94631958,
2142,103.9813385,1369.613892,85.95705414,
2141,103.9980621,1367.946899,85.95663452,
2140,103.9855728,1366.279907,85.9473114,
2139,103.9930573,1364.612915,85.93930817,
2138,103.9862976,1362.945923,85.93729401,
2137,103.9805908,1361.278931,85.93054199,
2136,103.9837952,1359.611938,85.95545959,
2135,103.9723511,1357.944946,85.95103455,
2134,103.9824524,1356.277954,85.93021393,
2133,103.9615021,1354.610962,85.92485046,
2132,103.970314,1352.94397,85.93556976,
2131,103.9655685,1351.276978,85.92925262,
2130,103.9726715,1349.609985,85.91567993,
2129,103.967453,1347.942993,85.90601349,
2128,103.9736176,1346.275879,85.89915466,
2127,103.9513245,1344.608887,85.89633179,
2126,103.972374,1342.941895,85.88756561,
2125,103.9391632,1341.274902,85.87403107,
2124,103.9715424,1339.60791,85.87191772,
2123,103.9461517,1337.940918,85.87329865,
2122,103.9548035,1336.273926,85.87226105,
2121,103.9514694,1334.606934,85.86056519,
2120,103.9386139,1332.939941,85.86333466,
2119,103.9527283,1331.272949,85.8553772,
2118,103.9279099,1329.605957,85.8600769,
2117,103.9550629,1327.938965,85.84732056,
2116,103.9374847,1326.271973,85.83805847,
2115,103.9429779,1324.60498,85.83784485,
2114,103.9335632,1322.937988,85.83276367,
2113,103.9373779,1321.270874,85.82685852,
2112,103.9346466,1319.603882,85.82369995,
2111,103.9328461,1317.93689,85.81415558,
2110,103.9227982,1316.269897,85.80871582,
2109,103.9297485,1314.602905,85.80067444,
2108,103.9180069,1312.935913,85.80171204,
2107,103.9274445,1311.268921,85.78762817,
2106,103.9231796,1309.601929,85.78470612,
2105,103.9252319,1307.934937,85.78264618,
2104,103.9203873,1306.267944,85.76612854,
2103,103.9108658,1304.600952,85.75519562,
2102,103.9162903,1302.93396,85.76663971,
2101,103.8983002,1301.266968,85.76567078,
2100,103.9128799,1299.599976,85.75519562,
2099,103.8978119,1297.932983,85.74936676,
2098,103.9111481,1296.265991,85.75009155,
2097,103.8977051,1294.598877,85.74022675,
2096,103.8970261,1292.931885,85.73079681,
2095,103.8995895,1291.264893,85.73543549,
2094,103.8819275,1289.5979,85.73530579,
2093,103.8965454,1287.930908,85.72792816,
2092,103.8800964,1286.263916,85.71832275,
2091,103.8961029,1284.596924,85.71704102,
2090,103.8798599,1282.929932,85.71040344,
2089,103.8865814,1281.262939,85.69908905,
2088,103.8890228,1279.595947,85.68893433,
2087,103.8763199,1277.928955,85.69334412,
2086,103.8856735,1276.261963,85.6941452,
2085,103.8741684,1274.594971,85.69802094,
2084,103.8816452,1272.927979,85.6772995,
2083,103.8745041,1271.260986,85.66620636,
2082,103.8803253,1269.593872,85.66790771,
2081,103.8684616,1267.92688,85.65739441,
2080,103.8752823,1266.259888,85.65104675,
2079,103.8722153,1264.592896,85.64091492,
2078,103.8595047,1262.925903,85.64516449,
2077,103.8749695,1261.258911,85.63247681,
2076,103.8647156,1259.591919,85.63079834,
2075,103.8708191,1257.924927,85.61819458,
2074,103.8570251,1256.257935,85.62384796,
2073,103.8701859,1254.590942,85.618927,
2072,103.8705368,1252.92395,85.61156464,
2071,103.8673859,1251.256958,85.60144806,
2070,103.8634567,1249.589966,85.59358978,
2069,103.8627625,1247.922974,85.58877563,
2068,103.861824,1246.255981,85.59589386,
2067,103.8629761,1244.588989,85.5815506,
2066,103.8593903,1242.921875,85.56938171,
2065,103.8628693,1241.254883,85.56731415,
2064,103.8601532,1239.587891,85.56108093,
2063,103.8566971,1237.920898,85.55383301,
2062,103.8646545,1236.253906,85.54521942,
2061,103.8553848,1234.586914,85.53855896,
2060,103.8643036,1232.919922,85.53755951,
2059,103.8536911,1231.25293,85.52773285,
2058,103.8620453,1229.585938,85.52019501,
2057,103.8611755,1227.918945,85.51757813,
2056,103.8512115,1226.251953,85.52029419,
2055,103.8599701,1224.584961,85.50585175,
2054,103.84729,1222.917969,85.49966431,
2053,103.8623123,1221.250977,85.50051117,
2052,103.8489075,1219.583984,85.50058746,
2051,103.8548431,1217.91687,85.4822464,
2050,103.8525925,1216.249878,85.47173309,
2049,103.8548203,1214.582886,85.4787674,
2048,103.8533173,1212.915894,85.46134186,
2047,103.8555603,1211.248901,85.45560455,
2046,103.8493042,1209.581909,85.44979095,
2045,103.858757,1207.914917,85.44463348,
2044,103.8498383,1206.247925,85.4330368,
2043,103.8534851,1204.580933,85.42978668,
2042,103.8455276,1202.91394,85.41881561,
2041,103.8544388,1201.246948,85.41586304,
2040,103.847084,1199.579956,85.42048645,
2039,103.8512268,1197.912964,85.37815857,
2038,103.8501282,1196.245972,85.37522888,
2037,103.8444672,1194.578979,85.37857819,
2036,103.8523941,1192.911987,85.36743164,
2035,103.843605,1191.244873,85.371521,
2034,103.8624268,1189.577881,85.3584137,
2033,103.8512497,1187.910889,85.347229,
2032,103.8530579,1186.243896,85.34109497,
2031,103.8579712,1184.576904,85.33318329,
2030,103.8489075,1182.909912,85.32198334,
2029,103.8638687,1181.24292,85.31513977,
2028,103.8554306,1179.575928,85.31142426,
2027,103.8588562,1177.908936,85.29863739,
2026,103.8593292,1176.241943,85.29651642,
2025,103.8574448,1174.574951,85.28843689,
2024,103.866539,1172.907959,85.275177,
2023,103.8579712,1171.240967,85.27220917,
2022,103.8711395,1169.573975,85.26163483,
2021,103.8626938,1167.906982,85.24378204,
2020,103.8629379,1166.23999,85.24523926,
2019,103.8674011,1164.572876,85.22816467,
2018,103.8698044,1162.905884,85.22688293,
2017,103.8730469,1161.238892,85.21730042,
2016,103.8712387,1159.571899,85.21024323,
2015,103.8720474,1157.904907,85.19864655,
2014,103.8828583,1156.237915,85.18544769,
2013,103.8682556,1154.570923,85.18553162,
2012,103.8820877,1152.903931,85.16699982,
2011,103.8745499,1151.236938,85.16123962,
2010,103.8859024,1149.569946,85.1548996,
2009,103.8871078,1147.902954,85.14076233,
2008,103.8790359,1146.235962,85.1346817,
2007,103.89048,1144.56897,85.12809753,
2006,103.8821716,1142.901978,85.11219788,
2005,103.8899155,1141.234985,85.11175537,
2004,103.8798676,1139.567871,85.0979538,
2003,103.8965378,1137.900879,85.08592224,
2002,103.8969879,1136.233887,85.07840729,
2001,103.9009476,1134.566895,85.05833435,
2000,103.8983612,1132.899902,85.06045532,
1999,103.8698578,1131.23291,85.04863739,
1998,103.8681259,1129.565918,85.03411865,
1997,103.8974304,1127.898926,85.01857758,
1996,103.8977051,1126.231934,85.00579834,
1995,103.9062729,1124.564941,85.00198364,
1994,103.8974915,1122.897949,84.9921875,
1993,103.900444,1121.230957,84.97583008,
1992,103.9171219,1119.563965,84.97489929,
1991,103.9020157,1117.896973,84.96759033,
1990,103.9090042,1116.22998,84.94924927,
1989,103.9138947,1114.562988,84.94115448,
1988,103.9166412,1112.895874,84.93208313,
1987,103.9179001,1111.228882,84.91886902,
1986,103.9251709,1109.56189,84.89870453,
1985,103.9268265,1107.894897,84.8862915,
1984,103.9347153,1106.227905,84.87451935,
1983,103.9179306,1104.560913,84.85547638,
1982,103.937706,1102.893921,84.84736633,
1981,103.9339294,1101.226929,84.83737183,
1980,103.9361115,1099.559937,84.82660675,
1979,103.9434052,1097.892944,84.80738068,
1978,103.9462662,1096.225952,84.8015213,
1977,103.9528046,1094.55896,84.77799225,
1976,103.9442444,1092.891968,84.77057648,
1975,103.9547806,1091.224976,84.75159454,
1974,103.9485931,1089.557983,84.7424469,
1973,103.9575958,1087.890869,84.72518921,
1972,103.952774,1086.223877,84.70737457,
1971,103.970047,1084.556885,84.69976044,
1970,103.968277,1082.889893,84.68643951,
1969,103.9807663,1081.2229,84.66288757,
1968,103.9675751,1079.555908,84.65343475,
1967,103.9823303,1077.888916,84.64289856,
1966,103.983223,1076.221924,84.61977386,
1965,103.978302,1074.554932,84.60784149,
1964,103.9794769,1072.887939,84.59100342,
1963,103.9907837,1071.220947,84.57779694,
1962,103.9906998,1069.553955,84.56472015,
1961,104.0086899,1067.886963,84.54611969,
1960,103.9999008,1066.219971,84.52959442,
1959,104.0061951,1064.552979,84.51191711,
1958,104.0109482,1062.885986,84.49659729,
1957,104.0165329,1061.218872,84.48246765,
1956,104.0181122,1059.55188,84.46508789,
1955,104.0245285,1057.884888,84.44867706,
1954,104.0338058,1056.217896,84.43253326,
1953,104.0413589,1054.550903,84.41419983,
1952,104.0405045,1052.883911,84.39334869,
1951,104.0483017,1051.216919,84.37689972,
1950,104.0561447,1049.549927,84.35897064,
1949,104.047226,1047.882935,84.33656311,
1948,104.0446014,1046.215942,84.32553101,
1947,104.0486603,1044.54895,84.30245209,
1946,104.0518188,1042.881958,84.28187561,
1945,104.0578156,1041.214966,84.2674942,
1944,104.049263,1039.547974,84.25135803,
1943,104.0706253,1037.880981,84.23264313,
1942,104.0643692,1036.213867,84.2070694,
1941,104.0735855,1034.546875,84.18611145,
1940,104.0842667,1032.879883,84.16225433,
1939,104.1018829,1031.212891,84.14169312,
1938,104.1065674,1029.545898,84.12534332,
1937,104.1113892,1027.878906,84.11029816,
1936,104.1289673,1026.211914,84.07814789,
1935,104.126358,1024.544922,84.05902863,
1934,104.1319885,1022.87793,84.02680969,
1933,104.132019,1021.210938,84.02072144,
1932,104.1224594,1019.543945,83.99365234,
1931,104.1346054,1017.876953,83.96961212,
1930,104.1449203,1016.2099,83.94213104,
1929,104.1534653,1014.542908,83.91933441,
1928,104.1725845,1012.875916,83.89637756,
1927,104.1715622,1011.208923,83.87333679,
1926,104.1731567,1009.541931,83.84560394,
1925,104.179039,1007.874939,83.82682037,
1924,104.1833267,1006.207947,83.79316711,
1923,104.1928635,1004.540894,83.76741791,
1922,104.1801682,1002.873901,83.74541473,
1921,104.1873322,1001.206909,83.71889496,
1920,104.1827774,999.539917,83.6940918,
1919,104.1787643,997.8729248,83.66816711,
1918,104.2023087,996.2059326,83.63853455,
1917,104.2120132,994.5389404,83.61507416,
1916,104.2086639,992.8719482,83.58917999,
1915,104.2271576,991.204895,83.55607605,
1914,104.2240753,989.5379028,83.53372192,
1913,104.2220383,987.8709106,83.49668121,
1912,104.2360992,986.2039185,83.47132111,
1911,104.241272,984.5369263,83.44715118,
1910,104.2409286,982.8699341,83.41387177,
1909,104.27742,981.2029419,83.38350677,
1908,104.2875671,979.5359497,83.35179138,
1907,104.3014069,977.8688965,83.32057953,
1906,104.3023376,976.2019043,83.29602814,
1905,104.3240814,974.5349121,83.26341248,
1904,104.3321152,972.8679199,83.22823334,
1903,104.3429413,971.2009277,83.19126129,
1902,104.3413391,969.5339355,83.16313934,
1901,104.3474579,967.8669434,83.13287354,
1900,104.3388824,966.1999512,83.09938049,
1899,104.3299713,964.5328979,83.06087494,
1898,104.3404083,962.8659058,83.01866913,
1897,104.3573608,961.1989136,82.99153137,
1896,104.3553085,959.5319214,82.95344543,
1895,104.3831024,957.8649292,82.91920471,
1894,104.3965912,956.197937,82.88093567,
1893,104.3943176,954.5309448,82.83816528,
1892,104.3774338,952.8638916,82.80908203,
1891,104.392662,951.1968994,82.76425171,
1890,104.398201,949.5299072,82.72441864,
1889,104.4152527,947.862915,82.69986725,
1888,104.4299393,946.1959229,82.65491486,
1887,104.4451752,944.5289307,82.61230469,
1886,104.4321518,942.8619385,82.57691193,
1885,104.4528122,941.1949463,82.53297424,
1884,104.4417725,939.5278931,82.49008179,
1883,104.4386749,937.8609009,82.45145416,
1882,104.4653549,936.1939087,82.40707397,
1881,104.4910812,934.5269165,82.36525726,
1880,104.4947128,932.8599243,82.32469177,
1879,104.5048828,931.1929321,82.27210236,
1878,104.5271912,929.5259399,82.23630524,
1877,104.5418396,927.8589478,82.1865921,
1876,104.5526505,926.1918945,82.14352417,
1875,104.5416946,924.5249023,82.09541321,
1874,104.5672913,922.8579102,82.05143738,
1873,104.5393829,921.190918,82.0003891,
1872,104.5454636,919.5239258,81.95136261,
1871,104.5752411,917.8569336,81.90072632,
1870,104.5632858,916.1899414,81.85391235,
1869,104.5800705,914.5229492,81.80496979,
1868,104.599884,912.855896,81.75566864,
1867,104.5934525,911.1889038,81.69991302,
1866,104.6059113,909.5219116,81.65047455,
1865,104.6250229,907.8549194,81.59564972,
1864,104.6278992,906.1879272,81.52413177,
1863,104.6424637,904.5209351,81.47306061,
1862,104.6656494,902.8539429,81.4205246,
1861,104.6702118,901.1869507,81.37068939,
1860,104.6809998,899.5198975,81.30605316,
1859,104.6920395,897.8529053,81.24729156,
1858,104.6990738,896.1859131,81.18799591,
1857,104.7064896,894.5189209,81.13087463,
1856,104.7191772,892.8519287,81.06890106,
1855,104.7476196,891.1849365,81.00862122,
1854,104.7518768,889.5179443,80.9432373,
1853,104.7684631,887.8508911,80.87535095,
1852,104.7652512,886.1838989,80.81471252,
1851,104.7593384,884.5169067,80.7495575,
1850,104.7641296,882.8499146,80.68525696,
1849,104.7637711,881.1829224,80.61444855,
1848,104.7644348,879.5159302,80.54995728,
1847,104.7662735,877.848938,80.47625732,
1846,104.7822342,876.1819458,80.4121933,
1845,104.8045731,874.5148926,80.34329224,
1844,104.8269653,872.8479004,80.27690125,
1843,104.844986,871.1809082,80.19097137,
1842,104.8563843,869.513916,80.12913513,
1841,104.8581848,867.8469238,80.04779816,
1840,104.8699341,866.1799316,79.97781372,
1839,104.8811569,864.5129395,79.89713287,
1838,104.8872986,862.8459473,79.81498718,
1837,104.8885117,861.178894,79.74136353,
1836,104.901825,859.5119019,79.66026306,
1835,104.9179077,857.8449097,79.58460999,
1834,104.9184341,856.1779175,79.50045776,
1833,104.9477234,854.5109253,79.41152954,
1832,104.9669037,852.8439331,79.32987976,
1831,104.9926071,851.1769409,79.24249268,
1830,104.9940109,849.5099487,79.15855408,
1829,104.9809113,847.8428955,79.07517242,
1828,105.0082703,846.1759033,78.97341919,
1827,105.0181732,844.5089111,78.88658142,
1826,105.0184097,842.8419189,78.78873444,
1825,105.0475845,841.1749268,78.69883728,
1824,105.0559998,839.5079346,78.60498047,
1823,105.0666122,837.8409424,78.49687195,
1822,105.0643539,836.1738892,78.40490723,
1821,105.0832977,834.506897,78.30636597,
1820,105.060997,832.8399048,78.19726563,
1819,105.1070251,831.1729126,78.0983429,
1818,105.1160202,829.5059204,77.9985199,
1817,105.1409149,827.8389282,77.88932037,
1816,105.1550293,826.171936,77.77373505,
1815,105.1737061,824.5049438,77.6580658,
1814,105.1810532,822.8378906,77.55207062,
1813,105.191246,821.1708984,77.43532562,
1812,105.2057495,819.5039063,77.32481384,
1811,105.2123642,817.8369141,77.21109009,
1810,105.2267685,816.1699219,77.08828735,
1809,105.232048,814.5029297,76.96217346,
1808,105.2558289,812.8359375,76.84107208,
1807,105.2733307,811.1689453,76.72208405,
1806,105.2801285,809.5018921,76.59526825,
1805,105.2975922,807.8348999,76.46627808,
1804,105.2991638,806.1679077,76.34364319,
1803,105.3248749,804.5009155,76.20884705,
1802,105.3283844,802.8339233,76.07687378,
1801,105.3485184,801.1669312,75.94395447,
1800,105.3574219,799.499939,74.6269455,
1799,105.3552399,798.6669312,75.13726807,
1798,105.3748703,797.8339233,75.09381866,
1797,105.3850555,797.0009155,75.01914215,
1796,105.4051514,796.1679077,74.96012115,
1795,105.4159317,795.3349609,74.89303589,
1794,105.4399948,794.5019531,74.80079651,
1793,105.4514084,793.6689453,74.75235748,
1792,105.4594879,792.8359375,74.686203,
1791,105.4717102,792.0029297,74.62280273,
1790,105.4858551,791.1699219,74.57131958,
1789,105.4978104,790.3369141,74.48297882,
1788,105.5141602,789.5039063,74.36712646,
1787,105.5186386,788.6709595,74.30973053,
1786,105.5400696,787.8379517,74.25519562,
1785,105.5535583,787.0049438,74.2339859,
1784,105.5616379,786.171936,74.12734222,
1783,105.5760345,785.3389282,74.01797485,
1782,105.5953293,784.5059204,73.97563934,
1781,105.6098785,783.6729126,73.89318848,
1780,105.6198959,782.8399048,73.82307434,
1779,105.638504,782.006958,73.71983337,
1778,105.6472397,781.1739502,73.66972351,
1777,105.6603928,780.3409424,73.5790329,
1776,105.6807632,779.5079346,73.51590729,
1775,105.688118,778.6749268,73.41906738,
1774,105.7106628,777.8419189,73.37607574,
1773,105.7186584,777.0089111,73.24807739,
1772,105.7359924,776.1759033,73.18557739,
1771,105.7465515,775.3429565,73.09902191,
1770,105.7659531,774.5099487,73.00678253,
1769,105.7756195,773.6769409,72.93101501,
1768,105.7870483,772.8439331,72.82133484,
1767,105.8010712,772.0109253,72.74121857,
1766,105.8099136,771.1779175,72.67051697,
1765,105.837265,770.3449097,72.56702423,
1764,105.8476563,769.5119019,72.46789551,
1763,105.8597183,768.6789551,72.39928436,
1762,105.8776474,767.8459473,72.34590149,
1761,105.8929443,767.0129395,72.23178101,
1760,105.9006424,766.1799316,72.12669373,
1759,105.9156876,765.3469238,72.04547119,
1758,105.934082,764.513916,71.9822998,
1757,105.9512177,763.6809082,71.86807251,
1756,105.9627151,762.8479614,71.7871933,
1755,105.9740753,762.0149536,71.6969223,
1754,105.9987869,761.1819458,71.59172058,
1753,106.0069885,760.348938,71.50447083,
1752,106.0275116,759.5159302,71.39012146,
1751,106.0406799,758.6829224,71.31401825,
1750,106.0508881,757.8499146,71.24372101,
1749,106.067131,757.0169067,71.12728119,
1748,106.0776367,756.18396,71.04095459,
1747,106.0955276,755.3509521,70.93497467,
1746,106.1142349,754.5179443,70.86920929,
1745,106.1186295,753.6849365,70.75361633,
1744,106.1421356,752.8519287,70.65773773,
1743,106.1519623,752.0189209,70.572052,
1742,106.171524,751.1859131,70.44992065,
1741,106.1883698,750.3529053,70.34973145,
1740,106.2065964,749.5199585,70.23848724,
1739,106.217659,748.6869507,70.15624237,
1738,106.2161102,747.8539429,70.0357666,
1737,106.2451706,747.0209351,69.92276001,
1736,106.2569351,746.1879272,69.82570648,
1735,106.275383,745.3549194,69.74153137,
1734,106.288147,744.5219116,69.62026215,
1733,106.3022614,743.6889038,69.51329041,
1732,106.3228455,742.855957,69.43185425,
1731,106.3295517,742.0229492,69.32849884,
1730,106.3497925,741.1899414,69.18775177,
1729,106.3638077,740.3569336,69.09648132,
1728,106.3858948,739.5239258,68.99769592,
1727,106.3938751,738.690918,68.88818359,
1726,106.4102402,737.8579102,68.77084351,
1725,106.430748,737.0249023,68.67661285,
1724,106.441452,736.1919556,68.5610199,
1723,106.4514847,735.3589478,68.45279694,
1722,106.4714661,734.5259399,68.34846497,
1721,106.4876175,733.6929321,68.23626709,
1720,106.511116,732.8599243,68.11833954,
1719,106.518486,732.0269165,68.01255035,
1718,106.5344543,731.1939087,67.90692902,
1717,106.5557098,730.3609009,67.77587891,
1716,106.5628433,729.5279541,67.66162872,
1715,106.5851212,728.6949463,67.53886414,
1714,106.595314,727.8619385,67.43462372,
1713,106.6115723,727.0289307,67.31596375,
1712,106.6346512,726.1959229,67.20075226,
1711,106.6430359,725.362915,67.08065796,
1710,106.6637497,724.5299072,66.96359253,
1709,106.6776733,723.6969604,66.83529663,
1708,106.6902847,722.8639526,66.71860504,
1707,106.7137604,722.0309448,66.60754395,
1706,106.7257843,721.197937,66.4896698,
1705,106.7441559,720.3649292,66.35797882,
1704,106.7578201,719.5319214,66.24675751,
1703,106.7767029,718.6989136,66.12107849,
1702,106.7873383,717.8659058,65.99417114,
1701,106.8056717,717.032959,65.88006592,
1700,106.8218079,716.1999512,65.74916077,
1699,106.8388824,715.3669434,65.64594269,
1698,106.8571472,714.5339355,65.51046753,
1697,106.8676605,713.7009277,65.38010406,
1696,106.8870544,712.8679199,65.26988983,
1695,106.9025192,712.0349121,65.13547516,
1694,106.9125061,711.2019043,65.0165329,
1693,106.9282913,710.3689575,64.88545227,
1692,106.9495239,709.5359497,64.76932526,
1691,106.9586258,708.7029419,64.61318207,
1690,106.9795761,707.8699341,64.48717499,
1689,106.9943771,707.0369263,64.37282562,
1688,107.0056229,706.2039185,64.24478149,
1687,107.0306778,705.3709106,64.10970306,
1686,107.0471802,704.5379028,63.97732544,
1685,107.0533066,703.7049561,63.8453598,
1684,107.081131,702.8719482,63.71479034,
1683,107.0901642,702.0389404,63.59017944,
1682,107.1032639,701.2059326,63.45632553,
1681,107.1275482,700.3729248,63.32327652,
1680,107.1402817,699.539917,63.18309784,
1679,107.1549988,698.7069092,63.05725098,
1678,107.1713181,697.8739014,62.91540146,
1677,107.1814575,697.0409546,62.79627228,
1676,107.2013397,696.2079468,62.6664772,
1675,107.2210083,695.374939,62.51932907,
1674,107.2257156,694.5419312,62.37771988,
1673,107.2438507,693.7089233,62.2456131,
1672,107.2590714,692.8759155,62.11127472,
1671,107.2792206,692.0429077,61.96862411,
1670,107.2927628,691.2099609,61.83797073,
1669,107.3048096,690.3769531,61.70933914,
1668,107.3310471,689.5439453,61.57062531,
1667,107.3364639,688.7109375,61.42456436,
1666,107.3588486,687.8779297,61.29811478,
1665,107.3794403,687.0449219,61.14901352,
1664,107.3923569,686.2119141,61.01220703,
1663,107.4103622,685.3789063,60.8685379,
1662,107.4222946,684.5459595,60.74131775,
1661,107.4400787,683.7129517,60.59059906,
1660,107.4580917,682.8799438,60.44735336,
1659,107.4659195,682.046936,60.29922485,
1658,107.4874039,681.2139282,60.15037155,
1657,107.5032806,680.3809204,60.00783539,
1656,107.5131378,679.5479126,59.8767395,
1655,107.5228195,678.7149048,59.7273407,
1654,107.5492706,677.881958,59.59825516,
1653,107.5628967,677.0489502,59.44616318,
1652,107.5770111,676.2159424,59.2997551,
1651,107.5906754,675.3829346,59.15446854,
1650,107.6051941,674.5499268,59.01494598,
1649,107.6236038,673.7169189,58.87472534,
1648,107.6404419,672.8839111,58.71933746,
1647,107.6555405,672.0509033,58.59228897,
1646,107.6670685,671.2179565,58.42845917,
1645,107.6798935,670.3849487,58.30046463,
1644,107.7041779,669.5519409,58.15506744,
1643,107.7155151,668.7189331,58.00650787,
1642,107.727562,667.8859253,57.85488892,
1641,107.7429657,667.0529175,57.70423508,
1640,107.7596283,666.2199097,57.56095505,
1639,107.7694855,665.3869019,57.40596008,
1638,107.7872391,664.5539551,57.26509857,
1637,107.7977295,663.7209473,57.1178894,
1636,107.8151474,662.8879395,56.96429443,
1635,107.8351593,662.0549316,56.81987381,
1634,107.8437653,661.2219238,56.66257095,
1633,107.8580399,660.388916,56.51309967,
1632,107.873642,659.5559082,56.35859299,
1631,107.8914871,658.7229004,56.22199631,
1630,107.9011459,657.8899536,56.06139374,
1629,107.9204941,657.0569458,55.9108429,
1628,107.9326477,656.223938,55.76672363,
1627,107.9447021,655.3909302,55.6145134,
1626,107.96064,654.5579224,55.4662056,
1625,107.9782104,653.7249146,55.31051254,
1624,107.9818268,652.8919067,55.1642189,
1623,107.9973679,652.05896,55.00421524,
1622,108.0186234,651.2259521,54.85466003,
1621,108.0295334,650.3929443,54.71189499,
1620,108.0469131,649.5599365,54.56307983,
1619,108.0538406,648.7269287,54.40184402,
1618,108.0697632,647.8939209,54.25479889,
1617,108.0860291,647.0609131,54.10860062,
1616,108.0945816,646.2279053,53.95774841,
1615,108.116745,645.3949585,53.80323029,
1614,108.1299057,644.5619507,53.65456772,
1613,108.1431961,643.7289429,53.50797272,
1612,108.1534882,642.8959351,53.35083771,
1611,108.1688766,642.0629272,53.18821716,
1610,108.1821594,641.2299194,53.03580093,
1609,108.1919098,640.3969116,52.88721848,
1608,108.2142029,639.5639038,52.72761536,
1607,108.221199,638.730957,52.57701111,
1606,108.235466,637.8979492,52.43354416,
1605,108.2403412,637.0649414,52.27363205,
1604,108.2666245,636.2319336,52.12333679,
1603,108.2628098,635.3989258,51.963871,
1602,108.2890625,634.565918,51.81348801,
1601,108.3026199,633.7329102,51.65906525,
1600,108.3181229,632.8999023,51.50915909,
1599,108.3265762,632.0669556,51.35867691,
1598,108.3394623,631.2339478,51.20264816,
1597,108.3563461,630.4009399,51.05176544,
1596,108.3625793,629.5679321,50.87641525,
1595,108.3772202,628.7349243,50.74116135,
1594,108.3919296,627.9019165,50.59053421,
1593,108.400116,627.0689087,50.43870163,
1592,108.4173584,626.2359009,50.28993988,
1591,108.4277267,625.4029541,50.13981628,
1590,108.4378128,624.5699463,49.97694016,
1589,108.4524155,623.7369385,49.82575607,
1588,108.4632187,622.9039307,49.68136215,
1587,108.4783401,622.0709229,49.52550888,
1586,108.4820709,621.237915,49.36909866,
1585,108.4976883,620.4049072,49.21422958,
1584,108.5084686,619.5719604,49.06552505,
1583,108.5174713,618.7389526,48.90836334,
1582,108.5331573,617.9059448,48.75294113,
1581,108.547554,617.072937,48.59365082,
1580,108.5564346,616.2399292,48.4501915,
1579,108.5642471,615.4069214,48.30262375,
1578,108.5772018,614.5739136,48.14068985,
1577,108.5891953,613.7409058,47.99459457,
1576,108.5991745,612.907959,47.83785629,
1575,108.6131897,612.0749512,47.68133545,
1574,108.6247406,611.2419434,47.53542709,
1573,108.6297607,610.4089355,47.38422775,
1572,108.6412888,609.5759277,47.22951889,
1571,108.6559677,608.7429199,47.08664703,
1570,108.6646194,607.9099121,46.93075562,
1569,108.6757889,607.0769043,46.77344131,
1568,108.6848145,606.2439575,46.62591171,
1567,108.6995621,605.4109497,46.47007751,
1566,108.7039719,604.5779419,46.32004166,
1565,108.7142563,603.7449341,46.18164444,
1564,108.7300415,602.9119263,46.02909851,
1563,108.7335968,602.0789185,45.87779236,
1562,108.7415314,601.2459106,45.73058319,
1561,108.7586746,600.4129028,45.58065796,
1560,108.7628479,599.5799561,45.42912674,
1559,108.7767105,598.7469482,45.28636169,
1558,108.7871399,597.9139404,45.13329315,
1557,108.7926483,597.0809326,44.9902916,
1556,108.8043671,596.2479248,44.82896042,
1555,108.8171005,595.414917,44.68258667,
1554,108.8171692,594.5819092,44.53235245,
1553,108.8332748,593.7489014,44.38633347,
1552,108.839592,592.9159546,44.23272324,
1551,108.8516617,592.0829468,44.08367538,
1550,108.8525314,591.249939,43.93984985,
1549,108.8681564,590.4169312,43.79700851,
1548,108.8713531,589.5839233,43.64576721,
1547,108.8736801,588.7509155,43.50138474,
1546,108.8864288,587.9179077,43.35334015,
1545,108.9013062,587.0848999,43.20806503,
1544,108.9032669,586.2519531,43.06638718,
1543,108.9201584,585.4189453,42.91300964,
1542,108.9175949,584.5859375,42.76434326,
1541,108.925293,583.7529297,42.6121788,
1540,108.9375763,582.9199219,42.48439407,
1539,108.9393768,582.0869141,42.33174896,
1538,108.9473572,581.2539063,42.19238281,
1537,108.9563141,580.4209595,42.04541779,
1536,108.9640732,579.5879517,41.89717484,
1535,108.9660797,578.7549438,41.7580719,
1534,108.9716644,577.921936,41.61421585,
1533,108.9746857,577.0889282,41.46575546,
1532,108.983551,576.2559204,41.3177948,
1531,108.9883575,575.4229126,41.1761322,
1530,108.9951401,574.5899048,41.0270462,
1529,108.9968338,573.756958,40.88019562,
1528,109.0031357,572.9239502,40.73674393,
1527,109.0075378,572.0909424,40.59838867,
1526,109.0167084,571.2579346,40.45566177,
1525,109.0192413,570.4249268,40.30854416,
1524,109.019783,569.5919189,40.15509033,
1523,109.0267639,568.7589111,40.02970886,
1522,109.0353622,567.9259033,39.87968445,
1521,109.0338211,567.0929565,39.7393837,
1520,109.0384827,566.2599487,39.58720398,
1519,109.038887,565.4269409,39.45353317,
1518,109.0420685,564.5939331,39.30702972,
1517,109.0435028,563.7609253,39.16253281,
1516,109.043869,562.9279175,39.02278137,
1515,109.0485535,562.0949097,38.88641739,
1514,109.048233,561.2619019,38.75075912,
1513,109.0499496,560.4289551,38.61225128,
1512,109.0516205,559.5959473,38.47763062,
1511,109.0434875,558.7629395,38.33356857,
1510,109.0588074,557.9299316,38.1935463,
1509,109.0533295,557.0969238,38.05105209,
1508,109.0558014,556.263916,37.91291046,
1507,109.053894,555.4309082,37.77494431,
1506,109.052887,554.5979004,37.63824081,
1505,109.054718,553.7649536,37.49486923,
1504,109.0561523,552.9319458,37.35191345,
1503,109.0552444,552.098938,37.21917725,
1502,109.0535889,551.2659302,37.07550049,
1501,109.0550537,550.4329224,36.94781113,
1500,109.0571976,549.5999146,36.80849838,
1499,109.0581207,548.7669067,36.67514801,
1498,109.0609818,547.93396,36.54009247,
1497,109.0571747,547.1009521,36.40493393,
1496,109.0587616,546.2679443,36.26925278,
1495,109.064827,545.4349365,36.1378212,
1494,109.0667496,544.6019287,36.00816727,
1493,109.0651855,543.7689209,35.88209915,
1492,109.0665665,542.9359131,35.74252319,
1491,109.0688095,542.1029053,35.62378693,
1490,109.0683365,541.2699585,35.49319077,
1489,109.0606003,540.4369507,35.36924362,
1488,109.0615768,539.6039429,35.25074005,
1487,109.0606232,538.7709351,35.12706375,
1486,109.0710983,537.9379272,35.00660706,
1485,109.0626678,537.1049194,34.88136673,
1484,109.0635147,536.2719116,34.7636261,
1483,109.0508347,535.4389038,34.64579773,
1482,109.0479736,534.605957,34.53500748,
1481,109.0450516,533.7729492,34.4226532,
1480,109.0389633,532.9399414,34.3052597,
1479,109.0376892,532.1069336,34.19290924,
1478,109.0387955,531.2739258,34.08485413,
1477,109.0397797,530.440918,33.97995377,
1476,109.0447159,529.6079102,33.86107635,
1475,109.0454559,528.7749023,33.77079773,
1474,109.031189,527.9419556,33.66747665,
1473,109.0187759,527.1089478,33.57468414,
1472,109.0082779,526.2759399,33.47583771,
1471,108.9997559,525.4429321,33.38199615,
1470,109.0068665,524.6099243,33.29302216,
1469,109.006485,523.7769165,33.2078743,
1468,109.0051193,522.9439087,33.11976242,
1467,109.0023499,522.1109009,33.03258133,
1466,108.9967041,521.2779541,32.95209885,
1465,108.9853516,520.4449463,32.87505341,
1464,108.98423,519.6119385,32.79990005,
1463,108.9710007,518.7789307,32.72079086,
1462,108.9690933,517.9459229,32.65147781,
1461,108.9623184,517.112915,32.58928299,
1460,108.9641724,516.2799072,32.5187912,
1459,108.9580078,515.4468994,32.449646,
1458,108.9489822,514.6139526,32.38801956,
1457,108.9288254,513.7809448,32.32512283,
1456,108.9174728,512.947937,32.26651001,
1455,108.9149857,512.1149292,32.21458054,
1454,108.9123993,511.2819214,32.15952682,
1453,108.9061737,510.4489441,32.10634613,
1452,108.8867874,509.6159363,32.05273056,
1451,108.8689575,508.7829285,32.009758,
1450,108.866951,507.9499207,31.95884514,
1449,108.8740234,507.1169434,31.91311646,
1448,108.8657837,506.2839355,31.87187004,
1447,108.8413467,505.4509277,31.82798004,
1446,108.8243866,504.6179199,31.79404068,
1445,108.8121033,503.7849426,31.75360298,
1444,108.8255386,502.9519348,31.71816444,
1443,108.8206787,502.118927,31.67968369,
1442,108.8087692,501.2859192,31.64416313,
1441,108.7774048,500.4529419,31.6137085,
1440,108.7684174,499.6199341,31.58226013,
1439,108.7552872,498.7869263,31.55167389,
1438,108.7420578,497.9539185,31.52097511,
1437,108.7313766,497.1209412,31.49567223,
1436,108.7342224,496.2879333,31.47239304,
1435,108.7113037,495.4549255,31.4419899,
1434,108.6905594,494.6219177,31.42398071,
1433,108.6678391,493.7889404,31.38652229,
1432,108.6554565,492.9559326,31.37007904,
1431,108.664032,492.1229248,31.340662,
1430,108.6401672,491.289917,31.31877518,
1429,108.6325912,490.4569397,31.29685593,
1428,108.6020584,489.6239319,31.27250671,
1427,108.5872498,488.7909241,31.25632477,
1426,108.5742111,487.9579163,31.22643852,
1425,108.544838,487.124939,31.20545769,
1424,108.525528,486.2919312,31.18868828,
1423,108.5072403,485.4589233,31.1693821,
1422,108.5131378,484.6259155,31.13948059,
1421,108.4864502,483.7929382,31.11907005,
1420,108.4564896,482.9599304,31.10459137,
1419,108.4333191,482.1269226,31.08739471,
1418,108.4302521,481.2939148,31.06142616,
1417,108.4134674,480.4609375,31.03826904,
1416,108.3833542,479.6279297,31.02205467,
1415,108.3564987,478.7949219,30.99643517,
1414,108.326767,477.9619446,30.98373985,
1413,108.3128815,477.1289368,30.96281052,
1412,108.3033829,476.295929,30.94627762,
1411,108.2745285,475.4629211,30.9200058,
1410,108.2486038,474.6299438,30.90423584,
1409,108.2151794,473.796936,30.88505173,
1408,108.1947937,472.9639282,30.86292076,
1407,108.1643219,472.1309204,30.84654236,
1406,108.1500854,471.2979431,30.82663727,
1405,108.1143112,470.4649353,30.80461693,
1404,108.1010361,469.6319275,30.78947639,
1403,108.0821381,468.7989197,30.76795959,
1402,108.0495377,467.9659424,30.74568176,
1401,108.0173035,467.1329346,30.7298336,
1400,107.9870834,466.2999268,30.70994949,
1399,107.9692154,465.4669189,30.6949501,
1398,107.9430466,464.6339417,30.67455673,
1397,107.9176788,463.8009338,30.65363503,
1396,107.8642044,462.967926,30.63529396,
1395,107.8274384,462.1349182,30.61516571,
1394,107.8041229,461.3019409,30.60057068,
1393,107.7777023,460.4689331,30.58963966,
1392,107.7439651,459.6359253,30.56641769,
1391,107.7214813,458.8029175,30.54958916,
1390,107.699791,457.9699402,30.53103065,
1389,107.6464081,457.1369324,30.5172081,
1388,107.6009293,456.3039246,30.49996185,
1387,107.5639725,455.4709167,30.47785378,
1386,107.5324783,454.6379395,30.46331024,
1385,107.4904709,453.8049316,30.45091057,
1384,107.4529648,452.9719238,30.43673897,
1383,107.4075089,452.138916,30.42469597,
1382,107.3943253,451.3059387,30.40820885,
1381,107.3707199,450.4729309,30.39240456,
1380,107.3170547,449.6399231,30.38402176,
1379,107.2934875,448.8069153,30.36116409,
1378,107.2328949,447.973938,30.34650612,
1377,107.2118988,447.1409302,30.3313694,
1376,107.1525803,446.3079224,30.31281853,
1375,107.117775,445.4749146,30.2996788,
1374,107.0839081,444.6419373,30.28812981,
1373,107.0458908,443.8089294,30.27386665,
1372,107.0064316,442.9759216,30.2636528,
1371,106.964241,442.1429443,30.25178909,
1370,106.9098816,441.3099365,30.23474503,
1369,106.8887558,440.4769287,30.22612381,
1368,106.8639603,439.6439209,30.20727348,
1367,106.8442001,438.8109436,30.19638634,
1366,106.8314285,437.9779358,30.18278122,
1365,106.814743,437.144928,30.16710854,
1364,106.7955017,436.3119202,30.14651489,
1363,106.792923,435.4789429,30.13489151,
1362,106.7803955,434.6459351,30.12128448,
1361,106.7878952,433.8129272,30.10161781,
1360,106.8195724,432.9799194,30.08998871,
1359,106.8441162,432.1469421,30.07398605,
1358,106.8915939,431.3139343,30.0593605,
1357,106.895813,430.4809265,30.04661179,
1356,106.8933105,429.6479187,30.02583313,
1355,106.8846741,428.8149414,30.00503159,
1354,106.8744049,427.9819336,29.99510765,
1353,106.8647995,427.1489258,29.97554016,
1352,106.8560333,426.315918,29.95035553,
1351,106.8451767,425.4829407,29.93538284,
1350,106.8325195,424.6499329,29.91248703,
1349,106.8098679,423.816925,29.88722992,
1348,106.7921753,422.9839172,29.8696785,
1347,106.7798157,422.1509399,29.84168816,
1346,106.7559357,421.3179321,29.81593323,
1345,106.7378616,420.4849243,29.79499435,
1344,106.7171097,419.6519165,29.76237297,
1343,106.6920853,418.8189392,29.73978806,
1342,106.6735535,417.9859314,29.71587563,
1341,106.64785,417.1529236,29.68035889,
1340,106.6259384,416.3199158,29.6462841,
1339,106.5990219,415.4869385,29.62082291,
1338,106.5755692,414.6539307,29.57660866,
1337,106.5452347,413.8209229,29.54664612,
1336,106.5143967,412.987915,29.50562859,
1335,106.4919205,412.1549377,29.4654808,
1334,106.4642944,411.3219299,29.43419838,
1333,106.4359665,410.4889221,29.38878632,
1332,106.4025497,409.6559143,29.33959007,
1331,106.3787689,408.822937,29.29227066,
1330,106.3373718,407.9899292,29.24234772,
1329,106.3144302,407.1569214,29.20508385,
1328,106.2763367,406.3239441,29.15035439,
1327,106.2475586,405.4909363,29.09637451,
1326,106.2192688,404.6579285,29.04765701,
1325,106.1849594,403.8249207,28.98609352,
1324,106.1388626,402.9919434,28.93478012,
1323,106.1031494,402.1589355,28.86680031,
1322,106.0709381,401.3259277,28.80769348,
1321,106.0297241,400.4929199,28.7450428,
1320,105.987442,399.6599426,28.67783356,
1319,105.9453506,398.8269348,28.61592102,
1318,105.9035645,397.993927,28.54521942,
1317,105.8552246,397.1609192,28.4700985,
1316,105.8179626,396.3279419,28.39521217,
1315,105.7660446,395.4949341,28.32718277,
1314,105.7187042,394.6619263,28.23663712,
1313,105.6629333,393.8289185,28.16213036,
1312,105.6167145,392.9959412,28.07592201,
1311,105.5666962,392.1629333,28.00208282,
1310,105.5187378,391.3299255,27.90638733,
1309,105.464592,390.4969177,27.82295609,
1308,105.4231262,389.6639404,27.72702026,
1307,105.4043274,388.8309326,27.63918304,
1306,105.3782578,387.9979248,27.54776192,
1305,105.3677216,387.164917,27.45702362,
1304,105.3445206,386.3319397,27.35342026,
1303,105.3127518,385.4989319,27.25054359,
1302,105.2843475,384.6659241,27.14929008,
1301,105.2590103,383.8329163,27.05238533,
1300,105.2349701,382.999939,26.93684387,
1299,105.2130127,382.1669312,26.82467651,
1298,105.1857452,381.3339233,26.71950531,
1297,105.1512222,380.5009155,26.60048866,
1296,105.1272659,379.6679382,26.47252464,
1295,105.0947037,378.8349304,26.35432816,
1294,105.0671921,378.0019226,26.22719193,
1293,105.0371323,377.1689148,26.10323715,
1292,105.006958,376.3359375,25.97343063,
1291,104.9771042,375.5029297,25.83459663,
1290,104.9485703,374.6699219,25.68992043,
1289,104.9193115,373.8369141,25.54853249,
1288,104.8912277,373.0039368,25.40890503,
1287,104.864975,372.170929,25.24430466,
1286,104.8329697,371.3379211,25.09000015,
1285,104.8079147,370.5049438,24.92575455,
1284,104.7763596,369.671936,24.75433731,
1283,104.7457733,368.8389282,24.58460999,
1282,104.7142944,368.0059204,24.40589142,
1281,104.6855774,367.1729431,24.21779823,
1280,104.655159,366.3399353,24.04273224,
1279,104.6231232,365.5069275,23.84554672,
1278,104.5921173,364.6739197,23.64274979,
1277,104.555687,363.8409424,23.43070221,
1276,104.5229187,363.0079346,23.21570778,
1275,104.4906845,362.1749268,22.99045181,
1274,104.4571381,361.3419189,22.76166153,
1273,104.4294128,360.5089417,22.52627373,
1272,104.3950882,359.6759338,22.27856445,
1271,104.3751144,358.842926,22.03568459,
1270,104.3368835,358.0099182,21.76574707,
1269,104.3125763,357.1769409,21.49135971,
1268,104.2863617,356.3439331,21.21765327,
1267,104.2457809,355.5109253,20.93360138,
1266,104.2189865,354.6779175,20.65249252,
1265,104.1859741,353.8449402,20.35289192,
1264,104.154274,353.0119324,20.05131912,
1263,104.1144409,352.1789246,19.73089409,
1262,104.0909042,351.3459167,19.41020393,
1261,104.060318,350.5129395,19.08872604,
1260,104.0300827,349.6799316,18.75057983,
1259,103.9985046,348.8469238,18.41393852,
1258,103.9697495,348.013916,18.06449509,
1257,103.9227448,347.1809387,17.71600914,
1256,103.8915253,346.3479309,17.34874153,
1255,103.8598328,345.5149231,16.98031044,
1254,103.8292389,344.6819153,16.61924934,
1253,103.7947311,343.848938,16.23068047,
1252,103.7677994,343.0159302,15.84160328,
1251,103.7360764,342.1829224,15.46276474,
1250,103.7050476,341.3499146,15.05374908,
1249,103.6716003,340.5169373,14.64521408,
1248,103.6409378,339.6839294,14.21929264,
1247,103.6037216,338.8509216,13.8126688,
1246,103.5630951,338.0179138,13.39387035,
1245,103.5434113,337.1849365,12.96771812,
1244,103.5142059,336.3519287,12.51074696,
1243,103.4855118,335.5189209,12.07059479,
1242,103.4480438,334.6859436,11.63110161,
1241,103.417717,333.8529358,11.19198895,
1240,103.3843842,333.019928,10.74097633,
1239,103.3540497,332.1869202,10.293293,
1238,103.3229828,331.3539429,9.841797829,
1237,103.2949066,330.5209351,9.394875526,
1236,103.260231,329.6879272,8.933307648,
1235,103.2343521,328.8549194,8.476551056,
1234,103.1947403,328.0219421,8.035100937,
1233,103.1610489,327.1889343,7.58536911,
1232,103.1258087,326.3559265,7.144044399,
1231,103.1029587,325.5229187,6.697061539,
1230,103.0725098,324.6899414,6.442329407,
1229,103.0439606,323.8569336,5.885456085,
1228,103.00634,323.0239258,5.476825714,
1227,102.9722366,322.190918,5.069046497,
1226,102.9388046,321.3579407,4.670314312,
1225,102.9163361,320.5249329,4.277853489,
1224,102.8850174,319.691925,3.903957129,
1223,102.8543701,318.8589172,3.549682379,
1222,102.8214951,318.0259399,3.202552795,
1221,102.7853851,317.1929321,2.880625248,
1220,102.7550201,316.3599243,2.570386171,
1219,102.7269211,315.5269165,2.280742407,
1218,102.7042847,314.6939392,2.011301041,
1217,102.6679993,313.8609314,1.747408748,
1216,102.6369781,313.0279236,1.516921878,
1215,102.6006851,312.1949158,1.309036493,
1214,102.5784454,311.3619385,1.12236011,
1213,102.5484085,310.5289307,0.9528642297,
1212,102.5207367,309.6959229,0.8034419417,
1211,102.4842377,308.862915,0.6697371602,
1210,102.4591217,308.0299377,0.5547891259,
1209,102.4233932,307.1969299,0.4541811049,
1208,102.3987198,306.3639221,0.3707933128,
1207,102.3587952,305.5309143,0.2981675565,
1206,102.3419952,304.697937,0.2376390845,
1205,102.3044205,303.8649292,0.1873368174,
1204,102.2849655,303.0319214,0.1459802836,
1203,102.2533188,302.1989136,0.1140530482,
1202,102.2289047,301.3659363,0.08795962483,
1201,102.1973114,300.5329285,0.06715637445,
1200,102.170372,299.6999207,0.05083004385,
1199,102.0961609,298.8669434,0.03764460236,
1198,102.0863419,298.0339355,0.02752730995,
1197,102.071701,297.2009277,0.02020195499,
1196,102.0466537,296.3679199,0.01440534089,
1195,102.0140152,295.5349426,0.01034491602,
1194,101.9899216,294.7019348,0.007060565986,
1193,101.9678726,293.868927,0.004797158297,
1192,101.9334641,293.0359192,0.003175589256,
1191,101.9064407,292.2029419,0.001926824683,
1190,101.8810959,291.3699341,0.001151477802,
1189,101.8551331,290.5369263,0.0006001867587,
1188,101.8239746,289.7039185,0.0002264966752,
1187,101.8008728,288.8709412,-0.000217417095,
1186,101.7745132,288.0379333,-0.0004345471098,
1185,101.7455139,287.2049255,-0.0005220185267,
1184,101.7191086,286.3719177,-0.0006563608185,
1183,101.6930847,285.5389404,-0.0007323461468,
1182,101.6636124,284.7059326,-0.0007324775215,
1181,101.6428146,283.8729248,-0.0008131994982,
1180,101.6158829,283.039917,-0.0008929688483,
1179,101.5885849,282.2069397,-0.0008378149942,
1178,101.5669022,281.3739319,-0.0008532785578,
1177,101.53685,280.5409241,-0.000832964899,
1176,101.5097351,279.7079163,-0.000794409425,
1175,101.4888535,278.874939,-0.0008196058916,
1174,101.4617233,278.0419312,-0.0009062130703,
1173,101.4402008,277.2089233,-0.000989047694,
1172,101.4176712,276.3759155,-0.0009438706911,
1171,101.3955002,275.5429382,-0.0009313477785,
1170,101.368454,274.7099304,-0.0008771299617,
1169,101.3392715,273.8769226,-0.0008938817773,
1168,101.3201599,273.0439148,-0.00100929325,
1167,101.2929077,272.2109375,-0.0009353669011,
1166,101.2649765,271.3779297,-0.0009210355347,
1165,101.2496033,270.5449219,-0.0008996059187,
1164,101.220726,269.7119141,-0.0009278509533,
1163,101.1964951,268.8789368,-0.0009704363183,
1162,101.172554,268.045929,-0.0009642582736,
1161,101.1474152,267.2129211,-0.0008627707721,
1160,101.1219177,266.3799133,-0.0008882757975,
1159,101.1007996,265.546936,-0.0008830694132,
1158,101.0811234,264.7139282,-0.0009509795927,
1157,101.0615234,263.8809204,-0.0009887339547,
1156,101.0389481,263.0479431,-0.0009647135157,
1155,101.0092621,262.2149353,-0.0009314318886,
1154,100.9749527,261.3819275,-0.0009193823789,
1153,100.9556427,260.5489197,-0.0009483592585,
1152,100.9382248,259.7159424,-0.0008943708963,
1151,100.9313736,258.8829346,-0.0008955981466,
1150,100.9035721,258.0499268,-0.000866664981,
1149,100.8840408,257.2169189,-0.0009902275633,
1148,100.8638992,256.3839417,-0.0009916346753,
1147,100.8253326,255.5509338,-0.0008709145477,
1146,100.8137589,254.717926,-0.0009457616834,
1145,100.7937775,253.8849335,-0.0008530413033,
1144,100.7792511,253.0519257,-0.0008975695237,
1143,100.7699814,252.2189331,-0.0009187209653,
1142,100.7381897,251.3859253,-0.0009740223759,
1141,100.7140427,250.5529327,-0.0009255622281,
1140,100.6968613,249.7199249,-0.0009370052721,
1139,100.6684418,248.8869324,-0.001023895689,
1138,100.6535645,248.0539246,-0.0009321507532,
1137,100.628624,247.220932,-0.000904888846,
1136,100.6023788,246.3879242,-0.0008915140061,
1135,100.5809631,245.5549316,-0.0008605633629,
1134,100.5725632,244.7219238,-0.0008778839256,
1133,100.5571213,243.8889313,-0.0008599712746,
1132,100.5360336,243.0559235,-0.0009080647142,
1131,100.5175705,242.2229309,-0.0009237542981,
1130,100.4841919,241.3899231,-0.0009586075903,
1129,100.4693604,240.5569305,-0.0009678100469,
1128,100.447403,239.7239227,-0.001031844062,
1127,100.4241028,238.8909302,-0.001012969529,
1126,100.4064331,238.0579224,-0.0008897864027,
1125,100.3817673,237.2249298,-0.0009293955518,
1124,100.3662796,236.391922,-0.0009449674399,
1123,100.342598,235.5589294,-0.0009390048217,
1122,100.3206635,234.7259216,-0.0009952740511,
1121,100.3202896,233.8929291,-0.000936825294,
1120,100.3079758,233.0599213,-0.0009570382535,
1119,100.2897491,232.2269287,-0.0009472519159,
1118,100.2644424,231.3939209,-0.00100396527,
1117,100.2411957,230.5609283,-0.0009597471799,
1116,100.2276688,229.7279358,-0.0009461070294,
1115,100.2152939,228.894928,-0.001022067154,
1114,100.194397,228.0619354,-0.0009888026398,
1113,100.1678696,227.2289276,-0.001010662992,
1112,100.1474609,226.3959351,-0.0009794990765,
1111,100.1180038,225.5629272,-0.0009678743663,
1110,100.1086121,224.7299347,-0.001050813356,
1109,100.0910187,223.8969269,-0.001001895755,
1108,100.0699005,223.0639343,-0.001032926724,
1107,100.0482712,222.2309265,-0.00089839258,
1106,100.0257492,221.397934,-0.001003408339,
1105,100.0015717,220.5649261,-0.001019730582,
1104,99.99124908,219.7319336,-0.0009695834015,
1103,99.9719162,218.8989258,-0.000988070271,
1102,99.95206451,218.0659332,-0.0009694112814,
1101,99.93126678,217.2329254,-0.0008798965719,
1100,99.91300201,216.3999329,-0.0009378424729,
1099,99.89415741,215.566925,-0.000829674711,
1098,99.87859344,214.7339325,-0.000896919053,
1097,99.85501862,213.9009247,-0.0008070755284,
1096,99.83583832,213.0679321,-0.0008062926354,
1095,99.81848907,212.2349243,-0.0007551575545,
1094,99.79908752,211.4019318,-0.0006807532627,
1093,99.77641296,210.568924,-0.0006115701399,
1092,99.76383209,209.7359314,-0.0006210193387,
1091,99.74025726,208.9029236,-0.0006588646793,
1090,99.71951294,208.069931,-0.0004161105026,
1089,99.70332336,207.2369232,-0.0004742591118,
1088,99.68708801,206.4039307,-0.0004582882975,
1087,99.66055298,205.5709229,-0.0004754817346,
1086,99.64524841,204.7379303,-0.0002853956539,
1085,99.6173172,203.9049225,-0.0003884654143,
1084,99.5993576,203.0719299,-0.000344826869,
1083,99.57905579,202.2389221,-0.0002721074561,
1082,99.55718231,201.4059296,-0.000402043137,
1081,99.54240417,200.5729218,-0.0003240248479,
1080,99.5171814,199.7399292,-0.0003702856193,
1079,99.49930573,198.9069214,-0.0004233391373,
1078,99.47248077,198.0739288,-0.0005034503993,
1077,99.45365906,197.240921,-0.0003410211357,
1076,99.44221497,196.4079285,-0.0005596305127,
1075,99.416008,195.5749207,-0.0008219405427,
1074,99.39421082,194.7419281,-0.0006101471372,
1073,99.37194824,193.9089355,-0.0003603302175,
1072,99.35568237,193.0759277,-0.001228209469,
1071,99.32479858,192.2429352,-0.001196543803,
1070,99.30844879,191.4099274,-0.0004684174783,
1069,99.28507996,190.5769348,-0.002571559744,
1068,99.26255035,189.743927,-0.002720820252,
1067,99.24235535,,,
1066,99.21829224,,,
1065,99.1985321,,,
1064,99.17602539,,,
1063,99.15175629,,,
1062,99.12675476,,,
1061,99.1051712,,,
1060,99.08050537,,,
1059,99.05298615,,,
1058,99.02854919,,,
1057,99.01096344,,,
1056,98.98538208,,,
1055,98.95753479,,,
1054,98.9316864,,,
1053,98.90649414,,,
1052,98.88230133,,,
1051,98.85807037,,,
1050,98.83317566,,,
1049,98.80648804,,,
1048,98.78277588,,,
1047,98.75575256,,,
1046,98.72397614,,,
1045,98.70552063,,,
1044,98.67215729,,,
1043,98.64795685,,,
1042,98.62518311,,,
1041,98.59098816,,,
1040,98.55771637,,,
1039,98.53824615,,,
1038,98.50566101,,,
1037,98.46907043,,,
1036,98.44673157,,,
1035,98.41627502,,,
1034,98.39211273,,,
1033,98.36336517,,,
1032,98.33551025,,,
1031,98.30278778,,,
1030,98.27002716,,,
1029,98.24140167,,,
1028,98.20523834,,,
1027,98.17642212,,,
1026,98.15142822,,,
1025,98.10865784,,,
1024,98.0737381,,,
1023,98.0512619,,,
1022,98.01830292,,,
1021,97.97162628,,,
1020,97.94346619,,,
1019,97.91516876,,,
1018,97.87400818,,,
1017,97.83343506,,,
1016,97.8060379,,,
1015,97.76709747,,,
1014,97.72729492,,,
1013,97.68773651,,,
1012,97.65472412,,,
1011,97.61186981,,,
1010,97.58023834,,,
1009,97.53921509,,,
1008,97.49784088,,,
1007,97.4611969,,,
1006,97.42214966,,,
1005,97.38008881,,,
1004,97.33771515,,,
1003,97.29633331,,,
1002,97.24871063,,,
1001,97.21473694,,,
1000,97.17256927,,,
999,97.12731934,,,
998,97.08459473,,,
997,97.04244995,,,
996,96.99524689,,,
995,96.94897461,,,
994,96.90743256,,,
993,96.86651611,,,
992,96.82237244,,,
991,96.78058624,,,
990,96.7399292,,,
989,96.69961548,,,
988,96.66512299,,,
987,96.63043976,,,
986,96.5904541,,,
985,96.56304932,,,
984,96.52940369,,,
983,96.49766541,,,
982,96.47351837,,,
981,96.4382782,,,
980,96.41220856,,,
979,96.39163971,,,
978,96.36908722,,,
977,96.35044861,,,
976,96.33136749,,,
975,96.31371307,,,
974,96.29856873,,,
973,96.28193665,,,
972,96.26081848,,,
971,96.23643494,,,
970,96.19692993,,,
969,96.16143799,,,
968,96.11332703,,,
967,96.07600403,,,
966,96.02401733,,,
965,95.98149109,,,
964,95.93719482,,,
963,95.89720154,,,
962,95.85218811,,,
961,95.80879211,,,
960,95.7668457,,,
959,95.71878815,,,
958,95.67943573,,,
957,95.6375351,,,
956,95.59037018,,,
955,95.55351257,,,
954,95.50588989,,,
953,95.46068573,,,
952,95.42515564,,,
951,95.38161469,,,
950,95.34403229,,,
949,95.30089569,,,
948,95.24450684,,,
947,95.20357513,,,
946,95.17529297,,,
945,95.13299561,,,
944,95.10063171,,,
943,95.04937744,,,
942,95.01191711,,,
941,94.97608948,,,
940,94.93622589,,,
939,94.90251923,,,
938,94.86058044,,,
937,94.81941223,,,
936,94.79115295,,,
935,94.76268768,,,
934,94.73082733,,,
933,94.69645691,,,
932,94.65965271,,,
931,94.6374588,,,
930,94.59670258,,,
929,94.56462097,,,
928,94.53032684,,,
927,94.49591827,,,
926,94.45678711,,,
925,94.434021,,,
924,94.39805603,,,
923,94.36199951,,,
922,94.32385254,,,
921,94.30197906,,,
920,94.26428986,,,
919,94.23548889,,,
918,94.19994354,,,
917,94.16390991,,,
916,94.14181519,,,
915,94.10505676,,,
914,94.08423615,,,
913,94.04837799,,,
912,94.01834869,,,
911,93.99095154,,,
910,93.95770264,,,
909,93.93254852,,,
908,93.90356445,,,
907,93.88996887,,,
906,93.86225128,,,
905,93.83409882,,,
904,93.8094101,,,
903,93.78044891,,,
902,93.75878906,,,
901,93.72870636,,,
900,93.71990967,,,
899,93.69747925,,,
898,93.6729126,,,
897,93.65229034,,,
896,93.63704681,,,
895,93.60958862,,,
894,93.59265137,,,
893,93.5750885,,,
892,93.55670929,,,
891,93.54327393,,,
890,93.53266144,,,
889,93.51242828,,,
888,93.4992218,,,
887,93.48977661,,,
886,93.46315002,,,
885,93.45462036,,,
884,93.44558716,,,
883,93.42475128,,,
882,93.41925049,,,
881,93.40254211,,,
880,93.39094543,,,
879,93.38414764,,,
878,93.37960815,,,
877,93.36930847,,,
876,93.35941315,,,
875,93.35023499,,,
874,93.34247589,,,
873,93.33258057,,,
872,93.33589935,,,
871,93.32551575,,,
870,93.31739807,,,
869,93.31410217,,,
868,93.3085022,,,
867,93.30626678,,,
866,93.29924011,,,
865,93.30083466,,,
864,93.29727936,,,
863,93.29611969,,,
862,93.29711151,,,
861,93.28968811,,,
860,93.28398132,,,
859,93.28246307,,,
858,93.28730774,,,
857,93.28803253,,,
856,93.29131317,,,
855,93.29932404,,,
854,93.29189301,,,
853,93.2978363,,,
852,93.29862213,,,
851,93.30352783,,,
850,93.30516815,,,
849,93.31529999,,,
848,93.30666351,,,
847,93.31388092,,,
846,93.32789612,,,
845,93.32894135,,,
844,93.33153534,,,
843,93.34438324,,,
842,93.3468399,,,
841,93.35125732,,,
840,93.36369324,,,
839,93.36565399,,,
838,93.38175201,,,
837,93.38426208,,,
836,93.39128876,,,
835,93.40039063,,,
834,93.40695953,,,
833,93.41945648,,,
832,93.43730927,,,
831,93.44631195,,,
830,93.45886993,,,
829,93.47020721,,,
828,93.47665405,,,
827,93.50405121,,,
826,93.5146637,,,
825,93.52313232,,,
824,93.54527283,,,
823,93.55244446,,,
822,93.57241821,,,
821,93.58590698,,,
820,93.60321045,,,
819,93.61962891,,,
818,93.63956451,,,
817,93.65309143,,,
816,93.67494965,,,
815,93.69465637,,,
814,93.71459961,,,
813,93.73464966,,,
812,93.76279449,,,
811,93.77342224,,,
810,93.79991913,,,
809,93.82417297,,,
808,93.84637451,,,
807,93.87306213,,,
806,93.90093231,,,
805,93.9209671,,,
804,93.94960785,,,
803,93.97593689,,,
802,94.00946808,,,
801,94.03890228,,,
800,94.06955719,,,
799.5,95.57891846,,,
799,95.62618256,,,
798.5,95.56814575,,,
798,95.58457947,,,
797.5,95.57350922,,,
797,95.57093048,,,
796.5,95.56872559,,,
796,95.58174133,,,
795.5,95.59571075,,,
795,95.61855316,,,
794.5,95.63410187,,,
794,95.62625122,,,
793.5,95.62245941,,,
793,95.64924622,,,
792.5,95.65206146,,,
792,95.66537476,,,
791.5,95.65021515,,,
791,95.6650238,,,
790.5,95.66133881,,,
790,95.67767334,,,
789.5,95.71494293,,,
789,95.75869751,,,
788.5,95.75034332,,,
788,95.784935,,,
787.5,95.7766571,,,
787,95.76157379,,,
786.5,95.79682922,,,
786,95.79425049,,,
785.5,95.82004547,,,
785,95.84455109,,,
784.5,95.86080933,,,
784,95.87136078,,,
783.5,95.89871216,,,
783,95.92101288,,,
782.5,95.90361023,,,
782,95.94626617,,,
781.5,95.98413849,,,
781,95.945755,,,
780.5,95.99767303,,,
780,96.0115509,,,
779.5,96.03697968,,,
779,96.05057526,,,
778.5,96.09773254,,,
778,96.05943298,,,
777.5,96.11147308,,,
777,96.15747833,,,
776.5,96.15166473,,,
776,96.15878296,,,
775.5,96.23945618,,,
775,96.23666382,,,
774.5,96.27716827,,,
774,96.2746582,,,
773.5,96.3167038,,,
773,96.32040405,,,
772.5,96.35735321,,,
772,96.35525513,,,
771.5,96.39134979,,,
771,96.4447937,,,
770.5,96.45838165,,,
770,96.47087097,,,
769.5,96.52205658,,,
769,96.52812958,,,
768.5,96.56430817,,,
768,96.56152344,,,
767.5,96.60947418,,,
767,96.64810181,,,
766.5,96.67756653,,,
766,96.70475769,,,
765.5,96.71943665,,,
765,96.74534607,,,
764.5,96.73814392,,,
764,96.79310608,,,
763.5,96.84790802,,,
763,96.8703537,,,
762.5,96.89276886,,,
762,96.92302704,,,
761.5,96.95371246,,,
761,96.9897995,,,
760.5,97.00167084,,,
760,97.01403046,,,
759.5,97.08901978,,,
759,97.11652374,,,
758.5,97.13430023,,,
758,97.15625,,,
757.5,97.18036652,,,
757,97.22719574,,,
756.5,97.24806213,,,
756,97.27243042,,,
755.5,97.32632446,,,
755,97.37108612,,,
754.5,97.36421204,,,
754,97.41020966,,,
753.5,97.44745636,,,
753,97.47160339,,,
752.5,97.50163269,,,
752,97.53255463,,,
751.5,97.58084869,,,
751,97.60901642,,,
750.5,97.65893555,,,
750,97.65576172,,,
749.5,97.69403839,,,
749,97.72775269,,,
748.5,97.75214386,,,
748,97.80511475,,,
747.5,97.84111023,,,
747,97.86849213,,,
746.5,97.86846924,,,
746,97.94282532,,,
745.5,97.93796539,,,
745,98.00040436,,,
744.5,98.05223083,,,
744,98.07891083,,,
743.5,98.1048584,,,
743,98.13806152,,,
742.5,98.15892792,,,
742,98.18630219,,,
741.5,98.22174835,,,
741,98.26928711,,,
740.5,98.32423401,,,
740,98.30630493,,,
739.5,98.36458588,,,
739,98.3828125,,,
738.5,98.4284668,,,
738,98.45252991,,,
737.5,98.50724792,,,
737,98.53320313,,,
736.5,98.55684662,,,
736,98.60962677,,,
735.5,98.60992432,,,
735,98.65999603,,,
734.5,98.67105103,,,
734,98.70900726,,,
733.5,98.78066254,,,
733,98.80015564,,,
732.5,98.82489777,,,
732,98.85275269,,,
731.5,98.86001587,,,
731,98.88567352,,,
730.5,98.9349823,,,
730,98.98513031,,,
729.5,99.0006485,,,
729,99.03636932,,,
728.5,99.08891296,,,
728,99.08979797,,,
727.5,99.15116119,,,
727,99.15357208,,,
726.5,99.20780182,,,
726,99.23854828,,,
725.5,99.26554871,,,
725,99.28488922,,,
724.5,99.30900574,,,
724,99.35560608,,,
723.5,99.40065765,,,
723,99.4378891,,,
722.5,99.46263885,,,
722,99.48264313,,,
721.5,99.50053406,,,
721,99.53581238,,,
720.5,99.56639862,,,
720,99.58628082,,,
719.5,99.64293671,,,
719,99.67339325,,,
718.5,99.69589233,,,
718,99.71569824,,,
717.5,99.73900604,,,
717,99.76952362,,,
716.5,99.79598236,,,
716,99.84265137,,,
715.5,99.87314606,,,
715,99.90730286,,,
714.5,99.91663361,,,
714,99.95108795,,,
713.5,99.97632599,,,
713,99.99234772,,,
712.5,100.0425186,,,
712,100.0762024,,,
711.5,100.1057358,,,
711,100.1100388,,,
710.5,100.1543884,,,
710,100.1581345,,,
709.5,100.2035294,,,
709,100.2453766,,,
708.5,100.2643967,,,
708,100.2883682,,,
707.5,100.3196259,,,
707,100.3259048,,,
706.5,100.3492966,,,
706,100.4032974,,,
705.5,100.4103546,,,
705,100.4526825,,,
704.5,100.4696274,,,
704,100.5020752,,,
703.5,100.5127182,,,
703,100.5570679,,,
702.5,100.5792618,,,
702,100.6104126,,,
701.5,100.623909,,,
701,100.6408463,,,
700.5,100.6604691,,,
700,100.6740799,,,
699.5,100.7403259,,,
699,100.7500381,,,
698.5,100.7743607,,,
698,100.7916718,,,
697.5,100.8140106,,,
697,100.8318634,,,
696.5,100.8627167,,,
696,100.8884811,,,
695.5,100.9100952,,,
695,100.9261932,,,
694.5,100.9632797,,,
694,100.96595,,,
693.5,101.0099869,,,
693,101.0496292,,,
692.5,101.0483017,,,
692,101.0782394,,,
691.5,101.0949478,,,
691,101.1191101,,,
690.5,101.1681213,,,
690,101.1821365,,,
689.5,101.2039795,,,
689,101.2174225,,,
688.5,101.2328873,,,
688,101.2497406,,,
687.5,101.2609329,,,
687,101.3118591,,,
686.5,101.3326492,,,
686,101.3579254,,,
685.5,101.3759155,,,
685,101.3834839,,,
684.5,101.4154816,,,
684,101.4389496,,,
683.5,101.4538269,,,
683,101.4743118,,,
682.5,101.4863129,,,
682,101.5152588,,,
681.5,101.5569534,,,
681,101.570282,,,
680.5,101.6001587,,,
680,101.6215897,,,
679.5,101.6259766,,,
679,101.6499634,,,
678.5,101.6825943,,,
678,101.6949158,,,
677.5,101.729393,,,
677,101.7433319,,,
676.5,101.7612228,,,
676,101.7728577,,,
675.5,101.7840042,,,
675,101.8375397,,,
674.5,101.8485184,,,
674,101.8685608,,,
673.5,101.8705215,,,
673,101.9081345,,,
672.5,101.9333801,,,
672,101.9471054,,,
671.5,101.9821625,,,
671,102.0023804,,,
670.5,102.0104294,,,
670,102.0311813,,,
669.5,102.0425186,,,
669,102.089325,,,
668.5,102.1108398,,,
668,102.127388,,,
667.5,102.14151,,,
667,102.1608582,,,
666.5,102.1750336,,,
666,102.1877899,,,
665.5,102.2409439,,,
665,102.255188,,,
664.5,102.2701263,,,
664,102.2837067,,,
663.5,102.306076,,,
663,102.3264084,,,
662.5,102.3418579,,,
662,102.3731384,,,
661.5,102.4119034,,,
661,102.4201965,,,
660.5,102.4399872,,,
660,102.4598694,,,
659.5,102.4838562,,,
659,102.4966583,,,
658.5,102.5380249,,,
658,102.5593185,,,
657.5,102.5732651,,,
657,102.600769,,,
656.5,102.6199341,,,
656,102.6332474,,,
655.5,102.653923,,,
655,102.6775742,,,
654.5,102.6843796,,,
654,102.7261353,,,
653.5,102.7625427,,,
653,102.7799606,,,
652.5,102.8005829,,,
652,102.8191452,,,
651.5,102.8265991,,,
651,102.8499756,,,
650.5,102.866539,,,
650,102.8778305,,,
649.5,102.898941,,,
649,102.9260254,,,
648.5,102.9461288,,,
648,102.9652328,,,
647.5,102.9759293,,,
647,102.9950867,,,
646.5,103.0426178,,,
646,103.053833,,,
645.5,103.0778046,,,
645,103.098526,,,
644.5,103.1133194,,,
644,103.1321869,,,
643.5,103.1481247,,,
643,103.1574478,,,
642.5,103.1814957,,,
642,103.203186,,,
641.5,103.2134628,,,
641,103.2326126,,,
640.5,103.2509079,,,
640,103.2606125,,,
639.5,103.2787704,,,
639,103.2988434,,,
638.5,103.3098221,,,
638,103.3184433,,,
637.5,103.3319016,,,
637,103.352562,,,
636.5,103.3604126,,,
636,103.3712616,,,
635.5,103.3876419,,,
635,103.4075775,,,
634.5,103.4122467,,,
634,103.4232635,,,
633.5,103.4367065,,,
633,103.4446945,,,
632.5,103.454422,,,
632,103.463707,,,
631.5,103.4815292,,,
631,103.4909515,,,
630.5,103.4960251,,,
630,103.5031662,,,
629.5,103.5030823,,,
629,103.4947662,,,
628.5,103.4974823,,,
628,103.5012741,,,
627.5,103.5052567,,,
627,103.5115585,,,
626.5,103.5184402,,,
626,103.5283051,,,
625.5,103.5299759,,,
625,103.5312195,,,
624.5,103.5438766,,,
624,103.5456772,,,
623.5,103.5480118,,,
623,103.538765,,,
622.5,103.547966,,,
622,103.5424118,,,
621.5,103.5526733,,,
621,103.5563583,,,
620.5,103.5503769,,,
620,103.5547714,,,
619.5,103.5485153,,,
619,103.5426865,,,
618.5,103.526947,,,
618,103.5357208,,,
617.5,103.5248032,,,
617,103.5265427,,,
616.5,103.5207596,,,
616,103.5166397,,,
615.5,103.507019,,,
615,103.4996872,,,
614.5,103.5027161,,,
614,103.4853592,,,
613.5,103.4892197,,,
613,103.4766083,,,
612.5,103.4754791,,,
612,103.4591522,,,
611.5,103.4499741,,,
611,103.443634,,,
610.5,103.428688,,,
610,103.4620667,,,
609.5,103.4494781,,,
609,103.4408188,,,
608.5,103.4305954,,,
608,103.423645,,,
607.5,103.4096146,,,
607,103.4221878,,,
606.5,103.4341583,,,
606,103.4235611,,,
605.5,103.4270554,,,
605,103.4225693,,,
604.5,103.4221191,,,
604,103.4130249,,,
603.5,103.4118805,,,
603,103.4449234,,,
602.5,103.4482346,,,
602,103.4448853,,,
601.5,103.44207,,,
601,103.4419174,,,
600.5,103.445137,,,
600,103.4556046,,,
599.5,103.449585,,,
599,103.4614563,,,
598.5,103.4599915,,,
598,103.4744492,,,
597.5,103.4772873,,,
597,103.4811249,,,
596.5,103.4851761,,,
596,103.5063248,,,
595.5,103.5013809,,,
595,103.5116043,,,
594.5,103.525589,,,
594,103.5325317,,,
593.5,103.5358047,,,
593,103.5612946,,,
592.5,103.5686646,,,
592,103.579483,,,
591.5,103.5899734,,,
591,103.604332,,,
590.5,103.5737991,,,
590,103.5894241,,,
589.5,103.6019897,,,
589,103.6225052,,,
588.5,103.6336288,,,
588,103.6237335,,,
587.5,103.6344757,,,
587,103.6483154,,,
586.5,103.666214,,,
586,103.6595688,,,
585.5,103.6650772,,,
585,103.6859665,,,
584.5,103.7059174,,,
584,103.7264328,,,
583.5,103.7062759,,,
583,103.7097015,,,
582.5,103.7389755,,,
582,103.7712479,,,
581.5,103.7776489,,,
581,103.7620392,,,
580.5,103.771637,,,
580,103.7885513,,,
579.5,103.8168411,,,
579,103.8311157,,,
578.5,103.8517838,,,
578,103.8309784,,,
577.5,103.8533096,,,
577,103.8670044,,,
576.5,103.8951187,,,
576,103.9087143,,,
575.5,103.91642,,,
575,103.9449463,,,
574.5,103.9178238,,,
574,103.9453506,,,
573.5,103.9526672,,,
573,103.9736252,,,
572.5,103.9857407,,,
572,104.0091858,,,
571.5,104.024353,,,
571,104.038681,,,
570.5,104.0528641,,,
570,104.0630722,,,
569.5,104.1200638,,,
569,104.115036,,,
568.5,104.0951157,,,
568,104.1046982,,,
567.5,104.1151199,,,
567,104.1316605,,,
566.5,104.1591873,,,
566,104.1736755,,,
565.5,104.1686554,,,
565,104.1708374,,,
564.5,104.1877594,,,
564,104.1907654,,,
563.5,104.2068939,,,
563,104.2227783,,,
562.5,104.2223434,,,
562,104.2268982,,,
561.5,104.2372131,,,
561,104.2530441,,,
560.5,104.2634277,,,
560,104.2698288,,,
559.5,104.2772293,,,
559,104.2974625,,,
558.5,104.3010941,,,
558,104.3157196,,,
557.5,104.3161545,,,
557,104.3266296,,,
556.5,104.3492813,,,
556,104.3518066,,,
555.5,104.354187,,,
555,104.3697815,,,
554.5,104.3821106,,,
554,104.3954697,,,
553.5,104.3996582,,,
553,104.4135895,,,
552.5,104.4206848,,,
552,104.4346695,,,
551.5,104.4444656,,,
551,104.4543381,,,
550.5,104.453186,,,
550,104.4799957,,,
549.5,104.4842224,,,
549,104.4956894,,,
548.5,104.4950943,,,
548,104.5051117,,,
547.5,104.5183792,,,
547,104.5368423,,,
546.5,104.5471649,,,
546,104.5493164,,,
545.5,104.557106,,,
545,104.5555573,,,
544.5,104.5628204,,,
544,104.5713806,,,
543.5,104.5685501,,,
543,104.600563,,,
542.5,104.6306763,,,
542,104.6455765,,,
541.5,104.6645203,,,
541,104.6654587,,,
540.5,104.6699295,,,
540,104.6813583,,,
539.5,104.6934586,,,
539,104.7127609,,,
538.5,104.7211609,,,
538,104.7343292,,,
537.5,104.7361374,,,
537,104.752121,,,
536.5,104.7679672,,,
536,104.770401,,,
535.5,104.7816772,,,
535,104.7846298,,,
534.5,104.8097839,,,
534,104.8150406,,,
533.5,104.8324203,,,
533,104.8538818,,,
532.5,104.8624039,,,
532,104.8671265,,,
531.5,104.8757324,,,
531,104.9029236,,,
530.5,104.9039612,,,
530,104.9207001,,,
529.5,104.9713593,,,
529,104.9918442,,,
528.5,104.9975739,,,
528,105.0099258,,,
527.5,105.020607,,,
527,105.037178,,,
526.5,105.0438156,,,
526,105.0514069,,,
525.5,105.0814896,,,
525,105.0859909,,,
524.5,105.0932312,,,
524,105.1058884,,,
523.5,105.1230774,,,
523,105.1420364,,,
522.5,105.1462173,,,
522,105.1634445,,,
521.5,105.16642,,,
521,105.1857681,,,
520.5,105.2008896,,,
520,105.205986,,,
519.5,105.2191238,,,
519,105.2384949,,,
518.5,105.255661,,,
518,105.2650681,,,
517.5,105.2680588,,,
517,105.2748337,,,
516.5,105.3006668,,,
516,105.3041,,,
515.5,105.3250198,,,
515,105.3332367,,,
514.5,105.3421249,,,
514,105.358902,,,
513.5,105.3650589,,,
513,105.383934,,,
512.5,105.3910599,,,
512,105.4060211,,,
511.5,105.4147339,,,
511,105.41996,,,
510.5,105.4328918,,,
510,105.4410477,,,
509.5,105.4638977,,,
509,105.4725189,,,
508.5,105.4860458,,,
508,105.5056839,,,
507.5,105.5197601,,,
507,105.5226593,,,
506.5,105.5440903,,,
506,105.5517426,,,
505.5,105.5634232,,,
505,105.5683594,,,
504.5,105.5819244,,,
504,105.5955887,,,
503.5,105.6012268,,,
503,105.6173172,,,
502.5,105.6352844,,,
502,105.6502075,,,
501.5,105.6619644,,,
501,105.6743622,,,
500.5,105.6883469,,,
500,105.7000885,,,
499.5,105.7110748,,,
499,105.7315598,,,
498.5,105.751442,,,
498,105.7559738,,,
497.5,105.7750854,,,
497,105.7736664,,,
496.5,105.7888412,,,
496,105.8121414,,,
495.5,105.8264008,,,
495,105.8299637,,,
494.5,105.8385696,,,
494,105.8663712,,,
493.5,105.878006,,,
493,105.895874,,,
492.5,105.9087067,,,
492,105.9156036,,,
491.5,105.9363098,,,
491,105.9475555,,,
490.5,105.9595795,,,
490,105.9736862,,,
489.5,105.988121,,,
489,105.9967651,,,
488.5,106.0206528,,,
488,106.0515442,,,
487.5,106.0481873,,,
487,106.0705643,,,
486.5,106.0734482,,,
486,106.0955048,,,
485.5,106.1080322,,,
485,106.1293945,,,
484.5,106.1445618,,,
484,106.163002,,,
483.5,106.1721115,,,
483,106.1893921,,,
482.5,106.2073669,,,
482,106.2161102,,,
481.5,106.2471008,,,
481,106.2504654,,,
480.5,106.2704544,,,
480,106.2825317,,,
479.5,106.2975159,,,
479,106.3167572,,,
478.5,106.3307648,,,
478,106.3433762,,,
477.5,106.3644028,,,
477,106.3797379,,,
476.5,106.3963776,,,
476,106.4074249,,,
475.5,106.4193954,,,
475,106.445015,,,
474.5,106.460556,,,
474,106.4697113,,,
473.5,106.4958572,,,
473,106.4977493,,,
472.5,106.5168381,,,
472,106.5417633,,,
471.5,106.5508957,,,
471,106.5722351,,,
470.5,106.5896149,,,
470,106.5993881,,,
469.5,106.6147766,,,
469,106.6454086,,,
468.5,106.6593857,,,
468,106.6829071,,,
467.5,106.687973,,,
467,106.7000427,,,
466.5,106.7174683,,,
466,106.7357025,,,
465.5,106.7418671,,,
465,106.7717896,,,
464.5,106.7772522,,,
464,106.803093,,,
463.5,106.8114319,,,
463,106.8295822,,,
462.5,106.8605042,,,
462,106.8583221,,,
461.5,106.87883,,,
461,106.8930664,,,
460.5,106.9104996,,,
460,106.921051,,,
459.5,106.9406281,,,
459,106.9700394,,,
458.5,106.9740982,,,
458,106.9942703,,,
457.5,107.0144272,,,
457,107.0202026,,,
456.5,107.0436325,,,
456,107.0669632,,,
455.5,107.0860291,,,
455,107.1059799,,,
454.5,107.1105042,,,
454,107.1243057,,,
453.5,107.1486816,,,
453,107.1553574,,,
452.5,107.1790085,,,
452,107.1935196,,,
451.5,107.2054367,,,
451,107.2324524,,,
450.5,107.2466888,,,
450,107.2535248,,,
449.5,107.2629242,,,
449,107.2895432,,,
448.5,107.3044891,,,
448,107.3172684,,,
447.5,107.3388214,,,
447,107.3484268,,,
446.5,107.3748932,,,
446,107.3885956,,,
445.5,107.4156036,,,
445,107.4143906,,,
444.5,107.4415817,,,
444,107.4497681,,,
443.5,107.4240341,,,
443,107.4382629,,,
442.5,107.4516983,,,
442,107.4649811,,,
441.5,107.4841843,,,
441,107.4934006,,,
440.5,107.5034485,,,
440,107.5280457,,,
439.5,107.5382462,,,
439,107.5521317,,,
438.5,107.5651398,,,
438,107.5775528,,,
437.5,107.6043854,,,
437,107.6102829,,,
436.5,107.637558,,,
436,107.643631,,,
435.5,107.6580505,,,
435,107.6710358,,,
434.5,107.6913223,,,
434,107.699707,,,
433.5,107.6592178,,,
433,107.6864243,,,
432.5,107.6863022,,,
432,107.707962,,,
431.5,107.7256317,,,
431,107.7368469,,,
430.5,107.7417221,,,
430,107.7610245,,,
429.5,107.7729721,,,
429,107.7797318,,,
428.5,107.802269,,,
428,107.8002701,,,
427.5,107.8132782,,,
427,107.8283539,,,
426.5,107.841362,,,
426,107.8637466,,,
425.5,107.8285904,,,
425,107.8349838,,,
424.5,107.8412018,,,
424,107.8568954,,,
423.5,107.8681946,,,
423,107.8766251,,,
422.5,107.8899155,,,
422,107.910347,,,
421.5,107.9164886,,,
421,107.9373627,,,
420.5,107.9317322,,,
420,107.9542007,,,
419.5,107.9741592,,,
419,107.9366302,,,
418.5,107.9375153,,,
418,107.9431152,,,
417.5,107.972023,,,
417,107.9833374,,,
416.5,107.9926605,,,
416,108.0052109,,,
415.5,108.0073624,,,
415,107.9914932,,,
414.5,107.9935226,,,
414,108.0141068,,,
413.5,108.0202484,,,
413,108.039032,,,
412.5,108.04496,,,
412,108.0730896,,,
411.5,108.0788269,,,
411,108.0362778,,,
410.5,108.0600128,,,
410,108.0617752,,,
409.5,108.0926056,,,
409,108.1003418,,,
408.5,108.1189423,,,
408,108.1414108,,,
407.5,108.0998764,,,
407,108.1039276,,,
406.5,108.115593,,,
406,108.1403885,,,
405.5,108.1533432,,,
405,108.1473236,,,
404.5,108.1692352,,,
404,108.157608,,,
403.5,108.151474,,,
403,108.1646347,,,
402.5,108.183876,,,
402,108.2126617,,,
401.5,108.1952057,,,
401,108.2229004,,,
400.5,108.1889038,,,
400,108.1858673,,,
399.5,108.2142258,,,
399,108.2164612,,,
398.5,108.2217102,,,
398,108.2259674,,,
397.5,108.2350616,,,
397,108.2540359,,,
396.5,108.2295303,,,
396,108.2224121,,,
395.5,108.2060852,,,
395,108.2366714,,,
394.5,108.2439194,,,
394,108.2526779,,,
393.5,108.2510986,,,
393,108.271431,,,
392.5,108.2704391,,,
392,108.2348557,,,
391.5,108.2354431,,,
391,108.2487946,,,
390.5,108.2223206,,,
390,108.2383423,,,
389.5,108.2455521,,,
389,108.2406387,,,
388.5,108.2474213,,,
388,108.2361908,,,
387.5,108.253685,,,
387,108.1976166,,,
386.5,108.2018585,,,
386,108.1877975,,,
385.5,108.1920395,,,
385,108.1902771,,,
384.5,108.1781845,,,
384,108.1843719,,,
383.5,108.1697922,,,
383,108.1681366,,,
382.5,108.1531754,,,
382,108.1007614,,,
381.5,108.07341,,,
381,108.0767136,,,
380.5,108.0589447,,,
380,108.0555115,,,
379.5,108.0525513,,,
379,108.043541,,,
378.5,108.0139847,,,
378,108.0022964,,,
377.5,107.9910736,,,
377,107.9658661,,,
376.5,107.900032,,,
376,107.8826065,,,
375.5,107.8623276,,,
375,107.8512802,,,
374.5,107.8480453,,,
374,107.8218079,,,
373.5,107.8071213,,,
373,107.767128,,,
372.5,107.7856216,,,
372,107.7487946,,,
371.5,107.6938248,,,
371,107.6616287,,,
370.5,107.6524277,,,
370,107.6370087,,,
369.5,107.6289673,,,
369,107.6050491,,,
368.5,107.5845337,,,
368,107.5758209,,,
367.5,107.5542603,,,
367,107.5346451,,,
366.5,107.4731216,,,
366,107.4630356,,,
365.5,107.428299,,,
365,107.4039459,,,
364.5,107.4139557,,,
364,107.385231,,,
363.5,107.3713531,,,
363,107.3387527,,,
362.5,107.2826767,,,
362,107.2590942,,,
361.5,107.2591324,,,
361,107.2208023,,,
360.5,107.1975098,,,
360,107.1913605,,,
359.5,107.1532516,,,
359,107.1374054,,,
358.5,107.0934448,,,
358,107.0540466,,,
357.5,107.0056763,,,
357,107.0058212,,,
356.5,106.9644775,,,
356,106.9614182,,,
355.5,106.9208145,,,
355,106.8951492,,,
354.5,106.820549,,,
354,106.7952957,,,
353.5,106.7796478,,,
353,106.7489853,,,
352.5,106.7159882,,,
352,106.7047501,,,
351.5,106.6378098,,,
351,106.5967712,,,
350.5,106.5608292,,,
350,106.5776596,,,
349.5,106.5180893,,,
349,106.4695129,,,
348.5,106.4369049,,,
348,106.4085007,,,
347.5,106.3982391,,,
347,106.3674469,,,
346.5,106.2950516,,,
346,106.2809601,,,
345.5,106.27388,,,
345,106.2346191,,,
344.5,106.2273026,,,
344,106.1617584,,,
343.5,106.1336288,,,
343,106.1263351,,,
342.5,106.1027298,,,
342,106.0295334,,,
341.5,105.9968567,,,
341,105.9906235,,,
340.5,105.9652481,,,
340,105.903183,,,
339.5,106.0240631,,,
339,106.0236588,,,
338.5,105.9971237,,,
338,105.977417,,,
337.5,105.9050903,,,
337,105.8828506,,,
336.5,105.8779449,,,
336,105.8604736,,,
335.5,105.8408966,,,
335,105.8357086,,,
334.5,105.778923,,,
334,105.7577972,,,
333.5,105.7495499,,,
333,105.7310333,,,
332.5,105.7361221,,,
332,105.6881866,,,
331.5,105.6489334,,,
331,105.6506271,,,
330.5,105.6061172,,,
330,105.5994492,,,
329.5,105.6037064,,,
329,105.5940857,,,
328.5,105.5220337,,,
328,105.5003662,,,
327.5,105.4960861,,,
327,105.4969635,,,
326.5,105.4700851,,,
326,105.4662094,,,
325.5,105.4630051,,,
325,105.3865204,,,
324.5,100.5220871,,,
324,100.4394379,,,
323.5,100.4178848,,,
323,100.4090805,,,
322.5,100.3650055,,,
322,100.3996277,,,
321.5,100.3455887,,,
321,100.3636627,,,
320.5,100.354599,,,
320,100.3511658,,,
319.5,100.3140945,,,
319,100.3036499,,,
318.5,100.3002777,,,
318,100.2775345,,,
317.5,100.331665,,,
317,100.2952728,,,
316.5,100.3158951,,,
316,100.3146973,,,
315.5,100.2884521,,,
315,100.261879,,,
314.5,100.2676163,,,
314,100.2259979,,,
313.5,100.2150803,,,
313,100.2457504,,,
312.5,100.2334213,,,
312,100.2263641,,,
311.5,100.2434387,,,
311,100.2083511,,,
310.5,100.1849976,,,
310,100.2060165,,,
309.5,100.1592178,,,
309,100.1839294,,,
308.5,100.2066498,,,
308,100.1626816,,,
307.5,100.1514816,,,
307,100.1512299,,,
306.5,100.1567459,,,
306,100.1219788,,,
305.5,100.141716,,,
305,100.1140366,,,
304.5,100.1430511,,,
304,100.1116028,,,
303.5,100.1473083,,,
303,100.1421585,,,
302.5,100.0908051,,,
302,100.0896301,,,
301.5,100.0918274,,,
301,100.0827942,,,
300.5,100.0798798,,,
300,100.1129608,,,
299.5,100.0720062,,,
299,100.0723495,,,
298.5,100.0537033,,,
298,100.0775452,,,
297.5,100.0623474,,,
297,100.0453568,,,
296.5,100.0521545,,,
296,100.0672226,,,
295.5,100.1018066,,,
295,100.0637512,,,
294.5,100.0689774,,,
294,100.0394974,,,
293.5,100.1089096,,,
293,100.0823975,,,
292.5,100.0932083,,,
292,100.0844955,,,
291.5,100.0869522,,,
291,100.0648499,,,
290.5,100.1160126,,,
290,100.1280899,,,
289.5,100.1063004,,,
289,100.0985947,,,
288.5,100.0844116,,,
288,100.083992,,,
287.5,100.1141815,,,
287,100.1167908,,,
286.5,100.100853,,,
286,100.104393,,,
285.5,100.0943146,,,
285,100.104126,,,
284.5,100.0921249,,,
284,100.1516571,,,
283.5,100.133255,,,
283,100.125061,,,
282.5,100.1206512,,,
282,100.1361618,,,
281.5,100.1387711,,,
281,100.1770172,,,
280.5,100.1799088,,,
280,100.1830673,,,
279.5,100.1815567,,,
279,100.1855164,,,
278.5,100.1632004,,,
278,100.1795654,,,
277.5,100.2266846,,,
277,100.2382507,,,
276.5,100.2508774,,,
276,100.2525177,,,
275.5,100.2524948,,,
275,100.265274,,,
274.5,100.2839432,,,
274,100.3427963,,,
273.5,100.3586655,,,
273,100.3730621,,,
272.5,100.3697891,,,
272,100.3888397,,,
271.5,100.4017944,,,
271,100.4183044,,,
270.5,100.4412918,,,
270,100.5064163,,,
269.5,100.536705,,,
269,100.5541916,,,
268.5,100.571228,,,
268,100.6206741,,,
267.5,100.6337509,,,
267,100.6558762,,,
266.5,100.7397766,,,
266,100.7851257,,,
265.5,100.7997055,,,
265,100.826416,,,
264.5,100.8731613,,,
264,100.8905182,,,
263.5,100.9189453,,,
263,101.0127792,,,
262.5,101.0418854,,,
262,101.068512,,,
261.5,101.0981216,,,
261,101.1347275,,,
260.5,101.1513214,,,
260,101.1780853,,,
259.5,101.2304306,,,
259,101.2428284,,,
258.5,101.2814407,,,
258,101.3739319,,,
257.5,101.3908615,,,
257,101.4361649,,,
256.5,101.4530563,,,
256,101.4825821,,,
255.5,101.5162811,,,
255,101.5398407,,,
254.5,101.5482941,,,
254,101.5756149,,,
253.5,101.5925903,,,
253,101.6427002,,,
252.5,101.6674042,,,
252,101.6844254,,,
251.5,101.6981506,,,
251,101.7166519,,,
250.5,101.7048721,,,
250,101.7159424,,,
249.5,101.7163239,,,
249,101.6969528,,,
248.5,101.6928711,,,
248,101.6720047,,,
247.5,101.6696243,,,
247,101.6502533,,,
246.5,101.6316147,,,
246,101.6118011,,,
245.5,101.5915375,,,
245,101.5800705,,,
244.5,101.5576477,,,
244,101.5596848,,,
243.5,101.5838394,,,
243,101.5484695,,,
242.5,101.5280609,,,
242,101.480423,,,
241.5,101.4619598,,,
241,101.4349136,,,
240.5,101.3940582,,,
240,101.3659363,,,
239.5,101.3339615,,,
239,101.3167496,,,
238.5,101.3157349,,,
238,101.2859116,,,
237.5,101.2626495,,,
237,101.2596741,,,
236.5,101.2435226,,,
236,101.2436829,,,
235.5,101.2118454,,,
235,101.182869,,,
234.5,101.1520157,,,
234,101.1433258,,,
233.5,101.1175537,,,
233,101.082489,,,
232.5,101.0550537,,,
232,101.0225067,,,
231.5,100.9809265,,,
231,100.962532,,,
230.5,100.9175568,,,
230,100.8920898,,,
229.5,100.8573074,,,
229,100.845108,,,
228.5,100.8174744,,,
228,100.7758408,,,
227.5,100.7431412,,,
227,100.6564941,,,
226.5,100.6269073,,,
226,100.5907211,,,
225.5,100.5715942,,,
225,100.530777,,,
224.5,100.5037537,,,
224,100.4682312,,,
223.5,100.4006271,,,
223,100.3734818,,,
222.5,100.326088,,,
222,100.2941132,,,
221.5,100.2553101,,,
221,100.2359848,,,
220.5,100.1516113,,,
220,100.1044388,,,
219.5,100.0621643,,,
219,100.0363846,,,
218.5,99.95052338,,,
218,99.93164825,,,
217.5,99.88301086,,,
217,99.84008789,,,
216.5,99.75884247,,,
216,99.71118164,,,
215.5,99.65888214,,,
215,99.6035614,,,
214.5,99.53482056,,,
214,99.50502777,,,
213.5,99.41453552,,,
213,99.36129761,,,
212.5,99.27738953,,,
212,99.26009369,,,
211.5,99.19911957,,,
211,99.08922577,,,
210.5,99.04788971,,,
210,98.94579315,,,
209.5,98.93023682,,,
209,98.85124969,,,
208.5,98.80361176,,,
208,98.77295685,,,
207.5,98.69485474,,,
207,98.66841888,,,
206.5,98.58667755,,,
206,98.5375824,,,
205.5,98.47845459,,,
205,98.45778656,,,
204.5,98.38536072,,,
204,98.32984924,,,
203.5,98.27511597,,,
203,98.24380493,,,
202.5,98.18161774,,,
202,98.1100235,,,
201.5,98.018013,,,
201,97.95890045,,,
200.5,97.92565918,,,
200,97.87732697,,,
199.5,97.84362793,,,
199,97.86987305,,,
198.5,97.93749237,,,
198,97.91529083,,,
197.5,97.94021606,,,
197,97.99967194,,,
196.5,98.02323914,,,
196,98.10418701,,,
195.5,98.06990814,,,
195,98.10921478,,,
194.5,98.14552307,,,
194,98.27648163,,,
193.5,98.22442627,,,
193,98.07472229,,,
192.5,98.14826965,,,
192,98.3285141,,,
191.5,98.34081268,,,
191,98.33302307,,,
190.5,98.20204163,,,
190,98.29804993,,,
189.5,98.14373016,,,

Baseline 100%T,
Baseline 100%T
Collection Time: 8/1/2025 1:14:50 PM
Operator Name  :
Scan Version 6.4.0.1610
Parameter List :
Instrument  Cary 5000
Instrument Version  3.07
Method Log     :
Method Name    : C:\Users\Cary5000 UV-Vis-NIR\Desktop\USERS\Calibraciones\Metodo Estandar calibrado reduced.MSW
Date/Time stamp: 3/12/2024 8:33:13 AM
Method Modifications:
ConcentrationReportSelected Changed: 1/29/2024 4:11:52 PM, Old:Choice 0, New:Choice 1
ConcentrationReportSelected Changed: 1/29/2024 4:11:52 PM, Old:ON, New:Choice 0
MCAReportSelected Changed: 1/29/2024 4:11:52 PM, Old:Choice 0, New:Choice 1
MCAReportSelected Changed: 1/29/2024 4:11:52 PM, Old:ON, New:Choice 0
X Start nm Changed: 1/29/2024 4:21:26 PM, Old:800.000, New:3300.000
X Stop nm Changed: 1/29/2024 4:21:26 PM, Old:200.000, New:190.000
UVVIS Scan Rate nm Changed: 1/29/2024 4:21:26 PM, Old:  602.007, New:  600.000
NIR Scan Rate nm Changed: 1/29/2024 4:21:26 PM, Old:    0.004, New:   12.000
Common Interval nm Changed: 1/29/2024 4:21:26 PM, Old:    1.000, New:    0.500
UVVIS SAT Changed: 1/29/2024 4:21:26 PM, Old: 0.100, New: 0.500
NIR SAT Changed: 1/29/2024 4:21:26 PM, Old: 0.100, New: 0.500
Common SAT Changed: 1/29/2024 4:21:26 PM, Old: 0.100, New: 0.500
SBW Changed: 1/29/2024 4:21:26 PM, Old:2.000, New:1.000
NIR slit width Changed: 1/29/2024 4:21:26 PM, Old:4.000, New:1.000
Common Slit Width Changed: 1/29/2024 4:21:26 PM, Old:2.000, New:1.000
Sipper Type Changed: 1/29/2024 4:21:26 PM, Old:Internal RSA, New:External sipper
UVVIS Scan Rate nm Changed: 1/29/2024 4:22:49 PM, Old:  600.000, New:  120.000
NIR Scan Rate nm Changed: 1/29/2024 4:22:49 PM, Old:   12.000, New:    2.400
Slit Height Changed: 1/29/2024 4:22:49 PM, Old:Full, New:Reduced
Slit Height Changed: 1/29/2024 4:22:51 PM, Old:Full, New:Reduced
UVVIS Scan Rate nm Changed: 1/29/2024 4:29:34 PM, Old:  120.000, New:   60.000
UVVIS Interval nm Changed: 1/29/2024 4:29:34 PM, Old:    1.000, New:    0.500
NIR Scan Rate nm Changed: 1/29/2024 4:29:34 PM, Old:    2.400, New:  300.000
NIR Interval nm Changed: 1/29/2024 4:29:34 PM, Old:    0.020, New:    1.000
Slit Height Changed: 1/29/2024 4:29:34 PM, Old:Reduced, New:Full
Idpt Control Changed: 1/29/2024 4:29:34 PM, Old:0, New:1
NIR SAT Changed: 1/29/2024 4:29:34 PM, Old: 0.500, New: 0.200
Baseline Correction Changed: 1/29/2024 4:29:34 PM, Old:0, New:1
Slit Height Changed: 1/29/2024 4:29:43 PM, Old:Reduced, New:Full
Saved as C:\Users\Cary5000 UV-Vis-NIR\Desktop\USERS\Calibraciones\Metodo Estandar calibrado.MSWOpened C:\Users\Cary5000 UV-Vis-NIR\Desktop\USERS\Calibraciones\Metodo Estandar calibrado.MSW
NIR SAT Changed: 1/29/2024 5:11:53 PM, Old: 0.200, New: 0.500
Source changeover Changed: 1/29/2024 5:11:53 PM, Old:   350.00, New:   325.00
NIR SAT Changed: 1/29/2024 5:11:53 PM, Old: 0.500, New: 0.200
Saved as C:\Users\Cary5000 UV-Vis-NIR\Desktop\USERS\Calibraciones\Metodo Estandar calibrado.MSWOpened C:\Users\Cary5000 UV-Vis-NIR\Desktop\USERS\Calibraciones\Metodo Estandar calibrado.MSW
NIR SAT Changed: 3/11/2024 2:42:29 PM, Old: 0.200, New: 0.500
Slit Height Changed: 3/11/2024 2:42:29 PM, Old:Full, New:Reduced
NIR SAT Changed: 3/11/2024 2:42:29 PM, Old: 0.500, New: 0.200
Slit Height Changed: 3/11/2024 2:42:30 PM, Old:Full, New:Reduced
Saved as C:\Users\Cary5000 UV-Vis-NIR\Desktop\USERS\Calibraciones\Metodo Estandar calibrado reduced.MSWOpened C:\Users\Cary5000 UV-Vis-NIR\Desktop\USERS\Calibraciones\Metodo Estandar calibrado reduced.MSW
NIR SAT Changed: 3/12/2024 8:32:42 AM, Old: 0.200, New: 0.500
Y mode Changed: 3/12/2024 8:32:42 AM, Old:Abs, New:%T
Y min Changed: 3/12/2024 8:32:42 AM, Old:     0.00, New:    -5.00
Y max Changed: 3/12/2024 8:32:42 AM, Old:     1.00, New:   105.00
NIR SAT Changed: 3/12/2024 8:32:42 AM, Old: 0.500, New: 0.200
Saved as C:\Users\Cary5000 UV-Vis-NIR\Desktop\USERS\Calibraciones\Metodo Estandar calibrado reduced.MSW
Opened C:\Users\Cary5000 UV-Vis-NIR\Desktop\USERS\Calibraciones\Metodo Estandar calibrado reduced.MSW
End Method Modifications
<Current Wavelength> , 189.500
<SBW (nm)> , 1.00
<Energy> , 794.33
<Slit Height> , Reduced

IRRAD BUDAPEST J4 0.4dpa POST VDG,
IRRAD BUDAPEST J4 0.4dpa POST VDG
Collection Time: 8/1/2025 1:37:15 PM
Operator Name  :
Scan Version 6.4.0.1610
Parameter List :
Instrument  Cary 5000
Instrument Version  3.07
Method Log     :
Method Name    : C:\Users\Cary5000 UV-Vis-NIR\Desktop\USERS\Calibraciones\Metodo Estandar calibrado reduced.MSW
Date/Time stamp: 3/12/2024 8:33:13 AM
Method Modifications:
ConcentrationReportSelected Changed: 1/29/2024 4:11:52 PM, Old:Choice 0, New:Choice 1
ConcentrationReportSelected Changed: 1/29/2024 4:11:52 PM, Old:ON, New:Choice 0
MCAReportSelected Changed: 1/29/2024 4:11:52 PM, Old:Choice 0, New:Choice 1
MCAReportSelected Changed: 1/29/2024 4:11:52 PM, Old:ON, New:Choice 0
X Start nm Changed: 1/29/2024 4:21:26 PM, Old:800.000, New:3300.000
X Stop nm Changed: 1/29/2024 4:21:26 PM, Old:200.000, New:190.000
UVVIS Scan Rate nm Changed: 1/29/2024 4:21:26 PM, Old:  602.007, New:  600.000
NIR Scan Rate nm Changed: 1/29/2024 4:21:26 PM, Old:    0.004, New:   12.000
Common Interval nm Changed: 1/29/2024 4:21:26 PM, Old:    1.000, New:    0.500
UVVIS SAT Changed: 1/29/2024 4:21:26 PM, Old: 0.100, New: 0.500
NIR SAT Changed: 1/29/2024 4:21:26 PM, Old: 0.100, New: 0.500
Common SAT Changed: 1/29/2024 4:21:26 PM, Old: 0.100, New: 0.500
SBW Changed: 1/29/2024 4:21:26 PM, Old:2.000, New:1.000
NIR slit width Changed: 1/29/2024 4:21:26 PM, Old:4.000, New:1.000
Common Slit Width Changed: 1/29/2024 4:21:26 PM, Old:2.000, New:1.000
Sipper Type Changed: 1/29/2024 4:21:26 PM, Old:Internal RSA, New:External sipper
UVVIS Scan Rate nm Changed: 1/29/2024 4:22:49 PM, Old:  600.000, New:  120.000
NIR Scan Rate nm Changed: 1/29/2024 4:22:49 PM, Old:   12.000, New:    2.400
Slit Height Changed: 1/29/2024 4:22:49 PM, Old:Full, New:Reduced
Slit Height Changed: 1/29/2024 4:22:51 PM, Old:Full, New:Reduced
UVVIS Scan Rate nm Changed: 1/29/2024 4:29:34 PM, Old:  120.000, New:   60.000
UVVIS Interval nm Changed: 1/29/2024 4:29:34 PM, Old:    1.000, New:    0.500
NIR Scan Rate nm Changed: 1/29/2024 4:29:34 PM, Old:    2.400, New:  300.000
NIR Interval nm Changed: 1/29/2024 4:29:34 PM, Old:    0.020, New:    1.000
Slit Height Changed: 1/29/2024 4:29:34 PM, Old:Reduced, New:Full
Idpt Control Changed: 1/29/2024 4:29:34 PM, Old:0, New:1
NIR SAT Changed: 1/29/2024 4:29:34 PM, Old: 0.500, New: 0.200
Baseline Correction Changed: 1/29/2024 4:29:34 PM, Old:0, New:1
Slit Height Changed: 1/29/2024 4:29:43 PM, Old:Reduced, New:Full
Saved as C:\Users\Cary5000 UV-Vis-NIR\Desktop\USERS\Calibraciones\Metodo Estandar calibrado.MSWOpened C:\Users\Cary5000 UV-Vis-NIR\Desktop\USERS\Calibraciones\Metodo Estandar calibrado.MSW
NIR SAT Changed: 1/29/2024 5:11:53 PM, Old: 0.200, New: 0.500
Source changeover Changed: 1/29/2024 5:11:53 PM, Old:   350.00, New:   325.00
NIR SAT Changed: 1/29/2024 5:11:53 PM, Old: 0.500, New: 0.200
Saved as C:\Users\Cary5000 UV-Vis-NIR\Desktop\USERS\Calibraciones\Metodo Estandar calibrado.MSWOpened C:\Users\Cary5000 UV-Vis-NIR\Desktop\USERS\Calibraciones\Metodo Estandar calibrado.MSW
NIR SAT Changed: 3/11/2024 2:42:29 PM, Old: 0.200, New: 0.500
Slit Height Changed: 3/11/2024 2:42:29 PM, Old:Full, New:Reduced
NIR SAT Changed: 3/11/2024 2:42:29 PM, Old: 0.500, New: 0.200
Slit Height Changed: 3/11/2024 2:42:30 PM, Old:Full, New:Reduced
Saved as C:\Users\Cary5000 UV-Vis-NIR\Desktop\USERS\Calibraciones\Metodo Estandar calibrado reduced.MSWOpened C:\Users\Cary5000 UV-Vis-NIR\Desktop\USERS\Calibraciones\Metodo Estandar calibrado reduced.MSW
NIR SAT Changed: 3/12/2024 8:32:42 AM, Old: 0.200, New: 0.500
Y mode Changed: 3/12/2024 8:32:42 AM, Old:Abs, New:%T
Y min Changed: 3/12/2024 8:32:42 AM, Old:     0.00, New:    -5.00
Y max Changed: 3/12/2024 8:32:42 AM, Old:     1.00, New:   105.00
NIR SAT Changed: 3/12/2024 8:32:42 AM, Old: 0.500, New: 0.200
Saved as C:\Users\Cary5000 UV-Vis-NIR\Desktop\USERS\Calibraciones\Metodo Estandar calibrado reduced.MSWOpened C:\Users\Cary5000 UV-Vis-NIR\Desktop\USERS\Calibraciones\Metodo Estandar calibrado reduced.MSW
UVVIS Scan Rate nm Changed: 8/1/2025 1:36:17 PM, Old:   60.000, New:   99.960
UVVIS Interval nm Changed: 8/1/2025 1:36:17 PM, Old:    0.500, New:    0.833
NIR Scan Rate nm Changed: 8/1/2025 1:36:17 PM, Old:  300.000, New:  500.100
NIR Interval nm Changed: 8/1/2025 1:36:17 PM, Old:    1.000, New:    1.667
NIR SAT Changed: 8/1/2025 1:36:17 PM, Old: 0.200, New: 0.500
NIR SAT Changed: 8/1/2025 1:36:17 PM, Old: 0.500, New: 0.200
Saved as C:\Users\Cary5000 UV-Vis-NIR\Desktop\USERS\Rafa\IRRAD BUDAPEST\IRRAD BUDAPEST J4 0.4dpa POST VDG\IRRAD BUDAPEST J4 0.4dpa POST VDG
End Method Modifications
<Current Wavelength> , 189.411
<SBW (nm)> , 1.00
<Energy> , 1096.48
<Slit Height> , Reduced

