time [min];Target T [ºC];T [ºC];T-sec [ºC];log(Leak rate/[mbar.l/s]);Heater voltage [v]
0,151700;17,000000;21,715190;21,730825;-11,305877;0,000000
0,260124;20,000000;21,688658;21,786728;-11,305047;0,000000
0,351831;20,000000;21,690080;21,789097;-11,305526;0,000000
0,443459;20,000000;21,607164;21,725613;-11,305622;0,000000
0,535199;20,000000;21,609533;21,758777;-11,305398;0,000000
0,626604;20,000000;21,676340;21,835049;-11,305462;0,000000
0,717992;20,000000;21,672549;21,811836;-11,305845;0,000000
0,809715;20,000000;21,663547;21,792413;-11,305430;0,000000
0,901353;20,000000;21,635593;21,790044;-11,305430;0,000000
0,992734;20,000000;21,637488;21,816574;-11,305653;0,000000
1,084107;20,000000;21,622800;21,816574;-11,304920;0,000000
1,176074;20,000000;21,607164;21,818942;-11,305590;0,000000
1,267487;20,000000;21,617588;21,828417;-11,305717;0,000000
1,359056;20,000000;21,651228;21,844050;-11,305430;0,000000
1,450761;20,000000;21,593423;21,857788;-11,310184;0,000000
1,542754;20,000000;21,610481;21,835049;-11,305813;0,000000
1,634310;20,000000;21,612376;21,829365;-11,307951;0,000000
1,725797;20,000000;21,584894;21,820364;-11,305398;0,000000
1,817405;20,000000;21,601478;21,836471;-11,307344;0,000000
1,909043;20,000000;21,572101;21,853998;-11,305239;0,000000
2,000748;20,003741;21,582999;21,841681;-11,302942;0,000000
2,092685;20,463425;21,522347;21,847840;-11,305685;0,000000
2,184571;20,922856;21,508131;21,794782;-11,306738;0,000000
2,276326;21,381628;21,525664;21,824627;-11,304760;0,000000
2,368525;21,842624;21,492967;21,836944;-11,306993;0,039861
2,461126;22,305629;21,492020;21,838365;-11,305685;0,092751
2,553582;22,767908;21,467378;21,828891;-11,305462;0,148260
2,646137;23,230687;21,468800;21,832207;-11,305813;0,200855
2,738520;23,692601;21,443684;21,808994;-11,305590;0,256377
2,830979;24,154895;21,406720;21,809468;-11,306292;0,313292
2,923683;24,618417;21,420463;21,837892;-11,305781;0,364567
3,016128;25,080640;21,426624;21,821311;-11,305909;0,416558
3,108618;25,543090;21,433732;21,858735;-11,306547;0,468467
3,201040;26,005198;21,392977;21,820837;-11,305845;0,525793
3,293766;26,468829;21,361224;21,813258;-11,305271;0,582267
3,386399;26,931997;21,363594;21,823206;-11,301793;0,634798
3,478832;27,394161;21,369281;21,792887;-11,305717;0,686836
3,571291;27,856457;21,337054;21,783886;-11,305622;0,743212
3,663825;28,319123;21,319044;21,794782;-11,305366;0,798009
3,756256;28,781279;21,334684;21,805204;-11,305781;0,848912
3,848898;29,244490;21,310514;21,831259;-11,305494;0,904473
3,941368;29,706840;21,350798;21,891421;-11,304632;0,952589
4,033836;30,169179;21,356011;21,893316;-11,305366;1,004701
4,126284;30,631418;21,389659;21,944949;-11,305526;1,053561
4,218748;31,093741;21,389185;21,960106;-11,305239;1,106319
4,311456;31,557280;21,444632;22,014578;-11,305526;1,152842
4,404086;32,020432;21,484912;22,099832;-11,305302;1,201049
4,496900;32,484501;21,575417;22,159506;-11,305079;1,243636
4,589350;32,946748;21,679183;22,235752;-11,306387;1,284502
4,681778;33,408892;21,743143;22,341351;-11,305302;1,329895
4,774250;33,871248;21,887632;22,506122;-11,305430;1,366132
4,866693;34,333467;22,046786;22,677023;-11,305972;1,400682
4,959161;34,795805;22,207811;22,814767;-11,305494;1,435031
5,051271;35,256355;22,420898;23,059918;-11,305653;1,463242
5,143753;35,718764;22,690278;23,311638;-11,305047;1,485247
5,236201;36,181004;22,973317;23,613439;-11,305111;1,505676
5,328633;36,643166;23,293187;23,907118;-11,305207;1,521898
5,421084;37,105418;23,696207;24,283443;-11,304282;1,528650
5,513739;37,568696;24,057475;24,673342;-11,305558;1,540279
5,606241;38,031207;24,515036;25,167014;-11,305143;1,540843
5,699175;38,495874;25,020117;25,659044;-11,305813;1,536236
5,791943;38,959716;25,559192;26,150615;-11,304696;1,527660
5,884304;39,421520;26,107437;26,708462;-11,306770;1,517805
5,976797;39,883987;26,701859;27,310562;-11,305271;1,502763
6,069202;40,346009;27,366653;27,941059;-11,305494;1,479647
6,161728;40,808638;28,018785;28,589542;-11,305462;1,458043
6,254411;41,272057;28,740186;29,268681;-11,303548;1,428633
6,347142;41,735710;29,452628;29,986879;-11,305111;1,400271
6,440045;42,200225;30,272705;30,755331;-11,305622;1,359737
6,532317;42,661587;31,048934;31,479561;-11,305558;1,323842
6,624736;43,123681;31,823420;32,249508;-11,306036;1,288230
6,717654;43,588272;32,623602;33,053588;-11,305239;1,249972
6,810172;44,050862;33,460438;33,855187;-11,305590;1,207308
6,903095;44,515473;34,305982;34,661801;-11,305558;1,163882
6,995795;44,978973;35,156708;35,476229;-11,305813;1,119738
7,088348;45,441739;36,037384;36,314114;-11,302399;1,072096
7,180780;45,903902;36,897028;37,104418;-11,305558;1,026784
7,273202;46,366008;37,821344;37,993095;-11,305685;0,974092
7,365401;46,827003;38,701519;38,861010;-11,305685;0,926305
7,457555;47,287774;39,542324;39,679097;-11,305526;0,882981
7,550018;47,750091;40,404861;40,523139;-11,305813;0,837356
7,642207;48,211037;41,256750;41,379361;-11,305622;0,792789
7,734912;48,674562;42,077328;42,226125;-11,305590;0,752085
7,827127;49,135635;42,887117;43,025127;-11,305398;0,712331
7,919281;49,596404;43,721675;43,828480;-11,305271;0,669719
8,011731;50,058657;44,524343;44,613213;-11,305558;0,630912
8,103918;50,519588;45,326498;45,425979;-11,305558;0,592012
8,196905;50,984523;46,055148;46,128848;-11,305271;0,561949
8,289340;51,446702;46,791730;46,830645;-11,309673;0,530667
8,382067;51,910333;47,473963;47,501051;-11,305622;0,505746
8,474406;52,372028;48,129243;48,139193;-11,305207;0,483678
8,567117;52,835584;48,759232;48,759463;-11,305685;0,464704
8,659654;53,298270;49,301774;49,328364;-11,305877;0,455601
8,751864;53,759320;49,851971;49,885485;-11,305781;0,445438
8,844245;54,221225;50,370308;50,397803;-11,305239;0,439004
8,937279;54,686393;50,869527;50,887542;-11,305622;0,435123
9,029623;55,148117;51,342720;51,357498;-11,305398;0,433815
9,122151;55,610754;51,750904;51,780913;-11,306036;0,440023
9,215404;56,077018;52,156674;52,183907;-11,305398;0,446919
9,308318;56,541592;52,542499;52,554036;-11,305558;0,455897
9,401590;57,007948;52,887172;52,930539;-11,305462;0,469768
9,494837;57,474186;53,216320;53,261524;-11,305526;0,485397
9,587998;57,939992;53,480376;53,541253;-11,305749;0,508396
9,681530;58,407648;53,788428;53,867738;-11,305526;0,526591
9,774707;58,873535;54,019892;54,087665;-11,306419;0,553315
9,867998;59,339988;54,234959;54,316553;-11,304856;0,581973
9,960943;59,804716;54,431562;54,581363;-11,305590;0,612540
10,054422;60,272111;54,611321;54,714329;-11,305622;0,645330
10,147958;60,739790;54,759954;54,910188;-11,305749;0,681701
10,240916;61,204579;54,935072;55,080913;-11,305334;0,714724
10,334154;61,670769;55,074002;55,214764;-11,305653;0,752031
10,427052;62,135261;55,195182;55,348144;-11,305111;0,791169
10,520539;62,602695;55,264754;55,465621;-11,305717;0,836525
10,614004;63,070019;55,364730;55,600826;-11,306674;0,878403
10,707305;63,536523;55,458250;55,698711;-11,305047;0,920923
10,800726;64,003632;55,491880;55,778166;-11,305398;0,970340
10,894037;64,470184;55,619712;55,885484;-11,305749;1,008954
10,987173;64,935864;55,725887;55,967465;-11,305526;1,049937
11,080224;65,401119;55,794518;56,059343;-11,306547;1,095153
11,173475;65,867373;55,891011;56,138323;-11,305398;1,137305
11,266391;66,331953;55,952266;56,215919;-11,305302;1,183284
11,359676;66,798379;56,038159;56,319297;-11,305207;1,226665
11,452906;67,264530;56,123357;56,435563;-11,305334;1,270094
11,546046;67,730231;56,231806;56,564253;-11,305239;1,310820
11,639310;68,196548;56,404943;56,667844;-11,305749;1,344243
11,732566;68,662828;56,525348;56,785700;-11,305334;1,383673
11,825819;69,129096;56,694776;56,960860;-11,305526;1,417512
11,918940;69,594699;56,880993;57,108388;-11,305494;1,449363
12,012289;70,061446;57,095040;57,282830;-11,305111;1,478170
12,105433;70,527167;57,318499;57,521685;-11,305622;1,505788
12,198474;70,992370;57,568395;57,749469;-11,305271;1,530333
12,291377;71,456885;57,832984;57,978609;-11,305334;1,553125
12,384621;71,923104;58,151137;58,296971;-11,305845;1,570004
12,477877;72,389383;58,482583;58,583778;-11,305302;1,585375
12,571106;72,855532;58,843413;58,920447;-11,305462;1,597382
12,664362;73,321810;59,275459;59,316383;-11,305845;1,601284
12,757317;73,786586;59,743052;59,726502;-11,306355;1,600963
12,850554;74,252772;60,176539;60,141376;-11,305877;1,604690
12,943795;74,718976;60,693359;60,608341;-11,307376;1,598920
13,036934;75,184672;61,184343;61,077516;-11,306228;1,596038
13,130225;75,651124;61,772391;61,613447;-11,305622;1,582175
13,223443;76,117214;62,372483;62,157540;-11,305781;1,566899
13,316411;76,582057;62,997244;62,722650;-11,305845;1,548669
13,409400;77,046999;63,606495;63,287881;-11,306866;1,532217
13,502795;77,513976;64,256249;63,937929;-11,305494;1,511381
13,596043;77,980214;64,916661;64,545396;-11,305239;1,489245
13,689327;78,446635;65,630173;65,239480;-11,305781;1,461077
13,782811;78,914057;66,373599;65,907512;-11,305558;1,429612
13,876362;79,381808;67,074927;66,534149;-11,306355;1,402984
13,969261;79,846307;67,877262;67,291174;-11,305462;1,364471
14,062782;80,313912;68,594647;67,979293;-11,305749;1,335996
14,155744;80,778720;69,405004;68,761771;-11,305813;1,296604
14,248711;81,243553;70,192111;69,478355;-11,305079;1,259864
14,341964;81,709820;70,977759;70,229012;-11,306451;1,223455
14,434912;82,174558;71,761274;70,969738;-11,305685;1,187114
14,528163;82,640816;72,550232;71,723693;-11,305972;1,150327
14,621122;83,105612;73,348311;72,479886;-11,305813;1,112332
14,714345;83,571727;74,089535;73,210832;-11,305653;1,080970
14,807502;84,037509;74,833262;73,948165;-11,305685;1,049284
14,900814;84,504072;75,590042;74,652028;-11,305271;1,016200
14,994051;84,970256;76,269382;75,284397;-11,308780;0,991900
15,086990;85,434950;76,931092;75,932346;-11,305781;0,969440
15,180450;85,902249;77,530495;76,489798;-11,305366;0,954380
15,273683;86,368417;78,116627;77,091710;-11,306164;0,940704
15,366917;86,834587;78,700722;77,609775;-11,305047;0,927261
15,460182;87,300912;79,208533;78,133126;-11,305590;0,922531
15,553678;87,768392;79,723474;78,638393;-11,305813;0,917121
15,646825;88,234125;80,133477;79,066454;-11,305430;0,923474
15,740309;88,701545;80,521954;79,493844;-11,305271;0,932473
15,833629;89,168143;80,898074;79,891690;-11,305781;0,942788
15,926595;89,632973;81,233412;80,262738;-11,305302;0,957550
16,019544;90,097720;81,555242;80,564356;-11,305877;0,973843
16,112514;90,562569;81,869522;80,894407;-11,306419;0,991007
16,205918;91,029589;82,150806;81,161897;-11,305047;1,012181
16,299196;91,495982;82,424996;81,457362;-11,305366;1,034092
16,392462;91,962312;82,684067;81,727854;-11,305366;1,057720
16,485730;92,428651;82,926411;81,955488;-11,305685;1,083255
16,578634;92,893171;83,146755;82,177858;-11,307695;1,111091
16,671623;93,358114;83,348764;82,400007;-11,306068;1,141066
16,764637;93,823186;83,588616;82,641652;-11,305749;1,166741
16,858104;94,290521;83,802567;82,900273;-11,305590;1,195627
16,951237;94,756186;84,017673;83,096770;-11,305430;1,224190
17,044324;95,221619;84,237147;83,280662;-11,305558;1,252230
17,137274;95,686371;84,464887;83,514321;-11,305558;1,279249
17,230184;96,150919;84,656170;83,706254;-11,303899;1,310401
17,323731;96,618657;84,864663;83,941766;-11,305685;1,339955
17,416694;97,083471;85,089223;84,127065;-11,305302;1,367344
17,509661;97,548305;85,281450;84,344250;-11,305494;1,398421
17,603055;98,015273;85,492038;84,576812;-11,305877;1,427649
17,696575;98,482874;85,758385;84,872921;-11,301633;1,450592
17,789585;98,947926;85,956149;85,071332;-11,305813;1,481063
17,883113;99,415567;86,276675;85,343158;-11,305590;1,497834
17,976337;99,881684;86,547433;85,556272;-11,305398;1,520105
18,069517;100,347586;86,854239;85,859789;-11,305558;1,538242
18,162791;100,813956;87,135136;86,158282;-11,305398;1,559386
18,255745;101,278725;87,509928;86,513014;-11,305590;1,569643
18,349253;101,746264;87,810156;86,794115;-11,306004;1,588716
18,442196;102,210980;88,192824;87,170250;-11,305813;1,598070
18,535706;102,678530;88,527550;87,509928;-11,305558;1,613212
18,629176;103,145881;88,984236;87,929520;-11,305653;1,614428
18,722351;103,611755;89,372549;88,343883;-11,305462;1,623270
18,815626;104,078131;89,795590;88,769776;-11,304983;1,628210
18,908857;104,544286;90,246484;89,202383;-11,305494;1,629950
19,002363;105,011814;90,725473;89,679145;-11,305334;1,628643
19,095798;105,478989;91,224302;90,135534;-11,306196;1,625034
19,189050;105,945250;91,709426;90,605546;-11,306164;1,622884
19,282517;106,412584;92,234401;91,101827;-11,305622;1,616313
19,375514;106,877568;92,775110;91,635882;-11,304537;1,607680
19,468984;107,344919;93,313857;92,115790;-11,305653;1,599541
19,562536;107,812679;93,872956;92,694181;-11,305271;1,589128
19,655668;108,278339;94,442068;93,233602;-11,305143;1,577335
19,748918;108,744589;95,028798;93,809013;-11,304760;1,563600
19,841918;109,209592;95,600936;94,359937;-11,305398;1,551387
19,935195;109,675977;96,152950;94,905918;-11,305047;1,541625
20,028146;110,140732;96,708547;95,475036;-11,306515;1,531269
20,121082;110,605412;97,274181;96,009065;-11,305047;1,519760
20,214347;111,071735;97,833504;96,589036;-11,305494;1,509158
20,307331;111,536653;98,408405;97,135754;-11,305494;1,496620
20,400475;112,002375;98,989681;97,702184;-11,305590;1,483447
20,493676;112,468378;99,530300;98,235804;-11,305813;1,474941
20,586778;112,933888;100,097808;98,765173;-11,305909;1,463313
20,679680;113,398400;100,644244;99,300203;-11,305366;1,453974
20,773160;113,865801;101,153442;99,858195;-11,305366;1,449209
20,866712;114,333561;101,703850;100,344367;-11,303516;1,439787
20,959962;114,799811;102,220699;100,853492;-11,305271;1,434019
21,053412;115,267061;102,770472;101,379819;-11,305366;1,424611
21,146400;115,731999;103,213218;101,852958;-11,306451;1,427141
21,239319;116,196595;103,716364;102,386700;-11,305302;1,422746
21,332828;116,664140;104,225647;102,861230;-11,301697;1,417988
21,426000;117,130000;104,687908;103,362439;-11,305239;1,418398
21,519283;117,596414;105,146117;103,822646;-11,305398;1,419334
21,612436;118,062179;105,624326;104,330802;-11,306260;1,417915
21,705464;118,527319;106,060785;104,769508;-11,305207;1,421185
21,798753;118,993764;106,551951;105,206003;-11,305558;1,418367
21,891951;119,459754;106,943264;105,605824;-11,305430;1,426880
21,985098;119,925492;107,413365;106,045055;-11,304920;1,426382
22,078397;120,391983;107,834729;106,499196;-11,305877;1,431527
22,171670;120,858349;108,231640;106,893507;-11,305302;1,439445
22,264587;121,322934;108,630722;107,301789;-11,305845;1,446912
22,358100;121,790500;109,052597;107,710393;-11,305781;1,452121
22,451083;122,255414;109,460666;108,102414;-11,305941;1,458601
22,544286;122,721429;109,836143;108,510733;-11,305653;1,468923
22,637534;123,187671;110,242534;108,906169;-11,305590;1,475746
22,730780;123,653900;110,610985;109,247467;-11,306068;1,486892
22,823677;124,118387;110,996677;109,643064;-11,305813;1,495875
22,916962;124,584809;111,384076;110,021824;-11,305653;1,504883
23,010177;125,050884;111,731880;110,376781;-11,305622;1,518366
23,103132;125,515659;112,127099;110,751522;-11,305653;1,526296
23,196078;125,980391;112,487817;111,081341;-11,305079;1,538153
23,289633;126,448163;112,869507;111,475951;-11,305271;1,547967
23,382783;126,913913;113,234558;111,856957;-11,305462;1,559447
23,476010;127,380051;113,594110;112,194873;-11,305781;1,571597
23,569035;127,845173;113,968373;112,567909;-11,305207;1,581955
23,662486;128,312430;114,322964;112,922681;-11,305015;1,594799
23,755736;128,778680;114,729462;113,331174;-11,305653;1,601611
23,849022;129,245108;115,125127;113,675646;-11,305558;1,609678
23,942238;129,711189;115,476234;114,066425;-11,305685;1,622785
24,035188;130,175939;115,851834;114,432423;-11,303005;1,632948
24,128141;130,640705;116,253108;114,815003;-11,305526;1,640186
24,222421;131,112104;116,679606;115,236265;-11,305653;1,645305
24,315606;131,578030;117,047323;115,611580;-11,305877;1,656501
24,409159;132,045795;117,443986;116,033966;-11,304664;1,664606
24,503121;132,515606;117,839110;116,403638;-11,305909;1,673120
24,596319;132,981593;118,264606;116,808065;-11,305685;1,677737
24,689580;133,447901;118,662249;117,244712;-11,306706;1,685564
24,783117;133,915587;119,105194;117,656788;-11,306132;1,688385
24,876599;134,382996;119,528206;118,077580;-11,305717;1,693446
24,969535;134,847675;119,971608;118,498941;-11,307759;1,695872
25,062947;135,314736;120,435181;118,944872;-11,306834;1,696269
25,156022;135,780110;120,849191;119,357590;-11,305781;1,702125
25,249242;136,246211;121,278935;119,841746;-11,305590;1,706269
25,342449;136,712247;121,748697;120,298987;-11,305845;1,705845
25,435676;137,178380;122,229093;120,789241;-11,307791;1,704219
25,529137;137,645684;122,637233;121,207770;-11,305813;1,710963
25,622719;138,113596;123,116477;121,661409;-11,305526;1,709672
25,715678;138,578392;123,591415;122,134311;-11,305398;1,708515
25,809083;139,045417;124,055267;122,595901;-11,306579;1,708877
25,902373;139,511863;124,532802;123,094754;-11,305653;1,707613
25,995296;139,976478;124,982409;123,536743;-11,305526;1,709324
26,088541;140,442706;125,458330;123,992166;-11,304920;1,708219
26,182076;140,910378;125,946781;124,488385;-11,305653;1,705850
26,274994;141,374971;126,415946;124,963001;-11,305494;1,705329
26,368276;141,841381;126,879385;125,416228;-11,305590;1,705668
26,461428;142,307142;127,316956;125,874487;-11,305079;1,708881
26,554679;142,773393;127,800309;126,352057;-11,305526;1,706932
26,647915;143,239573;128,283092;126,821097;-11,305462;1,705039
26,740932;143,704659;128,751478;127,280898;-11,305494;1,704663
26,833881;144,169403;129,174515;127,713417;-11,305526;1,709417
26,926800;144,634002;129,606797;128,174390;-11,305462;1,713101
27,020304;145,101521;130,082101;128,652354;-11,307632;1,712214
27,113756;145,568782;130,562927;129,108885;-11,305494;1,710668
27,207028;146,035141;131,019948;129,552873;-11,305430;1,711732
27,300813;146,504063;131,444229;130,003539;-11,305526;1,716821
27,394219;146,971095;131,890207;130,449628;-11,305462;1,719221
27,487549;147,437743;132,309057;130,854065;-11,307121;1,724670
27,580504;147,902522;132,794706;131,323130;-11,305111;1,722291
27,673681;148,368405;133,190741;131,718375;-11,305653;1,730254
27,767190;148,835952;133,670750;132,163951;-11,305558;1,728833
27,860442;149,302208;134,108812;132,589440;-11,305175;1,732047
27,953946;149,769732;134,543216;133,038988;-11,305558;1,735823
28,046878;150,234389;134,996298;133,491231;-11,305590;1,737142
28,140310;150,701550;135,416091;133,912799;-11,305526;1,742542
28,233888;151,169441;135,826803;134,312837;-11,305845;1,749061
28,326845;151,634227;136,244900;134,718604;-11,305717;1,754383
28,420012;152,100060;136,690390;135,130810;-11,304888;1,756702
28,513531;152,567653;137,072659;135,528993;-11,305398;1,766429
28,606789;153,033945;137,484907;135,905145;-11,305047;1,772590
28,700012;153,500059;137,889471;136,313140;-11,305366;1,779607
28,792983;153,964917;138,303778;136,704983;-11,305685;1,785370
28,885966;154,429831;138,635240;137,038760;-11,305430;1,800583
28,979201;154,896005;139,085996;137,455003;-11,305781;1,802341
29,072416;155,362082;139,502914;137,853438;-11,303037;1,807945
29,165531;155,827656;139,893750;138,258786;-11,305845;1,816465
29,258571;156,292855;140,305414;138,685424;-11,305047;1,822568
29,351852;156,759262;140,713625;139,047349;-11,305972;1,829203
29,445071;157,225355;141,088185;139,435503;-11,305558;1,839637
29,538052;157,690261;141,495138;139,846837;-11,305845;1,846244
29,631265;158,156324;141,877866;140,216048;-11,305047;1,855744
29,724411;158,622055;142,290169;140,619524;-11,305685;1,861835
29,817433;159,087165;142,694290;141,020486;-11,305366;1,868788
29,910985;159,554927;143,144535;141,453378;-11,305685;1,870785
30,004471;160,022357;143,523315;141,856864;-11,306228;1,880891
30,097428;160,487142;143,963816;142,257361;-11,305717;1,883659
30,190645;160,953223;144,355264;142,656991;-11,303803;1,892167
30,283912;161,419558;144,786720;143,057642;-11,305015;1,896144
30,377035;161,885173;145,202425;143,485056;-11,306004;1,901833
30,470546;162,352730;145,633576;143,899802;-11,306004;1,905984
30,564091;162,820456;146,086801;144,345577;-11,305622;1,907637
30,657298;163,286488;146,503934;144,781521;-11,306132;1,913211
30,750537;163,752687;146,950949;145,223461;-11,305366;1,915398
30,843710;164,218550;147,421474;145,644923;-11,305398;1,914867
30,936989;164,684947;147,830808;146,101461;-11,305398;1,921372
31,030223;165,151115;148,304827;146,546503;-11,305398;1,920477
31,123456;165,617281;148,743434;147,002515;-11,302335;1,923619
31,216676;166,083379;149,193724;147,435670;-11,306004;1,925421
31,310176;166,550879;149,623260;147,860387;-11,305622;1,929749
31,403409;167,017043;150,099533;148,310508;-11,305079;1,928596
31,496827;167,484134;150,549840;148,773735;-11,307025;1,930510
31,589826;167,949132;151,005205;149,163891;-11,305494;1,931608
31,683049;168,415244;151,475821;149,640547;-11,305366;1,931094
31,776494;168,882470;151,884660;150,021134;-11,305526;1,937750
31,869557;169,347787;152,344060;150,498433;-11,305430;1,938425
31,962804;169,814018;152,786471;150,914931;-11,306387;1,941140
32,055940;170,279699;153,257414;151,369178;-11,306004;1,940540
32,148949;170,744746;153,636649;151,817819;-11,305590;1,950323
32,242517;171,212587;154,082597;152,233588;-11,305909;1,952819
32,335896;171,679479;154,489233;152,661042;-11,305366;1,959688
32,429098;172,145489;154,931999;153,094258;-11,305590;1,962338
32,522604;172,613018;155,352764;153,536558;-11,305590;1,967669
32,616091;173,080454;155,750329;153,970154;-11,304920;1,975634
32,709337;173,546687;156,193057;154,393381;-11,303739;1,978314
32,802625;174,013124;156,666008;154,831386;-11,305558;1,977571
32,895558;174,477789;157,060193;155,251661;-11,305653;1,985606
32,989115;174,945574;157,496707;155,695972;-11,305494;1,989171
33,082477;175,412385;157,962027;156,143202;-11,305717;1,989341
33,175825;175,879127;158,382278;156,566758;-11,305717;1,994641
33,268761;176,343806;158,856286;157,006286;-11,306355;1,993577
33,362164;176,810819;159,291629;157,460605;-11,305717;1,997188
33,455498;177,277492;159,737252;157,884825;-11,305590;1,999587
33,548744;177,743718;160,157738;158,319557;-11,306387;2,004802
33,641957;178,209784;160,575425;158,758865;-11,305590;2,010317
33,734906;178,674532;161,004815;159,212018;-11,305111;2,014348
33,828059;179,140293;161,398351;159,607005;-11,305494;2,022581
33,921108;179,605538;161,837357;160,074778;-11,305717;2,025573
34,014326;180,071632;162,263335;160,524549;-11,305462;2,030146
34,107589;180,537944;162,727902;160,990548;-11,305143;2,030345
34,200710;181,003552;163,155888;161,426649;-11,306292;2,034634
34,293972;181,469859;163,623423;161,892534;-11,305462;2,034494
34,387016;181,935079;164,034378;162,300441;-11,305494;2,040680
34,479988;182,399940;164,471080;162,778810;-11,305494;2,043890
34,573122;182,865610;164,901165;163,210610;-11,305526;2,047947
34,666151;183,330757;165,310348;163,647694;-11,305302;2,054327
34,759684;183,798420;165,760045;164,067932;-11,300995;2,056375
34,852883;184,264416;166,236218;164,542956;-11,305717;2,055214
34,946281;184,731406;166,671249;164,975429;-11,305558;2,058858
35,039768;185,198841;167,073697;165,398665;-11,305015;2,066266
35,132831;185,664156;167,520718;165,810755;-11,305653;2,068352
35,226021;186,130105;167,984218;166,279791;-11,305558;2,068631
35,319268;186,596340;168,441332;166,727685;-11,305653;2,069671
35,412762;187,063808;168,899204;167,163717;-11,305813;2,070765
35,506057;187,530284;169,321140;167,616225;-11,305334;2,075842
35,599239;187,996195;169,769799;168,037574;-11,305653;2,077809
35,692472;188,462362;170,240897;168,530902;-11,305941;2,077247
35,785686;188,928431;170,666993;168,944945;-11,305430;2,081804
35,878674;189,393370;171,116240;169,359262;-11,305334;2,083593
35,971827;189,859136;171,506650;169,765272;-11,305271;2,092183
36,065170;190,325848;171,926404;170,202292;-11,306642;2,097537
36,158298;190,791489;172,356439;170,628147;-11,305558;2,101596
36,251486;191,257431;172,802953;171,049268;-11,305877;2,103811
36,344567;191,722836;173,205390;171,453020;-11,308397;2,110989
36,437961;192,189806;173,609282;171,856324;-11,305334;2,118180
36,531799;192,658995;174,054926;172,313053;-11,305590;2,120864
36,625022;193,125111;174,450760;172,691858;-11,305526;2,128876
36,717953;193,589763;174,868792;173,138157;-11,305462;2,134191
36,811240;194,056199;175,265861;173,566365;-11,305207;2,142098
36,904438;194,522190;175,737122;174,008429;-11,305685;2,141498
36,997722;194,988610;176,141389;174,386137;-11,305526;2,148583
37,090828;195,454140;176,546866;174,839699;-11,244077;2,155429
37,183874;195,919369;176,988380;175,301872;-11,200240;2,158133
37,277107;196,385536;177,396042;175,695862;-11,182980;2,164802
37,370307;196,851535;177,841173;176,148305;-11,055329;2,167181
37,463563;197,317815;178,288231;176,597671;-10,959168;2,169373
37,556793;197,783964;178,684492;176,982179;-10,932911;2,177340
37,650008;198,250038;179,129197;177,420612;-10,900559;2,179776
37,743277;198,716386;179,540277;177,847852;-10,825583;2,186076
37,836228;199,181139;179,982387;178,260319;-10,793902;2,188658
37,929745;199,648725;180,396833;178,711689;-10,759094;2,194716
38,022637;200,113187;180,874045;179,157111;-10,725403;2,193262
38,115885;200,579424;181,299728;179,585370;-10,689350;2,197885
38,209424;201,047118;181,715877;179,989068;-10,664497;2,203761
38,302386;201,511931;182,179998;180,441691;-10,622989;2,203840
38,395501;201,977503;182,614061;180,936083;-10,586745;2,207432
38,488993;202,444965;183,038825;181,345781;-10,568751;2,212300
38,582306;202,911529;183,501777;181,757397;-10,528423;2,212712
38,675799;203,378997;183,959962;182,229155;-10,503952;2,213770
38,769048;203,845239;184,416959;182,720013;-10,480024;2,214824
38,861968;204,309841;184,836015;183,142869;-10,446045;2,220016
38,955205;204,776027;185,296598;183,607732;-10,435644;2,220655
39,048697;205,243483;185,698953;184,028452;-10,418767;2,228076
39,142209;205,711045;186,188891;184,515041;-10,400677;2,225526
39,235370;206,176849;186,606042;184,958916;-10,399688;2,231072
39,328428;206,642138;186,991452;185,369384;-10,386926;2,240178
39,421412;207,107061;187,470648;185,871970;-10,368293;2,238551
39,514316;207,571579;187,938861;186,319907;-10,335910;2,238130
39,607575;208,037875;188,366502;186,724887;-10,321011;2,242537
39,700792;208,503962;188,798433;187,180219;-10,306590;2,246430
39,794231;208,971153;189,256608;187,654163;-10,282821;2,247458
39,887233;209,436163;189,690673;188,093022;-10,263008;2,250986
39,980468;209,902342;190,162672;188,560752;-10,237069;2,250322
40,073987;210,369935;190,648262;189,006044;-10,233336;2,248271
40,167224;210,836121;191,109739;189,463977;-10,207589;2,248808
40,260445;211,302223;191,559751;189,927629;-10,193232;2,250642
40,353608;211,768040;192,028123;190,405588;-10,179162;2,250351
40,446895;212,234476;192,459499;190,824121;-10,168889;2,254347
40,540100;212,700502;192,952415;191,328543;-10,152777;2,251282
40,633339;213,166693;193,408334;191,752303;-10,136697;2,252453
40,726874;213,634371;193,874971;192,236655;-10,112673;2,252572
40,820086;214,100432;194,321551;192,697609;-10,103771;2,254792
40,912974;214,564870;194,842299;193,179064;-10,094615;2,248373
41,006223;215,031117;195,312452;193,631396;-10,082874;2,247928
41,099780;215,498902;195,749906;194,066058;-10,068613;2,251386
41,192716;215,963578;196,241719;194,557238;-10,054351;2,248292
41,285938;216,429688;196,676743;194,999019;-10,040504;2,251836
41,379410;216,897052;197,168266;195,457000;-10,025764;2,249082
41,472910;217,364551;197,624943;195,935233;-10,011982;2,250315
41,566209;217,831045;198,110923;196,439915;-9,989266;2,248094
41,659433;218,297163;198,625484;196,923820;-9,990542;2,242571
41,752618;218,763089;199,164567;197,418428;-9,973919;2,234231
41,846047;219,230237;199,624936;197,873183;-9,958318;2,235004
41,939292;219,696458;200,140580;198,362724;-9,957074;2,229370
42,032549;220,162745;200,594684;198,835543;-9,936527;2,230759
42,126066;220,630328;201,099525;199,347908;-9,927785;2,226512
42,219000;221,094998;201,543313;199,797775;-9,912854;2,228892
42,311978;221,559888;202,024006;200,242369;-9,895530;2,227090
42,405412;222,027062;202,489648;200,723640;-9,889819;2,227265
42,498437;222,492187;202,957635;201,155298;-9,873451;2,226939
42,591915;222,959574;203,381029;201,604325;-9,859222;2,231954
42,685444;223,427219;203,837505;202,061183;-9,851884;2,233227
42,778645;223,893225;204,312047;202,494652;-9,840494;2,232254
42,871637;224,358186;204,744385;202,941671;-9,827764;2,235973
42,965103;224,825514;205,128099;203,344814;-9,811812;2,245505
43,058622;225,293112;205,543459;203,753408;-9,805016;2,251460
43,151791;225,758954;205,983073;204,184601;-9,792477;2,254450
43,245085;226,225427;206,375740;204,583602;-9,782523;2,262864
43,338068;226,690341;206,764326;204,971854;-9,769602;2,271566
43,431162;227,155811;207,133834;205,328162;-9,765007;2,282505
43,524750;227,623749;207,494266;205,685874;-9,761211;2,294761
43,617974;228,089872;207,838245;206,037129;-9,747109;2,308686
43,711467;228,557333;208,213378;206,416219;-9,735719;2,319211
43,804383;229,021915;208,552303;206,732421;-9,733900;2,333536
43,897702;229,488510;208,931659;207,085742;-9,725605;2,343481
43,991078;229,955390;209,260533;207,462366;-9,718044;2,359214
44,084078;230,420392;209,626977;207,816821;-9,711344;2,370449
44,177299;230,886493;209,970311;208,170058;-9,696285;2,384445
44,270553;231,352764;210,290064;208,523505;-9,690861;2,401148
44,363794;231,818972;210,670214;208,840274;-9,679535;2,410958
44,457317;232,286583;211,050328;209,248635;-9,677493;2,420933
44,550240;232,751200;211,390449;209,564874;-9,675993;2,435126
44,643473;233,217366;211,752658;209,927723;-9,661732;2,446977
44,736733;233,683664;212,155021;210,291729;-9,653500;2,454265
44,829981;234,149903;212,523816;210,693288;-9,649002;2,465374
44,923210;234,616050;212,869276;211,003470;-9,635730;2,479132
45,016425;235,082127;213,278177;211,418990;-9,638154;2,485650
45,109696;235,548479;213,645198;211,745286;-9,632986;2,496974
45,202821;236,014105;214,032148;212,148363;-9,627402;2,505943
45,296121;236,480607;214,414065;212,495997;-9,619586;2,515586
45,389618;236,948089;214,801170;212,901847;-9,608196;2,524749
45,482529;237,412647;215,202251;213,312646;-9,605835;2,531985
45,576018;237,880089;215,631794;213,741464;-9,604527;2,536306
45,669232;238,346161;216,010452;214,148605;-9,595338;2,546271
45,762497;238,812487;216,412344;214,564017;-9,583980;2,553616
45,855900;239,279499;216,878309;215,031417;-9,575749;2,553736
45,949259;239,746296;217,307405;215,455279;-9,567007;2,558034
46,042646;240,213231;217,803161;215,946553;-9,560020;2,554748
46,136191;240,680954;218,224542;216,395718;-9,554245;2,560031
46,229621;241,148103;218,751014;216,841500;-9,548151;2,553268
46,322872;241,614360;219,209530;217,302656;-9,538675;2,554151
46,416146;242,080732;219,687438;217,754491;-9,534751;2,552836
46,509424;242,547119;220,142261;218,219082;-9,531050;2,554154
46,602384;243,011919;220,663198;218,677673;-9,528083;2,547754
46,695762;243,478809;221,169818;219,159457;-9,515736;2,543225
46,788777;243,943885;221,623714;219,623610;-9,474579;2,544500
46,882072;244,410360;222,138710;220,120909;-9,478312;2,538968
46,975304;244,876518;222,626122;220,597255;-9,473877;2,536545
47,068472;245,342360;223,082169;221,063331;-9,472346;2,537662
47,161912;245,809561;223,634119;221,562060;-9,466539;2,528000
47,254968;246,274841;224,109912;222,035576;-9,459328;2,526802
47,348227;246,741135;224,594867;222,494557;-9,454096;2,524675
47,441432;247,207158;225,049423;222,941143;-9,447141;2,525982
47,534639;247,673193;225,529720;223,407332;-9,436357;2,524356
47,628065;248,140323;225,984364;223,845961;-9,431252;2,525779
47,721340;248,606700;226,423785;224,304899;-9,427264;2,528852
47,814562;249,072809;226,864556;224,697912;-9,416672;2,531741
47,907826;249,539128;227,294372;225,127346;-9,405186;2,535902
48,001342;250,006709;227,743761;225,551980;-9,398231;2,537976
48,094301;250,471505;228,178408;226,008042;-9,391212;2,541413
48,187526;250,937632;228,599503;226,410764;-9,388500;2,546547
48,280768;251,403842;228,994752;226,791888;-9,375419;2,554636
48,374159;251,870797;229,417375;227,200414;-9,369357;2,559690
48,467211;252,336053;229,838987;227,614560;-9,366071;2,564666
48,560461;252,802306;230,233582;227,991023;-9,358861;2,572835
48,653679;253,268394;230,697611;228,442664;-9,351714;2,573069
48,746845;253,734226;231,098695;228,842903;-9,338665;2,580451
48,840098;254,200492;231,516968;229,197676;-9,333305;2,585922
48,933610;254,668052;231,918400;229,604898;-9,327339;2,593460
49,027114;255,135570;232,337960;229,981795;-9,319586;2,598928
49,120049;255,600244;232,722024;230,361712;-9,316268;2,608117
49,213284;256,066419;233,097530;230,717466;-9,308930;2,618453
49,306729;256,533645;233,488801;231,132254;-9,302389;2,627112
49,399733;256,998664;233,888747;231,557610;-9,297093;2,634531
49,493015;257,465074;234,332534;231,965179;-9,290297;2,637110
49,586447;257,932236;234,698128;232,358275;-9,284842;2,648688
49,679668;258,398339;235,068624;232,726748;-9,278014;2,659588
49,772939;258,864697;235,544998;233,153733;-9,276227;2,658446
49,866123;259,330615;235,947215;233,553968;-9,273898;2,665708
49,959370;259,796848;236,377905;233,964763;-9,267805;2,669760
50,052621;260,263105;236,787298;234,347404;-9,267581;2,676242
50,145878;260,729392;237,205347;234,769163;-9,260658;2,681741
50,238807;261,194036;237,691449;235,208313;-9,262508;2,679295
50,332281;261,661403;238,089313;235,610112;-9,257499;2,687218
50,425580;262,127902;238,517274;236,015385;-9,256383;2,691612
50,518468;262,592339;238,971548;236,462100;-9,250576;2,692770
50,611978;263,059890;239,413960;236,910149;-9,245695;2,695636
50,705497;263,527487;239,836037;237,286920;-9,242919;2,700825
50,798630;263,993150;240,265105;237,705592;-9,240430;2,704997
50,891618;264,458092;240,761901;238,167086;-9,237495;2,701366
50,984848;264,924241;241,178801;238,569586;-9,232582;2,706980
51,078169;265,390845;241,625517;239,012306;-9,225722;2,709247
51,171140;265,855700;242,037796;239,427151;-9,218576;2,715241
51,264612;266,323058;242,492116;239,851816;-9,212801;2,716727
51,357763;266,788813;242,950348;240,299249;-9,207026;2,717585
51,450964;267,254821;243,360753;240,699748;-9,198763;2,723924
51,544481;267,722404;243,817172;241,123485;-9,197965;2,725197
51,637501;268,187503;244,281496;241,554208;-9,194073;2,725285
51,731011;268,655054;244,748314;242,013325;-9,191265;2,725368
51,824249;269,121243;245,224910;242,465297;-9,193754;2,724182
51,917422;269,587109;245,660530;242,880019;-9,188777;2,727630
52,010446;270,052228;246,103116;243,291847;-9,187086;2,730199
52,103646;270,518232;246,535755;243,710658;-9,188840;2,734002
52,196860;270,984300;247,002362;244,124459;-9,185108;2,733941
52,290320;271,451601;247,401264;244,527374;-9,178567;2,741738
52,383275;271,916376;247,811600;244,933982;-9,174579;2,747944
52,476294;272,381471;248,293207;245,393622;-9,171069;2,746062
52,569796;272,848978;248,713241;245,762257;-9,168134;2,751474
52,662787;273,313935;249,119358;246,181100;-9,167369;2,758182
52,756024;273,780119;249,540885;246,618422;-9,167879;2,763273
52,848942;274,244708;249,957411;247,006824;-9,164370;2,768752
52,942218;274,711091;250,372221;247,422863;-9,161434;2,774631
53,035471;275,177353;250,802194;247,865352;-9,155149;2,778768
53,128852;275,644258;251,225994;248,262933;-9,150810;2,783682
53,222082;276,110409;251,673385;248,700101;-9,141972;2,785821
53,315358;276,576791;252,048995;249,117481;-9,135911;2,796169
53,408615;277,043075;252,478892;249,508048;-9,125892;2,800317
53,501870;277,509350;252,856246;249,897141;-9,109844;2,810454
53,595083;277,975415;253,299341;250,327437;-9,105346;2,813072
53,688481;278,442407;253,700442;250,730460;-9,099348;2,820584
53,781810;278,909050;254,136587;251,153569;-9,088309;2,824061
53,874727;279,373633;254,526777;251,539341;-9,075196;2,832542
53,967988;279,839938;254,939834;251,918019;-9,063614;2,838612
54,061380;280,306902;255,369896;252,367853;-9,046290;2,842819
54,154702;280,773512;255,786545;252,742180;-9,032603;2,848514
54,247939;281,239694;256,200780;253,161410;-9,020479;2,854436
54,341185;281,705923;256,648847;253,534906;-9,008738;2,856507
54,434368;282,171841;257,062460;253,953992;-8,998529;2,862469
54,527603;282,638017;257,421769;254,324551;-8,980694;2,874652
54,620823;283,104113;257,865627;254,744431;-8,965380;2,877187
54,714072;283,570359;258,308698;255,178507;-8,955681;2,879829
54,807013;284,035065;258,685102;255,508397;-8,939218;2,889896
54,900299;284,501496;259,105126;255,919641;-8,925244;2,895186
54,993237;284,966187;259,566177;256,333853;-8,907632;2,895601
55,086762;285,433808;259,988143;256,755005;-8,898699;2,900806
55,179927;285,899635;260,419604;257,148961;-8,885618;2,904724
55,273377;286,366883;260,825309;257,536773;-8,868581;2,911739
55,366698;286,833489;261,251481;257,961212;-8,853841;2,916349
55,459677;287,298385;261,720506;258,374591;-8,843568;2,915878
55,552569;287,762846;262,089126;258,786261;-8,835560;2,926804
55,646030;288,230148;262,526263;259,168193;-8,823787;2,930243
55,739254;288,696271;262,923440;259,557302;-8,816130;2,938103
55,832543;289,162716;263,380705;259,998183;-8,801709;2,939149
55,925780;289,628899;263,795688;260,382251;-8,794594;2,944986
56,019297;290,096487;264,217356;260,766022;-8,784480;2,950221
56,112482;290,562409;264,606324;261,184269;-8,777078;2,958994
56,205725;291,028625;265,022721;261,613642;-8,766518;2,964673
56,299243;291,496216;265,501941;262,046901;-8,750310;2,963347
56,392163;291,960817;265,912358;262,453490;-8,745844;2,969524
56,485456;292,427280;266,361359;262,883329;-8,735921;2,971515
56,578587;292,892936;266,791649;263,310058;-8,727371;2,975547
56,671904;293,359521;267,219300;263,749997;-8,722170;2,979985
56,765285;293,826427;267,644780;264,155591;-8,712280;2,984708
56,858562;294,292809;268,045519;264,575563;-8,709504;2,992191
56,951793;294,758963;268,517615;265,012237;-8,700124;2,991514
57,045061;295,225307;268,974034;265,454653;-8,693201;2,992645
57,138276;295,691378;269,391527;265,900712;-8,685448;2,998183
57,231542;296,157710;269,851732;266,324100;-8,678748;2,998881
57,324709;296,623547;270,291857;266,741825;-8,671952;3,001813
57,417750;297,088750;270,720511;267,170882;-8,666114;3,005979
57,510712;297,553561;271,153274;267,571700;-8,666018;3,009633
57,603697;298,018484;271,638935;268,017828;-8,656574;3,007269
57,696676;298,483382;272,073160;268,467827;-8,652969;3,010765
57,789767;298,948833;272,522869;268,881454;-8,645950;3,012560
57,883014;299,415071;272,968084;269,260123;-8,643270;3,014957
57,976088;299,880438;273,424131;269,716401;-8,636825;3,016019
58,069020;300,345101;273,877075;270,117723;-8,631689;3,017355
58,162273;300,811366;274,348040;270,563378;-8,627573;3,016819
58,255520;301,277599;274,790373;270,984315;-8,621032;3,019544
58,348473;301,742363;275,191793;271,359169;-8,614428;3,026765
58,441870;302,209351;275,683154;271,831081;-8,610536;3,023987
58,534965;302,674827;276,057062;272,184898;-8,603900;3,034425
58,628138;303,140690;276,503962;272,625529;-8,596147;3,036587
58,721543;303,607715;276,948929;273,036357;-8,597295;3,039102
58,814574;304,072871;277,379444;273,442705;-8,593020;3,043051
58,907807;304,539033;277,814754;273,832736;-8,589925;3,046568
59,001290;305,006448;278,248830;274,242435;-8,585905;3,050368
59,094549;305,472747;278,689784;274,625145;-8,582077;3,053258
59,187774;305,938871;279,076917;275,014526;-8,579684;3,062263
59,280719;306,403595;279,526066;275,450245;-8,575951;3,064038
59,374139;306,870694;279,953601;275,827203;-8,571389;3,068549
59,467722;307,338608;280,379213;276,232167;-8,567911;3,073371
59,560953;307,804767;280,825359;276,630342;-8,564306;3,075653
59,653941;308,269703;281,246893;277,054883;-8,561754;3,080600
59,747338;308,736692;281,698445;277,495348;-8,556266;3,082360
59,840838;309,204190;282,181389;277,910011;-8,554734;3,080599
59,933805;309,669027;282,613348;278,324375;-8,549917;3,084347
60,027004;310,135021;283,025807;278,705771;-8,545291;3,090450
60,120341;310,601705;283,462949;279,163556;-8,542738;3,093818
60,213271;311,066356;283,869958;279,537416;-8,537251;3,100389
60,306710;311,533549;284,340486;279,960085;-8,536964;3,100009
60,399762;311,998808;284,733725;280,352817;-8,531540;3,108219
60,493159;312,465796;285,185150;280,764241;-8,528158;3,109994
60,586431;312,932155;285,592825;281,174212;-8,526499;3,116684
60,679442;313,397210;286,026318;281,612816;-8,517661;3,120282
60,772951;313,864753;286,468983;282,018721;-8,516481;3,123118
60,866061;314,330306;286,900028;282,435668;-8,513737;3,127052
60,959399;314,796994;287,321999;282,847229;-8,510068;3,132149
61,052332;315,261659;287,798862;283,319556;-8,504708;3,130759
61,145600;315,727999;288,241476;283,730287;-8,504963;3,133464
61,238849;316,194244;288,670170;284,109741;-8,498167;3,137744
61,331964;316,659822;289,096953;284,529137;-8,493988;3,142167
61,425483;317,127416;289,550441;284,987993;-8,495073;3,143775
61,519227;317,596135;289,966017;285,361262;-8,489170;3,149833
61,612788;318,063939;290,407833;285,758513;-8,487416;3,152796
61,706013;318,530063;290,858115;286,172803;-8,483172;3,154602
61,799241;318,996205;291,312940;286,611286;-8,481800;3,155892
61,892181;319,460906;291,739332;286,983180;-8,476887;3,160259
61,985624;319,928121;292,181109;287,416685;-8,472388;3,163159
62,078625;320,393125;292,643566;287,803942;-8,472931;3,163450
62,171888;320,859439;293,059625;288,219313;-8,466390;3,169179
62,265140;321,325701;293,506506;288,599996;-8,464636;3,171388
62,358605;321,793026;293,965763;289,046869;-8,459212;3,172308
62,451872;322,259360;294,358829;289,396517;-8,458638;3,180661
62,544842;322,724212;294,807822;289,851111;-8,454777;3,182469
62,638210;323,191050;295,223351;290,223040;-8,451140;3,188318
62,731520;323,657600;295,614414;290,588692;-8,443770;3,196923
62,824748;324,123738;296,060920;290,989126;-8,442302;3,199161
62,917995;324,589973;296,470295;291,383049;-8,438059;3,205643
63,010978;325,054891;296,863732;291,762390;-8,435730;3,213792
63,104108;325,520539;297,255509;292,159206;-8,433305;3,222213
63,197432;325,987160;297,645857;292,507787;-8,430402;3,230909
63,290546;326,452728;298,044901;292,941382;-8,428137;3,238492
63,383805;326,919024;298,464832;293,329513;-8,423893;3,243778
63,477381;327,386907;298,855722;293,671736;-8,424627;3,252555
63,570298;327,851490;299,258986;294,034196;-8,419427;3,259545
63,663547;328,317737;299,695779;294,424950;-8,415981;3,262903
63,756520;328,782600;300,136654;294,874623;-8,416172;3,265638
63,849749;329,248746;300,594024;295,285538;-8,408100;3,266638
63,943228;329,716138;301,021214;295,677974;-8,411801;3,271221
64,036455;330,182273;301,454096;296,051709;-8,408802;3,275012
64,129701;330,648506;301,869914;296,483648;-8,406282;3,280760
64,222929;331,114645;302,309351;296,902636;-8,401273;3,283803
64,316181;331,580905;302,751030;297,315353;-8,398338;3,286606
64,409144;332,045718;303,207815;297,715359;-8,400571;3,287521
64,502108;332,510541;303,628702;298,092304;-8,397093;3,292530
64,595355;332,976774;304,054132;298,500265;-8,396615;3,297181
64,688609;333,443046;304,515338;298,928649;-8,392659;3,297759
64,781974;333,909872;304,957195;299,356516;-8,391287;3,300605
64,875208;334,376041;305,379938;299,727979;-8,388671;3,305556
64,968450;334,842252;305,871735;300,145393;-8,386150;3,302639
65,061721;335,308604;306,313193;300,554705;-8,382417;3,305477
65,154959;335,774795;306,753220;301,005351;-8,377440;3,308460
65,248644;336,243220;307,210865;301,445131;-8,375079;3,309688
65,341707;336,708533;307,645276;301,850377;-8,372718;3,313211
65,434831;337,174157;308,102122;302,301308;-8,372112;3,314212
65,527879;337,639395;308,530922;302,663250;-8,367996;3,318366
65,620847;338,104233;308,967014;303,058700;-8,364902;3,321643
65,714094;338,570468;309,404432;303,449280;-8,364263;3,324928
65,807327;339,036636;309,816572;303,832924;-8,364008;3,331087
65,900245;339,501223;310,249076;304,254884;-8,359542;3,334745
65,993232;339,966159;310,645763;304,645329;-8,358648;3,342525
66,086172;340,430861;311,063272;305,011160;-8,353480;3,347905
66,179424;340,897119;311,476610;305,396011;-8,351470;3,353938
66,272659;341,363294;311,860794;305,769340;-8,352682;3,363285
66,366185;341,830925;312,296280;306,186478;-8,347545;3,366949
66,459102;342,295509;312,707656;306,581072;-8,349906;3,373015
66,552355;342,761773;313,116927;306,942803;-8,345248;3,379512
66,645571;343,227856;313,533259;307,324464;-8,344451;3,385184
66,739105;343,695523;313,906249;307,699890;-8,342504;3,395977
66,832033;344,160165;314,316774;308,083537;-8,343589;3,402147
66,925561;344,627807;314,716263;308,469898;-8,340845;3,409916
67,018783;345,093914;315,156022;308,874570;-8,337974;3,412920
67,111933;345,559664;315,556805;309,276675;-8,339154;3,420326
67,204934;346,024670;315,974265;309,659473;-8,336825;3,425746
67,298221;346,491107;316,380464;310,013567;-8,333763;3,432613
67,391370;346,956851;316,776093;310,412342;-8,334656;3,440606
67,484613;347,423066;317,189542;310,777601;-8,337017;3,446622
67,577839;347,889193;317,605011;311,143513;-8,336825;3,452397
67,671387;348,356935;318,030969;311,556384;-8,334401;3,457160
67,764303;348,821516;318,442696;311,930705;-8,334018;3,463185
67,857570;349,287848;318,834019;312,302698;-8,332646;3,471737
67,950738;349,753689;319,241552;312,665260;-8,333826;3,478384
68,043763;350,218815;319,624797;313,022977;-8,330700;3,487718
68,137024;350,685119;320,026311;313,406325;-8,331721;3,495104
68,230241;351,151207;320,433279;313,778410;-8,329168;3,501844
68,323453;351,617264;320,877494;314,189406;-8,330125;3,504334
68,416713;352,083565;321,297423;314,583867;-8,328371;3,509620
68,509952;352,549762;321,731721;314,972108;-8,329009;3,513257
68,603416;353,017082;322,150430;315,348174;-8,330859;3,518798
68,696657;353,483283;322,560412;315,737488;-8,330668;3,525207
68,789853;353,949263;322,967387;316,153327;-8,330253;3,531934
68,882839;354,414197;323,415476;316,516466;-8,329232;3,533854
68,975995;354,879974;323,825578;316,914372;-8,329009;3,540201
69,069040;355,345198;324,253931;317,299422;-8,327254;3,544404
69,162533;355,812663;324,685445;317,718085;-8,325435;3,548503
69,255673;356,278364;325,092012;318,094824;-8,324319;3,555244
69,348993;356,744963;325,518426;318,464666;-8,324383;3,559825
69,441963;357,209817;325,959197;318,889167;-8,324414;3,562571
69,535880;357,679399;326,389192;319,269239;-8,322628;3,567084
69,629112;358,145559;326,813439;319,673301;-8,324957;3,571862
69,722118;358,610591;327,210468;320,044384;-8,323936;3,579614
69,815653;359,078264;327,627109;320,444946;-8,324223;3,585432
69,908854;359,544270;328,053080;320,831291;-8,323425;3,589996
70,002071;360,010357;328,415984;321,177807;-8,321575;3,601758
70,095504;360,477518;328,874775;321,567749;-8,319629;3,602713
70,188839;360,944193;329,312289;321,976182;-8,319182;3,606037
70,282225;361,411123;329,712323;322,368345;-8,317906;3,613663
70,375514;361,877570;330,126025;322,766648;-8,316757;3,619676
70,468949;362,344744;330,576221;323,174519;-8,315609;3,621612
70,561981;362,809907;330,993736;323,560410;-8,315704;3,627043
70,655203;363,276017;331,414416;323,922726;-8,313024;3,632223
70,748445;363,742223;331,850126;324,302615;-8,316151;3,635699
70,841708;364,208538;332,282835;324,726583;-8,314014;3,639530
70,934690;364,673452;332,661427;325,109151;-8,313248;3,649371
71,027943;365,139716;333,098180;325,504258;-8,312482;3,652735
71,121294;365,606468;333,538777;325,905502;-8,311238;3,655717
71,214342;366,071711;333,942153;326,269245;-8,306644;3,662770
71,307595;366,537977;334,360328;326,685963;-8,305367;3,668252
71,400512;367,002558;334,778017;327,065412;-8,303485;3,673598
71,493964;367,469822;335,213010;327,466761;-8,303038;3,677277
71,586895;367,934474;335,623338;327,845923;-8,300996;3,683469
71,679951;368,399756;336,044356;328,233279;-8,299274;3,688516
71,773140;368,865700;336,435013;328,629285;-8,296945;3,697098
71,866418;369,332092;336,863498;328,994204;-8,297678;3,701420
71,959406;369,797030;337,231072;329,364350;-8,295732;3,712519
72,052553;370,262764;337,646731;329,733100;-8,293754;3,718228
72,145869;370,729344;338,040931;330,103879;-8,289638;3,726479
72,239121;371,195605;338,457901;330,473492;-8,288681;3,732098
72,332263;371,661316;338,866181;330,829610;-8,288043;3,738645
72,425726;372,128630;339,278081;331,230900;-8,286863;3,744963
72,519237;372,596184;339,693827;331,633759;-8,287979;3,750869
72,612740;373,063702;340,114559;331,994366;-8,283194;3,756202
72,706547;373,532736;340,493330;332,380965;-8,284087;3,766492
72,799488;373,997438;340,945683;332,757269;-8,281694;3,767900
72,892715;374,463577;341,327366;333,174620;-8,281885;3,777528
72,985965;374,929827;341,751405;333,542656;-8,275664;3,782340
73,078898;375,394488;342,151493;333,953560;-8,276813;3,789701
73,172127;375,860635;342,572288;334,366260;-8,279333;3,794872
73,265406;376,327029;342,967085;334,738097;-8,277866;3,803034
73,358576;376,792878;343,430649;335,165566;-8,275696;3,803294
73,451820;377,259101;343,830860;335,525035;-8,276079;3,810820
73,545056;377,725282;344,273636;335,948797;-8,271325;3,813488
73,638555;378,192773;344,722532;336,341513;-8,269347;3,815608
73,731807;378,659035;345,144296;336,740360;-8,270368;3,820680
73,824720;379,123599;345,564895;337,113870;-8,268166;3,825692
73,917983;379,589915;345,985467;337,519049;-8,269379;3,830907
74,011227;380,056134;346,432196;337,903682;-8,266635;3,833129
74,104426;380,522132;346,852029;338,323854;-8,263668;3,838392
74,197645;380,988223;347,298471;338,761321;-8,262551;3,840632
74,291163;381,455816;347,729860;339,125588;-8,260988;3,844759
74,384141;381,920707;348,170097;339,554108;-8,261275;3,847570
74,477367;382,386833;348,613038;339,931774;-8,259839;3,850213
74,570555;382,852777;349,063687;340,349755;-8,258818;3,851956
74,663826;383,319129;349,486086;340,754947;-8,255819;3,856967
74,757091;383,785454;349,921203;341,135958;-8,255819;3,860525
74,850431;384,252154;350,362890;341,530161;-8,255054;3,863376
74,943770;384,718848;350,806142;341,902922;-8,255149;3,866049
75,036741;385,183706;351,238899;342,314164;-8,251640;3,869708
75,129677;385,648385;351,663211;342,705560;-8,248928;3,874310
75,222695;386,113474;352,042453;343,042487;-8,251129;3,884096
75,315824;386,579119;352,512211;343,445455;-8,248162;3,883628
75,408840;387,044199;352,924162;343,812410;-8,249375;3,889684
75,502038;387,510192;353,324260;344,178661;-8,248354;3,897196
75,595543;387,977716;353,742075;344,540108;-8,245865;3,902863
75,688795;388,443974;354,160321;344,940705;-8,244908;3,908336
75,782026;388,910129;354,554208;345,276149;-8,244078;3,916575
75,875241;389,376207;355,002193;345,651425;-8,245004;3,918638
75,968703;389,843515;355,413541;346,059696;-8,242643;3,925017
76,061696;390,308478;355,824182;346,394855;-8,242707;3,931210
76,155213;390,776064;356,225251;346,764376;-8,242100;3,938793
76,248459;391,242296;356,615157;347,121355;-8,241590;3,947494
76,341881;391,709407;357,050734;347,542511;-8,239835;3,951089
76,435159;392,175796;357,446277;347,904228;-8,241622;3,959165
76,528403;392,642017;357,893850;348,325335;-8,240250;3,961291
76,621620;393,108101;358,274571;348,667208;-8,239261;3,971022
76,715057;393,575287;358,712319;349,066190;-8,238048;3,974378
76,808108;394,040538;359,095723;349,433743;-8,238591;3,983709
76,901310;394,506550;359,516830;349,797179;-8,235815;3,988828
76,994727;394,973635;359,934731;350,173794;-8,237378;3,994435
77,088253;395,441263;360,361469;350,565861;-8,234986;3,999097
77,181466;395,907331;360,752054;350,925597;-8,237378;4,007702
77,274686;396,373431;361,186922;351,317621;-8,237442;4,011262
77,368000;396,839998;361,605178;351,708257;-8,235624;4,016770
77,460976;397,304878;362,022273;352,054738;-8,234124;4,022217
77,554205;397,771024;362,421626;352,424859;-8,235432;4,029831
77,647154;398,235770;362,823682;352,768347;-8,236613;4,036978
77,740156;398,700779;363,272730;353,150940;-8,238431;4,038797
77,833116;399,165582;363,668378;353,511677;-8,234858;4,046681
77,926057;399,630285;364,077858;353,895594;-8,233773;4,052977
78,019265;400,096324;364,472779;354,236280;-8,232848;4,061084
78,112236;400,561178;364,901967;354,631299;-8,232433;4,065150
78,205770;401,028849;365,348386;355,022431;-8,236134;4,067573
78,299021;401,495104;365,719395;355,397851;-8,236517;4,078431
78,392455;401,962274;366,160313;355,799399;-8,235975;4,081424
78,485935;402,429676;366,583041;356,187510;-8,234507;4,086516
78,579128;402,895641;366,995983;356,568551;-8,234188;4,092561
78,672413;403,362066;367,412759;356,927975;-8,232848;4,098221
78,765643;403,828215;367,830191;357,317614;-8,235081;4,103775
78,858810;404,294050;368,202658;357,653587;-8,233901;4,114419
78,951842;404,759209;368,640922;358,044323;-8,234922;4,117485
79,045053;405,225266;369,043076;358,402535;-8,241207;4,124770
79,138311;405,691555;369,477657;358,785729;-8,240569;4,128384
79,231455;406,157273;369,894057;359,150721;-8,239388;4,134007
79,325035;406,625176;370,328358;359,510467;-8,240473;4,137837
79,418436;407,092179;370,712943;359,832247;-8,240984;4,147233
79,511752;407,558760;371,107716;360,155375;-8,242547;4,155419
79,604727;408,023637;371,556232;360,555060;-8,241781;4,157284
79,697945;408,489726;371,976364;360,935638;-8,243345;4,162523
79,791180;408,955902;372,390118;361,270984;-8,245769;4,168499
79,884314;409,421568;372,819725;361,640618;-8,244972;4,172610
79,977562;409,887810;373,226624;361,992741;-8,249151;4,179375
80,070807;410,354036;373,657539;362,337350;-8,250140;4,183401
80,164087;410,820437;374,120402;362,729871;-8,246854;4,183804
80,257363;411,286815;374,517246;363,090116;-8,249056;4,191731
80,350284;411,751418;374,942411;363,416729;-8,251959;4,196227
80,443260;412,216300;375,356438;363,751957;-8,251066;4,202024
80,536412;412,682062;375,796740;364,133043;-8,254352;4,204927
80,629408;413,147042;376,171722;364,433946;-8,257383;4,215187
80,722865;413,614327;376,589301;364,778890;-8,257255;4,220853
80,815919;414,079595;377,039722;365,162646;-8,257478;4,222545
80,909111;414,545554;377,446368;365,476220;-8,256330;4,229307
81,002354;415,011768;377,872253;365,819524;-8,258372;4,233905
81,095607;415,478036;378,283380;366,158724;-8,256170;4,240191
81,188570;415,942852;378,703320;366,488827;-8,260477;4,245307
81,281786;416,408929;379,094454;366,819141;-8,261371;4,253850
81,374954;416,874768;379,507771;367,180539;-8,265327;4,259838
81,468166;417,340829;379,901803;367,510820;-8,264274;4,268049
81,561403;417,807017;380,318468;367,893518;-8,265550;4,273695
81,654695;418,273476;380,722646;368,285955;-8,268390;4,280795
81,747964;418,739820;381,158061;368,646369;-8,270049;4,284321
81,841101;419,205507;381,597750;369,043984;-8,271644;4,287284
81,934126;419,670631;381,983955;369,397551;-8,276143;4,296281
82,027377;420,136884;382,430837;369,783776;-8,275281;4,298489
82,120509;420,602543;382,804082;370,118472;-8,277227;4,309025
82,213507;421,067536;383,277856;370,534380;-8,277036;4,308023
82,307078;421,535391;383,701324;370,917365;-8,278216;4,313084
82,400296;422,001481;384,122952;371,272652;-8,283353;4,318152
82,493676;422,468381;384,538440;371,650605;-8,282811;4,324013
82,586998;422,934988;385,003029;372,005173;-8,288522;4,324243
82,680229;423,401143;385,401254;372,412348;-8,285331;4,331987
82,773387;423,866936;385,847898;372,782754;-8,289894;4,334170
82,866447;424,332234;386,255124;373,168109;-8,289255;4,340791
82,959588;424,797938;386,672735;373,515114;-8,294265;4,346273
83,053052;425,265259;387,086924;373,923105;-8,295509;4,352330
83,146274;425,731371;387,516701;374,305901;-8,295955;4,356472
83,239877;426,199386;387,940338;374,695932;-8,294105;4,361531
83,332836;426,664182;388,334983;375,028121;-8,297200;4,369529
83,426318;427,131590;388,749062;375,420604;-8,296051;4,375608
83,519470;427,597348;389,187775;375,764319;-8,297806;4,378691
83,612801;428,064004;389,592974;376,107337;-8,303198;4,385697
83,705938;428,529689;390,006969;376,471420;-8,304761;4,391590
83,799466;428,997328;390,421615;376,871300;-8,307888;4,397631
83,892912;429,464559;390,820626;377,235795;-8,308909;4,405408
83,986193;429,930964;391,242229;377,586444;-8,310313;4,410516
84,079227;430,396133;391,655661;377,957926;-8,314077;4,416414
84,172591;430,862955;392,067482;378,333693;-8,316917;4,422684
84,265617;431,328085;392,473848;378,712385;-8,321798;4,429383
84,359168;431,795840;392,891041;379,092415;-8,321926;4,435147
84,452045;432,260227;393,331945;379,497574;-8,323043;4,437824
84,545075;432,725373;393,718558;379,851276;-8,326903;4,446777
84,638312;433,191562;394,140865;380,221951;-8,327445;4,451779
84,731446;433,657230;394,525392;380,613221;-8,330604;4,461030
84,824464;434,122321;394,955780;380,975697;-8,332167;4,464986
84,917926;434,589630;395,387267;381,368055;-8,335007;4,469069
85,010931;435,054657;395,838611;381,766052;-8,338357;4,470629
85,104216;435,521081;396,228228;382,134127;-8,339697;4,479385
85,197333;435,986664;396,662336;382,522112;-8,338708;4,482973
85,290354;436,451768;397,099801;382,920717;-8,341292;4,486124
85,383618;436,918089;397,544013;383,334245;-8,343366;4,488645
85,476841;437,384203;397,950463;383,673471;-8,343525;4,495446
85,570093;437,850465;398,397774;384,084912;-8,347418;4,497607
85,663016;438,315082;398,840308;384,463496;-8,350449;4,500124
85,756263;438,781316;399,243056;384,818964;-8,355394;4,507362
85,849766;439,248829;399,724826;385,246631;-8,360594;4,505736
85,942723;439,713615;400,128191;385,628315;-8,358425;4,512738
86,035882;440,179410;400,543498;386,004770;-8,363370;4,518494
86,128911;440,644553;400,910226;386,387087;-8,360052;4,529713
86,222164;441,110819;400,699315;386,749916;-8,363402;4,606911
86,315328;441,576642;400,935968;387,158669;-8,364008;4,633037
86,408527;442,042637;401,230643;387,546800;-8,364646;4,652567
86,501850;442,509249;401,617424;387,943733;-8,371538;4,661668
86,594825;442,974124;402,076650;388,353312;-8,371059;4,662312
86,688029;443,440143;402,506720;388,773273;-8,376068;4,666410
86,781517;443,907587;403,003349;389,232120;-8,376292;4,663083
86,874764;444,373822;403,494069;389,681657;-8,376004;4,660292
86,967961;444,839803;403,994678;390,140663;-8,381332;4,656344
87,061195;445,305975;404,508785;390,627457;-8,379897;4,650880
87,154470;445,772351;405,023749;391,079155;-8,380726;4,645341
87,247604;446,238022;405,541377;391,515215;-8,382960;4,639418
87,341084;446,705419;406,055575;391,999865;-8,383311;4,634082
87,434136;447,170678;406,602666;392,456889;-8,383023;4,624753
87,527371;447,636856;407,146548;392,914783;-8,385959;4,615895
87,620340;448,101702;407,651359;393,340763;-8,388383;4,611339
87,713479;448,567396;408,141467;393,777565;-8,388862;4,608556
87,806717;449,033587;408,641683;394,251862;-8,390840;4,604677
87,899721;449,498604;409,141632;394,668255;-8,394828;4,600695
87,993241;449,966203;409,623049;395,100893;-8,396934;4,599120
88,086475;450,432375;410,078049;395,510220;-8,396455;4,600393
88,179710;450,898549;410,545413;395,888332;-8,396647;4,600257
88,273178;451,365890;410,982534;396,256928;-8,396264;4,603703
88,366459;451,832293;411,386937;396,631603;-8,397444;4,610771
88,459361;452,296805;411,757053;396,965356;-8,400539;4,621532
88,552903;452,764515;412,191381;397,365293;-8,407080;4,625337
88,646038;453,230192;412,570237;397,699909;-8,402230;4,635235
88,739361;453,696807;412,970929;398,040154;-8,405708;4,642750
88,832272;454,161360;413,306921;398,383994;-8,408164;4,657406
88,925506;454,627532;413,684806;398,703869;-8,407111;4,667471
89,018740;455,093700;414,043741;399,028019;-8,410047;4,679695
89,112024;455,560118;414,413694;399,331146;-8,408707;4,690692
89,205159;456,025793;414,777542;399,636967;-8,416428;4,702301
89,298143;456,490717;415,126952;399,982296;-8,416523;4,715469
89,391408;456,957039;415,478143;400,293053;-8,413492;4,728594
89,484654;457,423271;415,849812;400,636537;-8,413460;4,739374
89,578117;457,890584;416,223710;400,935291;-8,416140;4,750024
89,671376;458,356881;416,595109;401,238998;-8,413939;4,760842
89,764538;458,822690;416,953874;401,559171;-8,417098;4,773045
89,857790;459,288948;417,348874;401,907323;-8,416523;4,781168
89,951055;459,755276;417,727636;402,239877;-8,418565;4,791151
90,044286;460,221430;418,144429;402,569478;-8,416906;4,796778
90,137494;460,687469;418,575153;402,954817;-8,420543;4,800804
90,230687;461,153435;418,932228;403,290472;-8,418119;4,813218
90,324177;461,620883;419,380458;403,682987;-8,416491;4,815408
90,417222;462,086108;419,836309;404,084503;-8,415662;4,816477
90,510394;462,551970;420,251612;404,442210;-8,416013;4,822241
90,603429;463,017146;420,703801;404,802379;-8,418023;4,823721
90,696411;463,482056;421,127375;405,187121;-8,415247;4,828434
90,789321;463,946607;421,585804;405,583119;-8,414450;4,829132
90,882584;464,412918;422,021698;406,003458;-8,410589;4,832599
90,975524;464,877620;422,461613;406,396695;-8,409472;4,835425
91,068788;465,343941;422,918599;406,796673;-8,408547;4,836489
91,161748;465,808739;423,341130;407,209482;-8,406665;4,841307
91,254978;466,274890;423,734165;407,544671;-8,404655;4,849643
91,348215;466,741074;424,192638;407,972990;-8,402900;4,850522
91,441448;467,207240;424,579100;408,360232;-8,405133;4,859608
91,534403;467,672013;424,982859;408,723094;-8,400858;4,866564
91,627530;468,137651;425,378047;409,100366;-8,397157;4,874595
91,720860;468,604298;425,833487;409,516848;-8,396009;4,875872
91,814075;469,070376;426,215809;409,854161;-8,397923;4,885421
91,907342;469,536712;426,621946;410,180859;-8,399040;4,892283
92,000280;470,001402;427,048523;410,574044;-8,396551;4,896628
92,094049;470,470243;427,466305;410,961794;-8,397125;4,902449
92,187004;470,935020;427,878892;411,307592;-8,393775;4,908399
92,279956;471,399780;428,269872;411,699577;-8,392435;4,916809
92,373204;471,866018;428,668025;412,081393;-8,392403;4,924571
92,466719;472,333595;429,074474;412,449438;-8,390042;4,931540
92,560353;472,801765;429,494614;412,821517;-8,386405;4,937015
92,653831;473,269153;429,879889;413,206644;-8,386788;4,946376
92,747106;473,735528;430,292116;413,553889;-8,386086;4,952549
92,840109;474,200546;430,693084;413,914184;-8,388383;4,959851
92,933085;474,665424;431,076276;414,251251;-8,389819;4,969163
93,026357;475,131786;431,498553;414,669179;-8,386852;4,974189
93,119552;475,597759;431,903953;415,031435;-8,384587;4,981094
93,212801;476,064003;432,334274;415,424305;-8,387490;4,985189
93,305998;476,529990;432,724802;415,811970;-8,389755;4,993791
93,399194;476,995968;433,122276;416,166501;-8,387331;5,001601
93,492433;477,462163;433,521529;416,523489;-8,384236;5,009232
93,585973;477,929864;433,900992;416,885861;-8,382290;5,019291
93,679188;478,395938;434,327839;417,291225;-8,383119;5,023763
93,772328;478,861640;434,723440;417,676070;-8,387554;5,031755
93,865375;479,326874;435,147775;418,078455;-8,384204;5,036417
93,958621;479,793103;435,562881;418,483066;-8,380535;5,042245
94,051873;480,259367;435,965164;418,849378;-8,377695;5,049539
94,145286;480,726428;436,395055;419,245609;-8,379354;5,053777
94,238817;481,194087;436,835031;419,640916;-8,379897;5,056932
94,331989;481,659945;437,292280;419,983075;-8,382545;5,057914
94,425271;482,126353;436,310381;418,198468;-8,380375;5,223021
94,518222;482,591109;436,205043;415,788319;-8,382194;5,288012
94,611760;483,058802;437,153266;415,224494;-8,379610;5,233231
94,704714;483,523568;438,358283;415,731331;-8,374983;5,148843
94,797867;483,989334;439,676085;416,517408;-8,365284;5,051710
94,890885;484,454424;441,157373;417,545014;-8,352778;4,935864
94,984144;484,920718;442,564837;418,582357;-8,347609;4,828570
95,077120;485,385602;443,969662;419,656449;-8,337240;4,721417
95,170858;485,854291;445,230255;420,655185;-8,328307;4,631140
95,264033;486,320165;446,351381;421,589180;-8,320394;4,556441
95,357210;486,786052;447,223581;422,356756;-8,309643;4,510122
95,450265;487,251327;448,001943;423,023447;-8,304346;4,474430
95,543231;487,716154;448,600777;423,526064;-8,296434;4,459153
95,636710;488,183552;449,000810;423,896816;-8,294743;4,466833
95,730185;488,650924;449,302792;424,166318;-8,291042;4,485687
95,823488;489,117441;449,452659;424,306464;-8,288330;4,521785
95,916942;489,584708;449,492594;424,393070;-8,290340;4,570501
96,009916;490,049579;449,450416;424,398019;-8,287182;4,628305
96,103135;490,515674;449,327022;424,318162;-8,291744;4,695506
96,196627;490,983133;449,185007;424,252701;-8,296083;4,764986
96,289793;491,448966;449,023919;424,196237;-8,300039;4,836455
96,382879;491,914394;448,881901;424,138424;-8,308015;4,905704
96,476080;492,380401;448,769048;424,100406;-8,312482;4,971694
96,568999;492,844994;448,649239;424,086684;-8,315290;5,038316
96,662263;493,311314;448,614688;424,151696;-8,323234;5,095415
96,755213;493,776064;448,641387;424,254051;-8,327764;5,145353
96,848758;494,243790;448,736067;424,397569;-8,336379;5,187880
96,941921;494,709607;448,893119;424,642983;-8,342313;5,223080
97,035486;495,177428;449,197346;424,947095;-8,342887;5,241729
97,128867;495,644333;449,557655;425,239498;-8,347226;5,253881
97,222434;496,112168;450,038430;425,685276;-8,348917;5,252406
97,315917;496,579584;450,535569;426,047815;-8,352172;5,249018
97,409083;497,045415;451,122427;426,336573;-8,349109;5,235221
97,502401;497,512005;451,766695;426,729211;-8,353193;5,214965
97,595485;497,977423;452,466796;427,187487;-8,347450;5,188211
97,688837;498,444187;453,149828;427,700594;-8,350704;5,163557
97,781803;498,909016;453,849662;428,240420;-8,348503;5,136766
97,874956;499,374780;454,568318;428,839555;-8,346556;5,107937
97,968210;499,841052;455,238730;429,408295;-8,345440;5,084665
98,061713;500,308565;455,908454;429,982836;-8,343238;5,061613
98,155232;500,776161;456,571658;430,535082;-8,344100;5,039313
98,248181;501,240905;457,163080;431,029530;-8,338070;5,024872
98,341111;501,705557;457,770190;431,523048;-8,340941;5,008632
98,434604;502,173018;458,253494;431,961480;-8,339888;5,006826
98,528131;502,640657;458,807210;432,401910;-8,342760;4,997013
98,621402;503,107010;459,214027;432,759630;-8,345121;5,003800
98,714551;503,572754;459,655151;433,147216;-8,345216;5,006607
98,807816;504,039080;460,010156;433,462889;-8,347609;5,019297
98,901316;504,506578;460,395656;433,793603;-8,349906;5,028645
98,994270;504,971349;460,697730;434,091503;-8,355075;5,047193
99,087506;505,437530;461,017070;434,395234;-8,359797;5,063932
99,181288;505,906440;461,291557;434,632685;-8,361679;5,086097
99,274441;506,372207;461,549896;434,889448;-8,368443;5,109743
99,367445;506,837225;461,832229;435,166644;-8,372463;5,130570
99,460677;507,303387;462,123530;435,448324;-8,376419;5,150504
99,553663;507,768313;462,434116;435,708657;-8,382226;5,168098
99,646617;508,233084;462,707698;435,964715;-8,384459;5,189894
99,740097;508,700487;463,048329;436,271076;-8,389468;5,204346
99,833617;509,168086;463,399498;436,604602;-8,392754;5,217619
99,926550;509,632750;463,765913;436,930256;-8,394413;5,228819
100,019835;510,099174;464,135689;437,267801;-8,399135;5,239837
100,113006;510,565029;464,543809;437,615439;-8,403602;5,246419
100,206265;511,031323;464,903266;437,952735;-8,408292;5,258599
100,299530;511,497651;465,321919;438,372205;-8,411387;5,264033
100,392647;511,963237;465,795060;438,767631;-8,412152;5,263172
100,486233;512,431166;466,257210;439,179656;-8,415981;5,263831
100,579190;512,895950;466,732586;439,624894;-8,417991;5,262624
100,672131;513,360653;467,209304;440,050131;-8,421500;5,261254
100,765383;513,826913;467,669650;440,511496;-8,426733;5,261928
100,858630;514,293151;468,142774;440,951514;-8,431104;5,261143
100,951618;514,758092;468,614549;441,366596;-8,432571;5,260364
101,044499;515,222494;469,082060;441,852148;-8,439335;5,260010
101,137987;515,689936;469,550240;442,262258;-8,440548;5,259925
101,231003;516,155013;470,024021;442,719715;-8,443738;5,258933
101,324175;516,620876;470,450488;443,150668;-8,447662;5,263424
101,417681;517,088407;470,856324;443,563875;-8,452863;5,270457
101,511164;517,555822;471,295788;443,963602;-8,453278;5,273644
101,604469;518,022345;471,692199;444,369375;-8,457266;5,281637
101,697721;518,488605;472,104525;444,758753;-8,461573;5,287785
101,790639;518,953193;472,481423;445,154179;-8,466997;5,297782
101,883577;519,417887;472,870872;445,526030;-8,471304;5,306360
101,977021;519,885105;473,223099;445,893382;-8,477142;5,319469
102,070614;520,353068;473,589896;446,237388;-8,480109;5,331002
102,163761;520,818803;473,987852;446,623570;-8,483427;5,338728
102,257062;521,285309;474,345224;446,981021;-8,489808;5,351170
102,350012;521,750060;474,745413;447,383564;-8,494307;5,358530
102,443238;522,216192;475,117348;447,748850;-8,500720;5,369268
102,535668;522,678338;475,474032;448,110762;-8,502730;5,381291
102,628567;523,142837;475,852458;448,471319;-8,507196;5,391103
102,721119;523,605594;476,224600;448,855202;-8,508919;5,401433
102,813559;524,067795;476,642468;449,265998;-8,515332;5,406487
102,906185;524,530926;476,999129;449,615986;-8,516353;5,418625
102,998734;524,993671;477,398376;450,024521;-8,519863;5,425864
103,091143;525,455715;477,785061;450,426765;-8,520947;5,434455
103,183781;525,918903;478,155150;450,807689;-8,526850;5,445068
103,276553;526,382765;478,596287;451,239079;-8,533231;5,447659
103,369565;526,847825;479,017463;451,680330;-8,537985;5,452661
103,462005;527,310025;479,434817;452,105196;-8,540026;5,457774
103,554625;527,773123;479,877933;452,547999;-8,543472;5,460052
103,647189;528,235947;480,292795;452,975091;-8,544461;5,465519
103,739833;528,699163;480,701593;453,407782;-8,549630;5,471723
103,832815;529,164073;481,122030;453,849887;-8,549502;5,476793
103,925501;529,627503;481,549175;454,297142;-8,554830;5,480929
104,018269;530,091346;481,994453;454,763679;-8,560956;5,483046
104,110631;530,553156;482,406997;455,177723;-8,563764;5,488662
104,203416;531,017082;482,839017;455,590416;-8,568485;5,492299
104,296318;531,481589;483,221051;455,990094;-8,565742;5,501701
104,388850;531,944250;483,659305;456,420044;-8,572442;5,504484
104,481538;532,407692;484,061241;456,818141;-8,573590;5,511495
104,574023;532,870114;484,475478;457,230138;-8,581598;5,516989
104,666457;533,332284;484,889020;457,648186;-8,583959;5,522532
104,758764;533,793821;485,269611;458,023393;-8,587724;5,531760
104,851097;534,255487;485,686242;458,425732;-8,586799;5,536894
104,943797;534,718984;486,096127;458,809229;-8,592605;5,543006
105,036420;535,182100;486,439021;459,139123;-8,597933;5,556711
105,129227;535,646134;486,837883;459,555579;-8,601028;5,564141
105,221940;536,109700;487,239180;459,970910;-8,603804;5,571239
105,314377;536,571886;487,627685;460,349683;-8,606771;5,579639
105,406808;537,034039;488,007429;460,735181;-8,613471;5,589034
105,499420;537,497100;488,379085;461,142877;-8,617268;5,599454
105,591682;537,958409;488,759667;461,511101;-8,618225;5,608657
105,684023;538,420115;489,147829;461,926639;-8,623585;5,617041
105,776310;538,881549;489,513798;462,363702;-8,627924;5,627924
105,869306;539,346531;489,915770;462,811076;-8,633443;5,635107
105,961910;539,809552;490,337172;463,266072;-8,633220;5,639851
106,054380;540,271901;490,723623;463,669264;-8,640175;5,648504
106,147168;540,735841;491,169101;464,172465;-8,642121;5,650608
106,239621;541,198105;491,574930;464,576548;-8,647928;5,657042
106,331789;541,658945;492,023211;465,029736;-8,650417;5,658474
106,424218;542,121088;492,415968;465,470589;-8,656255;5,666384
106,517148;542,585738;492,805324;465,899554;-8,656925;5,674967
106,609618;543,048089;493,236220;466,338831;-8,667103;5,678553
106,702556;543,512780;493,646041;466,791335;-8,669400;5,684808
106,795288;543,976442;494,012662;467,204371;-8,671027;5,695871
106,888237;544,441185;494,399575;467,646555;-8,671219;5,704744
106,980753;544,903764;494,802969;468,057791;-8,674888;5,711491
107,073481;545,367404;495,192673;468,523961;-8,677089;5,719919
107,166211;545,831056;495,587902;468,977795;-8,683151;5,727720
107,258358;546,291790;496,011212;469,425796;-8,684810;5,731986
107,350549;546,752745;496,403404;469,860564;-8,687299;5,739825
107,443036;547,215181;496,758018;470,260574;-8,693424;5,752117
107,535621;547,678103;497,166155;470,710582;-8,700762;5,758362
107,628164;548,140820;497,551448;471,122021;-8,703091;5,767188
107,720791;548,603956;497,955192;471,585697;-8,709568;5,773959
107,813837;549,069187;498,347923;472,021119;-8,712822;5,782224
107,906205;549,531025;498,734775;472,452276;-8,713269;5,790772
107,998738;549,993688;499,160355;472,910781;-8,719267;5,795000
108,091184;550,455919;499,532768;473,312333;-8,719458;5,805239
108,183579;550,917893;499,949912;473,773741;-8,720767;5,810350
108,276493;551,382467;500,339739;474,231108;-8,727147;5,818871
108,369203;551,846015;500,761527;474,721648;-8,730753;5,823632
108,462183;552,310916;501,158150;475,147837;-8,731646;5,831415
108,554748;552,773741;501,558791;475,624237;-8,736049;5,838504
108,646914;553,234569;501,999807;476,099507;-8,736081;5,840763
108,739568;553,697838;502,377287;476,522758;-8,737867;5,850543
108,832485;554,162426;502,839124;477,046430;-8,742302;5,850856
108,925044;554,625221;503,243937;477,556189;-8,746227;5,857466
109,017683;555,088417;503,630553;478,037018;-8,748141;5,866196
109,110467;555,552336;504,015579;478,537111;-8,749194;5,875190
109,202657;556,013285;504,458695;479,137829;-8,754362;5,877223
109,295293;556,476463;504,866114;479,705574;-8,758350;5,883580
109,388231;556,941156;505,292356;480,217937;-8,757872;5,887963
109,481023;557,405114;505,746166;480,688818;-8,763997;5,889120
109,573206;557,866030;506,138042;481,198003;-8,765784;5,896991
109,665638;558,328192;506,569823;481,653157;-8,771240;5,900454
109,758382;558,791911;506,968612;482,116358;-8,773441;5,907856
109,850810;559,254051;507,377473;482,561164;-8,773505;5,913930
109,943464;559,717319;507,793716;482,987127;-8,776632;5,919291
110,035983;560,179915;508,178318;483,400746;-8,784289;5,928182
110,128585;560,642926;508,595194;483,836078;-8,786745;5,933442
110,221558;561,107792;509,013170;484,268250;-8,793254;5,938787
110,314348;561,571739;509,379332;484,677996;-8,795424;5,949934
110,406552;562,032759;509,771487;485,093991;-8,797274;5,957785
110,499031;562,495156;510,127752;485,490025;-8,800050;5,969884
110,591681;562,958404;510,521891;485,898803;-8,809143;5,977763
110,684303;563,421514;510,878127;486,276647;-8,810514;5,989946
110,776837;563,884185;511,276044;486,719190;-8,813386;5,997328
110,869029;564,345146;511,677756;487,141546;-8,821107;6,004082
110,961399;564,806994;512,024308;487,527146;-8,823755;6,017226
111,054453;565,272263;512,404918;487,928392;-8,828828;6,026877
111,146891;565,734453;512,783943;488,335651;-8,832752;6,036358
111,239092;566,195459;513,191643;488,732803;-8,838718;6,042435
111,331513;566,657566;513,596859;489,163274;-8,839707;6,048921
111,423997;567,119984;513,998698;489,595046;-8,843632;6,055827
111,516603;567,583016;514,384385;490,037294;-8,848800;6,064644
111,609405;568,047027;514,811514;490,459131;-8,854256;6,068848
111,701553;568,507764;515,230335;490,920526;-8,856744;6,073627
111,794471;568,972356;515,643985;491,389024;-8,866029;6,079434
111,886764;569,433819;516,079353;491,826145;-8,863636;6,082409
111,979491;569,897454;516,500139;492,262763;-8,870878;6,087294
112,072406;570,362031;516,913515;492,719674;-8,877227;6,093131
112,164773;570,823865;517,328444;493,142756;-8,886543;6,098478
112,257067;571,285336;517,753887;493,576065;-8,887692;6,102585
112,349670;571,748349;518,172817;494,004838;-8,892829;6,107611
112,442371;572,211855;518,569554;494,448745;-8,893339;6,115222
112,535100;572,675502;518,959781;494,771236;-8,902910;6,123592
112,628068;573,140340;519,332299;495,194014;-8,910472;6,134117
112,720614;573,603068;519,738852;495,632582;-8,915449;6,140521
112,813318;574,066589;520,107090;495,999597;-8,917300;6,151383
112,905779;574,528895;520,475317;496,450749;-8,926105;6,162108
112,997948;574,989740;520,864586;496,851128;-8,937080;6,170268
113,090164;575,450819;521,222935;497,250988;-8,935517;6,181979
113,182804;575,914021;521,644879;497,691171;-8,940749;6,186682
113,275043;576,375214;522,007462;498,077259;-8,948662;6,197924
113,367210;576,836052;522,379216;498,480452;-8,954245;6,208079
113,459599;577,297993;522,767307;498,903859;-8,959573;6,216498
113,552383;577,761915;523,166808;499,330069;-8,971729;6,223842
113,644820;578,224102;523,544128;499,739458;-8,977504;6,233517
113,737022;578,685108;523,908226;500,099765;-8,985193;6,244565
113,829418;579,147090;524,315754;500,522016;-8,983119;6,250772
113,922150;579,610749;524,708716;500,961973;-8,996806;6,258832
114,014835;580,074175;525,108609;501,411331;-9,005101;6,266075
114,107838;580,539191;525,547448;501,897916;-9,006665;6,269059
114,200310;581,001551;525,964781;502,326120;-9,015949;6,274192
114,292989;581,464943;526,349192;502,758114;-9,013333;6,283196
114,385162;581,925812;526,749936;503,218132;-9,025361;6,290050
114,477583;582,387914;527,176191;503,675205;-9,031455;6,294136
114,570500;582,852502;527,560572;504,113628;-9,037261;6,303280
114,663223;583,316113;527,995312;504,572666;-9,042015;6,306571
114,755755;583,778775;528,408327;505,002738;-9,053756;6,312231
114,847936;584,239681;528,824913;505,474960;-9,059722;6,317284
114,940606;584,703030;529,230521;505,908347;-9,057744;6,323866
115,033390;585,166952;529,616645;506,317486;-9,070155;6,332735
115,126014;585,630068;530,011714;506,758902;-9,078546;6,340492
115,218809;586,094043;530,428039;507,248963;-9,078386;6,345925
115,311241;586,556207;530,828462;507,696385;-9,087256;6,352963
115,403949;587,019745;531,242978;508,137504;-9,098742;6,358551
115,496109;587,480546;531,605783;508,566266;-9,102379;6,369723
115,588827;587,944136;531,988054;508,962942;-9,110195;6,378993
115,681307;588,406534;532,398740;509,393458;-9,121171;6,384889
115,773739;588,868696;532,786143;509,837405;-9,130391;6,393411
115,866384;589,331918;533,152949;510,233350;-9,138654;6,404402
115,959305;589,796523;533,581292;510,694966;-9,142770;6,408536
116,052102;590,260512;533,965540;511,094910;-9,150938;6,417627
116,144292;590,721461;534,323375;511,481834;-9,149980;6,429382
116,236481;591,182407;534,737150;511,927248;-9,159424;6,434759
116,328928;591,644639;535,112204;512,337449;-9,167815;6,444698
116,421391;592,106956;535,520818;512,751892;-9,172569;6,450820
116,513592;592,567961;535,918460;513,188729;-9,177865;6,458043
116,605771;593,028853;536,317663;513,582516;-9,183417;6,465076
116,698476;593,492382;536,706119;514,015730;-9,189447;6,473634
116,790864;593,954322;537,112469;514,462148;-9,193116;6,479971
116,883534;594,417669;537,546783;514,950227;-9,200422;6,483281
116,976070;594,880349;537,922020;515,378677;-9,213152;6,493249
117,068454;595,342272;538,328353;515,838704;-9,217267;6,499587
117,160956;595,804781;538,727073;516,283474;-9,228243;6,506859
117,253180;596,265899;539,133396;516,739429;-9,232773;6,513105
117,345590;596,727950;539,501005;517,158173;-9,236729;6,523872
117,438306;597,191532;539,875323;517,592359;-9,241706;6,534048
117,530799;597,653993;540,301320;518,015328;-9,248056;6,538205
117,622976;598,114882;540,664666;518,446569;-9,252331;6,549325
117,715649;598,578246;541,069846;518,905123;-9,258456;6,555958
117,808135;599,040675;541,441015;519,279211;-9,266847;6,566361
117,900550;599,502748;541,828512;519,705477;-9,270070;6,574863
117,992727;599,963634;542,248893;520,185709;-9,276451;6,579480
118,085394;600,426968;542,628776;520,602536;-9,285990;6,588994
118,177931;600,889657;543,044452;521,083180;-9,294126;6,594353
118,270350;601,351749;543,402180;521,469967;-9,294126;6,606251
118,362535;601,812674;543,775118;521,887199;-9,313269;6,616281
118,454968;602,274841;544,172439;522,329500;-9,316395;6,623674
118,547866;602,739330;544,581613;522,797987;-9,320096;6,629980
118,640397;603,201986;545,001299;523,228613;-9,326956;6,634878
118,732834;603,664169;545,344696;523,648700;-9,332029;6,648420
118,825006;604,125032;545,730149;524,071239;-9,340834;6,657017
118,917227;604,586137;546,135062;524,510781;-9,348364;6,663423
119,009931;605,049655;546,515812;524,972476;-9,353915;6,672858
119,102143;605,510715;546,914233;525,388706;-9,361987;6,679999
119,194577;605,972885;547,261424;525,798431;-9,364252;6,693107
119,287175;606,435873;547,649775;526,248668;-9,369772;6,701615
119,380164;606,900820;548,063403;526,706727;-9,373505;6,707466
119,472963;607,364814;548,486200;527,148879;-9,387990;6,712162
119,565404;607,827021;548,804081;527,519157;-9,391244;6,728615
119,657855;608,289276;549,198242;527,970911;-9,397880;6,736378
119,750324;608,751619;549,606272;528,418400;-9,401102;6,742570
119,843029;609,215143;550,038684;528,896768;-9,411120;6,746116
119,935445;609,677225;550,423670;529,328563;-9,420851;6,754905
120,027900;610,139501;550,803064;529,737517;-9,424999;6,764354
120,120086;610,600431;551,207959;530,192570;-9,435368;6,770742
120,212426;611,062130;551,592720;530,626797;-9,440058;6,779513
120,304984;611,524922;551,992693;531,117192;-9,446152;6,786674
120,397436;611,987178;552,396245;531,523420;-9,452979;6,793366
120,489596;612,447979;552,785704;531,962092;-9,461721;6,801499
120,582033;612,910165;553,197086;532,409035;-9,465773;6,807291
120,674940;613,374698;553,578939;532,847912;-9,469474;6,816717
120,767236;613,836179;553,969294;533,270218;-9,478854;6,824825
120,859677;614,298385;554,357636;533,694307;-9,481151;6,833245
120,952126;614,760630;554,736359;534,125325;-9,493754;6,842767
121,044326;615,221629;555,140809;534,571775;-9,496593;6,849213
121,136752;615,683762;555,517745;535,010161;-9,504378;6,858926
121,228954;616,144772;555,905420;535,457937;-9,505973;6,867286
121,321542;616,607712;556,308978;535,872587;-9,513088;6,874056
121,414134;617,070669;556,688826;536,311621;-9,517778;6,883530
121,506558;617,532792;557,115429;536,772800;-9,527860;6,887579
121,599167;617,995833;557,525704;537,197498;-9,538133;6,893595
121,691941;618,459703;557,879383;537,614358;-9,539409;6,906157
121,784158;618,920792;558,257895;538,013983;-9,544227;6,915570
121,876287;619,381433;558,661017;538,475581;-9,553830;6,922127
121,969241;619,846205;559,071076;538,880564;-9,565156;6,928365
122,062025;620,310124;559,509326;539,363851;-9,572877;6,931291
122,154463;620,772317;559,882925;539,804398;-9,583214;6,941391
122,246601;621,233004;560,282925;540,259481;-9,589882;6,948309
122,339357;621,696785;560,655188;540,701806;-9,594062;6,958742
122,432079;622,160394;561,126784;541,202071;-9,597444;6,957832
122,524260;622,621302;561,503303;541,607693;-9,605229;6,967452
122,616690;623,083450;561,908014;542,038591;-9,605133;6,974000
122,709095;623,545473;562,279617;542,473512;-9,613428;6,984308
122,802008;624,010041;562,677175;542,912009;-9,617544;6,991947
122,894584;624,472922;563,063328;543,346474;-9,627243;7,000694
122,986768;624,933840;563,466487;543,785633;-9,638027;7,007278
123,079195;625,395973;563,848843;544,218971;-9,653341;7,016373
123,171565;625,857826;564,214423;544,644253;-9,659403;7,027348
123,264339;626,321696;564,633703;545,122774;-9,664061;7,032431
123,356796;626,783979;565,055225;545,604871;-9,666900;7,037078
123,449268;627,246338;565,440506;546,041328;-9,671335;7,045865
123,541682;627,708412;565,822435;546,455859;-9,682055;7,055001
123,634372;628,171861;566,178638;546,882467;-9,684161;7,067227
123,727114;628,635570;566,590110;547,373724;-9,687734;7,073182
123,819568;629,097838;567,014566;547,819119;-9,697082;7,077493
123,911906;629,559528;567,414862;548,267643;-9,706845;7,084492
124,004431;630,022156;567,782494;548,681492;-9,717788;7,095321
124,097432;630,487162;568,181010;549,145896;-9,720628;7,102901
124,189639;630,948193;568,560735;549,566677;-9,731858;7,112170
124,282336;631,411678;568,978282;550,000431;-9,734698;7,117407
124,375040;631,875198;569,323334;550,429934;-9,745896;7,130912
124,467468;632,337341;569,719634;550,868608;-9,752947;7,138419
124,559816;632,799081;570,126682;551,339941;-9,765071;7,144653
124,652375;633,261876;570,526127;551,777048;-9,771707;7,151875
124,744843;633,724214;570,911704;552,221984;-9,768357;7,160626
124,837510;634,187552;571,329289;552,666025;-9,775919;7,165842
124,929998;634,649988;571,728082;553,117449;-9,778120;7,173097
125,022598;635,112990;572,124644;553,535094;-9,783927;7,180671
125,115401;635,577004;572,508009;553,955201;-9,783735;7,189865
125,208028;636,040142;572,894289;554,401928;-9,793977;7,198627
125,300564;636,502820;573,300271;554,846644;-9,810886;7,205091
125,392719;636,963594;573,705813;555,287557;-9,820936;7,211387
125,484914;637,424572;574,124791;555,774107;-9,821543;7,216175
125,577100;637,885502;574,507518;556,179231;-9,829838;7,225090
125,669518;638,347592;574,916216;556,640282;-9,838899;7,231177
125,762462;638,812310;575,323132;557,116324;-9,841228;7,237766
125,854981;639,274907;575,706777;557,516979;-9,842600;7,246767
125,947165;639,735827;576,062002;557,930835;-9,851246;7,258816
126,039824;640,199121;576,506098;558,381158;-9,879067;7,261005
126,132520;640,662599;576,851041;558,780701;-9,892881;7,274518
126,225290;641,126450;577,290678;559,259888;-9,888861;7,277278
126,317936;641,589679;577,684659;559,710443;-9,901113;7,285172
126,410396;642,051980;578,119839;560,168607;-9,906537;7,288264
126,503433;642,517165;578,501525;560,597469;-9,914672;7,297783
126,595885;642,979423;578,888816;561,025887;-9,927849;7,306329
126,688322;643,441608;579,266040;561,453413;-9,926318;7,316015
126,780685;643,903427;579,666109;561,868639;-9,932603;7,323054
126,873749;644,368746;580,047828;562,287447;-9,947662;7,332585
126,966434;644,832171;580,494484;562,760849;-9,963327;7,334496
127,058616;645,293082;580,817113;563,150581;-9,970984;7,350260
127,151240;645,756201;581,244086;563,601620;-9,973409;7,354381
127,243792;646,218961;581,598524;564,026486;-9,978992;7,366730
127,336263;646,681315;581,993274;564,441066;-9,990223;7,374437
127,428856;647,144280;582,396766;564,934630;-10,009110;7,381217
127,521827;647,609137;582,777653;565,360854;-10,015268;7,390789
127,614795;648,073976;583,149591;565,780147;-10,017693;7,401380
127,707035;648,535175;583,520866;566,211305;-10,018075;7,411631
127,799524;648,997618;583,918799;566,657907;-10,028732;7,418985
127,891706;649,458531;584,321445;567,122415;-10,034060;7,425628
127,984406;649,922028;584,701706;567,534124;-10,044939;7,435117
128,077107;650,385537;585,128336;567,999988;-10,051161;7,439321
128,169528;650,847640;585,548260;568,481523;-10,061051;7,444129
128,262524;651,312621;585,921162;568,884076;-10,075089;7,454626
128,354946;651,774732;586,343796;569,343697;-10,080736;7,459127
128,447864;652,239322;586,730829;569,783186;-10,083129;7,467968
128,540564;652,702821;587,166478;570,272137;-10,093626;7,471143
128,633296;653,166478;587,556446;570,714775;-10,118671;7,479544
128,725815;653,629076;587,961657;571,139741;-10,113311;7,486086
128,818012;654,090060;588,319390;571,554197;-10,136346;7,497856
128,910184;654,550919;588,717902;571,993948;-10,143684;7,504964
129,002375;655,011874;589,088648;572,392081;-10,157308;7,515248
129,094977;655,474883;589,450220;572,832072;-10,188096;7,526812
129,187485;655,937426;589,888868;573,296242;-10,178875;7,529536
129,280496;656,402478;590,269728;573,722598;-10,171728;7,539133
129,372968;656,864841;590,668971;574,152544;-10,184809;7,546329
129,465353;657,326765;591,069795;574,575783;-10,190967;7,553295
129,558110;657,790550;591,486988;575,045811;-10,198209;7,558606
129,650806;658,254030;591,912485;575,495480;-10,222106;7,562936
129,742992;658,714961;592,318725;575,938892;-10,229795;7,569171
129,835463;659,177315;592,733046;576,405818;-10,266422;7,574647
129,927623;659,638114;593,072535;576,815673;-10,285820;7,588476
130,020102;660,100512;593,507274;577,281053;-10,278322;7,591629
130,112528;660,562638;593,895191;577,726744;-10,285852;7,600089
130,205267;661,026333;594,278638;578,163044;-10,304803;7,609237
130,298132;661,490662;594,676889;578,588161;-10,303814;7,616770
130,391130;661,955652;595,098014;579,045525;-10,315619;7,621771
130,483348;662,416742;595,491137;579,445141;-10,334092;7,629519
130,576092;662,880460;595,889653;579,879692;-10,359360;7,636952
130,668546;663,342729;596,272941;580,285819;-10,369059;7,645956
130,761210;663,806048;596,668121;580,688598;-10,386479;7,653724
130,853868;664,269338;597,079679;581,179155;-10,396146;7,659621
130,946670;664,733349;597,466817;581,613750;-10,405813;7,668385
131,039070;665,195351;597,890734;582,067389;-10,428848;7,672726
131,131710;665,658548;598,255033;582,517234;-10,431178;7,684001
131,223946;666,119729;598,654318;582,940444;-10,461487;7,691057
131,316674;666,583371;599,025144;583,350455;-10,461710;7,701638
131,408883;667,044416;599,418179;583,827880;-10,509057;7,709391
131,501334;667,506671;599,872441;584,284718;-10,504207;7,710302
131,593521;667,967607;600,250259;584,713352;-10,538250;7,719778
131,685876;668,429380;600,644236;585,139086;-10,543099;7,727506
131,778694;668,893471;601,019390;585,557666;-10,544056;7,737645
131,870876;669,354382;601,406443;585,981409;-10,543769;7,746065
131,963314;669,816572;601,804724;586,410316;-10,560934;7,753351
132,055487;670,277434;602,230156;586,874401;-10,555733;7,757390
132,147690;670,738449;602,609404;587,287208;-10,566390;7,766711
132,240150;671,200748;602,986648;587,704507;-10,575195;7,776407
132,332345;671,661727;603,365027;588,152058;-10,609429;7,785824
132,424758;672,123789;603,760915;588,592456;-10,614566;7,793368
132,517121;672,585606;604,122948;588,997025;-10,652086;7,804743
132,609391;673,046954;604,560141;589,450892;-10,686351;7,807497
132,701767;673,508833;604,937457;589,856831;-10,758998;7,817137
132,794004;673,970018;605,347765;590,293028;-10,791063;7,822937
132,886759;674,433795;605,755174;590,743355;-10,830784;7,829363
132,979450;674,897250;606,159010;591,188544;-10,885469;7,836159
133,071637;675,358185;606,600331;591,672511;-10,952756;7,838395
133,163793;675,818965;607,018338;592,108545;-10,984469;7,843271
133,256522;676,282610;607,428509;592,558936;-11,005781;7,849368
133,348724;676,743619;607,853956;593,005981;-10,980449;7,853422
133,441398;677,206990;608,234766;593,458197;-11,003644;7,862834
133,534149;677,670746;608,619181;593,936202;-10,968006;7,871878
133,626336;678,131679;609,029421;594,384643;-10,999847;7,877657
133,718788;678,593942;609,451349;594,802620;-10,956042;7,882256
133,811141;679,055703;609,811350;595,224646;-10,979875;7,893856
133,903679;679,518393;610,255759;595,704738;-11,007823;7,895940
133,996057;679,980285;610,651257;596,151229;-11,092466;7,903509
134,088741;680,443705;611,085829;596,609168;-11,141153;7,906798
134,181568;680,907838;611,487199;597,023190;-11,204388;7,913953
134,273986;681,369929;611,896893;597,461661;-11,305302;7,919926
134,366175;681,830874;612,260357;597,879973;-11,305462;7,931039
134,458581;682,292906;612,675250;598,322289;-11,305462;7,936413
134,551346;682,756729;613,060525;598,742427;-11,305558;7,945367
134,643766;683,218832;613,434814;599,190383;-11,304377;7,955378
134,736188;683,680938;613,857396;599,641496;-11,304856;7,959884
134,829183;684,145914;614,220042;600,022221;-11,305590;7,971549
134,922149;684,610744;614,631658;600,426952;-11,306706;7,977616
135,014906;685,074530;615,029594;600,839099;-11,305653;7,985123
135,107576;685,537882;615,424180;601,241170;-11,305877;7,992962
135,199805;685,999025;615,824623;601,690575;-11,305334;7,999882
135,292469;686,462344;616,243503;602,113760;-11,305590;8,004948
135,384963;686,924816;616,602206;602,518123;-11,306834;8,016778
135,477630;687,388149;617,021573;602,946725;-11,305462;8,021790
135,570019;687,850093;617,408163;603,364129;-11,305207;8,030380
135,662573;688,312863;617,803533;603,779084;-11,305302;8,038064
135,755199;688,775993;618,231721;604,236450;-11,306196;8,042047
135,848207;689,241037;618,562200;604,625419;-11,305685;8,057387
135,940391;689,701953;618,978968;605,045585;-11,305558;8,062420
136,032754;690,163772;619,389242;605,448494;-11,305653;8,068296
136,125298;690,626491;619,798861;605,908854;-11,305494;8,074350
136,217449;691,087246;620,192322;606,317632;-11,306579;8,082021
136,310369;691,551847;620,573442;606,744377;-11,305622;8,091538
136,403167;692,015833;621,009864;607,158126;-11,305494;8,094680
136,495581;692,477907;621,418891;607,570996;-11,306068;8,100728
136,588293;692,941463;621,826140;608,016421;-11,305941;8,107147
136,680766;693,403829;622,253640;608,481616;-11,305590;8,111122
136,772946;693,864730;622,633958;608,876140;-11,307663;8,120308
136,865587;694,327935;623,039021;609,299632;-11,305972;8,126936
136,958354;694,791769;623,439833;609,703842;-11,305845;8,134121
137,050525;695,252627;623,858651;610,184607;-11,305366;8,138913
137,143297;695,716486;624,263328;610,630606;-11,304920;8,145660
137,235970;696,179849;624,657232;611,062035;-11,305111;8,153578
137,328412;696,642059;625,068695;611,505382;-11,305494;8,159363
137,420799;697,103995;625,475683;611,912607;-11,305717;8,165628
137,513569;697,567845;625,853234;612,296278;-11,305972;8,175466
137,605729;698,028646;626,247219;612,701518;-11,305302;8,183083
137,698516;698,492578;626,630205;613,118003;-11,305494;8,192310
137,790951;698,954753;627,013660;613,490723;-11,303484;8,201285
137,883787;699,418937;627,384089;613,896017;-11,305909;8,211973
137,976355;699,881776;627,789849;614,316825;-11,305175;8,218480
138,069051;700,345254;628,133548;614,699476;-11,305717;8,232134
138,161502;700,807509;628,559595;615,144577;-11,305207;8,236262
138,253906;701,269529;628,907828;615,515811;-11,305271;8,249234
138,346830;701,734148;629,335943;615,949723;-11,305302;8,253395
138,439493;702,197467;629,731685;616,346597;-11,304952;8,261099
138,531760;702,658801;630,135322;616,802789;-11,305302;8,267677
138,624667;703,123333;630,514455;617,198355;-11,300708;8,277412
138,717195;703,585976;630,925111;617,626737;-11,304313;8,283339
138,809934;704,049669;631,335790;618,032002;-11,305430;8,289382
138,902113;704,510563;631,723537;618,439083;-11,306387;8,297721
138,994285;704,971425;632,157892;618,879436;-11,305015;8,300743
139,086925;705,434623;632,526326;619,246565;-11,305271;8,311546
139,179452;705,897259;632,977160;619,712577;-11,305653;8,312891
139,271793;706,358965;633,353290;620,112325;-11,305047;8,322647
139,364346;706,821729;633,773110;620,552768;-11,305941;8,327543
139,456526;707,282632;634,148155;620,962670;-11,304920;8,337330
139,548885;707,744423;634,581530;621,402485;-11,305015;8,340570
139,641140;708,205700;634,980033;621,846144;-11,305494;8,347726
139,733596;708,667979;635,343209;622,292749;-11,306674;8,359024
139,826495;709,132473;635,763146;622,710383;-11,304090;8,364103
139,919013;709,595064;636,120506;623,106683;-11,304920;8,376100
140,011508;710,057539;636,547696;623,546615;-11,305781;8,380122
140,104128;710,520642;636,917709;623,961617;-11,305558;8,390734
140,196912;710,984560;637,284587;624,353258;-11,305302;8,401797
140,289062;711,445312;637,641124;624,750765;-11,305909;8,413677
140,382055;711,910274;638,017727;625,170103;-11,306004;8,423750
140,474216;712,371082;638,369120;625,518182;-11,305717;8,436224
140,567096;712,835480;638,721658;625,903380;-11,305653;8,448976
140,659633;713,298167;639,129859;626,319857;-11,308621;8,455187
140,752116;713,760580;639,493024;626,725786;-11,305239;8,466501
140,844580;714,222898;639,889780;627,138259;-11,305494;8,473975
140,937182;714,685908;640,292643;627,573696;-11,305717;8,480832
141,029734;715,148668;640,712654;628,022654;-11,306515;8,485706
141,122437;715,612185;641,056524;628,423725;-11,305366;8,499345
141,215073;716,075364;641,488302;628,846414;-11,304409;8,502925
141,307311;716,536554;641,850241;629,250453;-11,305909;8,514240
141,399750;716,998749;642,294691;629,693662;-11,305175;8,516263
141,492382;717,461909;642,686652;630,116872;-11,305302;8,524379
141,585164;717,925819;643,086075;630,538532;-11,305813;8,531731
141,677633;718,388165;643,486423;630,954139;-11,306036;8,538799
141,769773;718,848865;643,883864;631,350417;-11,305111;8,546010
141,862257;719,311287;644,261940;631,729163;-11,305398;8,555626
141,954735;719,773676;644,631245;632,131335;-11,305302;8,566237
142,060866;720,304331;645,090762;632,640439;-11,310567;8,574347
142,153338;720,766691;645,479054;633,087003;-11,305239;8,582791
142,246019;721,230093;645,817758;633,483172;-11,305909;8,597006
142,338568;721,692842;646,189631;633,889719;-11,305781;8,607366
142,431028;722,155142;646,569643;634,282105;-11,305590;8,616747
142,523200;722,616002;646,897352;634,615301;-11,305813;8,631926
142,615368;723,076841;647,260489;635,016733;-11,305749;8,643064
142,707591;723,537953;647,678009;635,432823;-11,305653;8,648034
142,799750;723,998749;648,091947;635,885417;-11,305494;8,653375
142,891929;724,459647;648,456731;636,286020;-11,305781;8,664332
142,984684;724,923421;648,825596;636,669080;-11,306770;8,675152
143,076830;725,384150;649,245474;637,070403;-11,305653;8,679809
143,169232;725,846162;649,654097;637,525355;-11,304888;8,685895
143,262191;726,310955;650,030703;637,909384;-11,303165;8,695949
143,354757;726,773783;650,471422;638,328123;-11,305271;8,698469
143,447154;727,235768;650,888023;638,824832;-11,305845;8,703643
143,539359;727,696795;651,336023;639,281476;-11,305143;8,705128
143,631525;728,157626;651,710698;639,670109;-11,304952;8,714950
143,724169;728,620844;652,067563;640,119823;-11,305749;8,727074
143,816974;729,084871;652,462824;640,546810;-11,305143;8,734913
143,909616;729,548081;652,827407;640,956246;-11,305813;8,746157
144,002370;730,011848;653,187270;641,394778;-11,305366;8,758002
144,094813;730,474066;653,550766;641,823647;-11,305366;8,769256
144,187310;730,936548;653,926250;642,257052;-11,306579;8,779174
144,279869;731,399347;654,243951;642,670198;-11,306802;8,795715
144,372425;731,862123;654,606154;643,173761;-11,305494;8,807180
144,464640;732,323201;654,896564;643,578398;-11,305494;8,826637
144,557224;732,786122;655,164630;643,943606;-11,306802;8,848850
144,649738;733,248691;655,385730;644,259235;-11,305558;8,876378
144,742679;733,713397;655,626940;644,553008;-11,305143;8,901856
144,835466;734,177328;655,885777;644,854235;-11,305494;8,925237
144,928031;734,640155;656,197254;645,221994;-11,305430;8,942491
145,020563;735,102814;656,612656;645,682229;-11,305334;8,947878
145,113297;735,566484;657,059036;646,170687;-11,300772;8,949849
145,205502;736,027509;657,526234;646,683539;-11,305334;8,949145
145,297715;736,488577;658,039560;647,205679;-11,305494;8,943188
145,389882;736,949411;658,495987;647,743200;-11,305653;8,943690
145,482317;737,411583;659,003746;648,287985;-11,305558;8,938493
145,574937;737,874686;659,500926;648,796041;-11,305622;8,934609
145,667790;738,338950;659,967860;649,317900;-11,305334;8,934304
145,760152;738,800759;660,398212;649,797381;-11,305685;8,937890
145,853059;739,265296;660,841933;650,260198;-11,305302;8,940263
145,945525;739,727625;661,239117;650,659408;-11,305302;8,947690
146,038316;740,191579;661,611459;651,047584;-11,305398;8,958134
146,130738;740,653692;661,984276;651,446618;-11,307823;8,968313
146,223217;741,116085;662,348072;651,821525;-11,305462;8,979553
146,315660;741,578301;662,679103;652,178847;-11,306547;8,994509
146,408029;742,040144;663,060806;652,563279;-11,305239;9,003644
146,500566;742,502829;663,438689;652,998757;-11,305271;9,013312
146,592995;742,964975;663,777245;653,365628;-11,305398;9,027401
146,685584;743,427921;664,130973;653,777680;-11,305334;9,039852
146,777898;743,889491;664,470473;654,175532;-11,305717;9,053768
146,870250;744,351250;664,831256;654,558732;-11,305590;9,065279
146,962773;744,813866;665,207896;654,959571;-11,305558;9,075081
147,055659;745,278295;665,530943;655,319332;-11,306132;9,091198
147,148117;745,740584;665,913737;655,711411;-11,304696;9,100261
147,240547;746,202737;666,320766;656,097869;-11,304824;9,106545
147,332805;746,664024;666,697502;656,480059;-11,305494;9,116184
147,425463;747,127313;667,126083;656,917619;-11,305685;9,120140
147,517939;747,589696;667,568501;657,392035;-11,305717;9,122416
147,610614;748,053070;667,939661;657,805033;-11,306132;9,132929
147,702855;748,514274;668,371956;658,243592;-11,305239;9,136224
147,795356;748,976782;668,781194;658,659134;-11,306228;9,142297
147,887790;749,438952;669,202460;659,128715;-11,305239;9,146960
147,980394;749,901969;669,593195;659,590874;-11,305494;9,155200
148,072949;750,364744;669,997993;660,007413;-11,305590;9,161810
148,165361;750,826804;670,364101;660,441611;-11,305302;9,172748
148,257794;751,288968;670,751971;660,849393;-11,305813;9,181218
148,349969;751,749847;671,128092;661,263532;-11,305845;9,190880
148,442188;752,210941;671,509447;661,690135;-11,305558;9,199970
148,534834;752,674170;671,849382;662,076297;-11,305079;9,214026
148,627068;753,135342;672,256379;662,556999;-11,305590;9,220202
148,719531;753,597656;672,589110;662,899574;-11,305462;9,234974
148,812169;754,060845;673,004542;663,303906;-11,304952;9,240419
148,904707;754,523533;673,319420;663,673211;-11,074472;9,257269
148,997409;754,987047;673,702282;664,072846;-11,161636;9,266463
149,089857;755,449286;674,106241;664,493092;-11,151043;9,273107
149,182320;755,911600;674,498220;664,944358;-11,242227;9,281125
149,274450;756,372248;674,884562;665,367155;-11,133240;9,289596
149,367143;756,835713;675,282261;665,800389;-11,119936;9,297094
149,459653;757,298267;675,694719;666,238181;-11,084171;9,302804
149,552061;757,760304;676,081597;666,632109;-11,071218;9,311373
149,645026;758,225130;676,487995;667,081957;-11,066687;9,318033
149,737941;758,689706;676,934545;667,527087;-11,053543;9,320088
149,830508;759,152539;677,349394;667,927665;-11,010152;9,325559
149,922669;759,613343;677,733213;668,334609;-10,996210;9,334335
150,015324;760,076619;678,137691;668,759238;-10,988489;9,341038
150,108034;760,540171;678,530182;669,168278;-10,964816;9,349139
150,200582;761,002912;678,925195;669,588440;-10,906270;9,356860
