time [min]	Target T [ºC]	T [ºC]	T-sec [ºC]	log(Leak rate/[mbar.l/s])	Heater voltage [v]
0,085577	20,000000	17,381214	16,576219	-11,306068	0,000000
0,180389	20,000000	17,389060	16,549575	-11,305526	0,000000
0,305772	20,000000	17,367425	16,549813	-11,305877	0,300113
0,400853	20,000000	17,365048	16,554333	-11,305941	0,300385
0,497510	20,000000	17,380739	16,560280	-11,305877	0,298596
0,594086	20,000000	17,346742	16,539584	-11,306132	0,302471
0,690760	20,000000	17,348406	16,521028	-11,306004	0,302282
0,787068	20,000000	17,342938	16,533637	-11,304983	0,302905
0,883677	16,000000	17,356727	16,521504	-11,305494	0,000000
0,978739	16,000000	17,389298	16,561470	-11,305462	0,000000
1,073568	16,000000	17,360769	16,521742	-11,305622	0,000000
1,168373	16,000000	17,402849	16,511988	-11,306132	0,000000
1,263168	16,000000	17,421392	16,507944	-11,306068	0,000000
1,357973	16,000000	17,430188	16,506517	-11,305494	0,000000
1,452728	16,000000	17,430901	16,484392	-11,305558	0,000000
1,547559	16,000000	17,459904	16,478444	-11,305941	0,000000
1,642314	16,000000	17,470839	16,481299	-11,305334	0,000000
1,737083	16,000000	17,478922	16,491291	-11,306004	0,000000
1,831864	16,000000	17,459191	16,491767	-11,305972	0,000000
1,926629	16,000000	17,454436	16,491529	-11,305717	0,000000
2,021533	16,107664	17,441599	16,464884	-11,305781	0,000000
2,116298	16,581488	17,414260	16,467501	-11,306036	0,000000
2,211053	17,055263	17,444689	16,458223	-11,305813	0,000000
2,305841	17,529203	17,424720	16,458698	-11,306483	0,011911
2,402415	18,012077	17,448493	16,458698	-11,305462	0,064249
2,499024	18,495122	17,428286	16,468690	-11,305845	0,121619
2,595702	18,978512	17,415686	16,425391	-11,306100	0,178162
2,692274	19,461370	17,408554	16,443234	-11,305877	0,234021
2,788885	19,944423	17,444214	16,458698	-11,305877	0,285024
2,885512	20,427559	17,412596	16,423726	-11,305781	0,343706
2,982157	20,910785	17,435418	16,421585	-11,305558	0,396192
3,078768	21,393839	17,469175	16,431339	-11,305781	0,447412
3,175387	21,876937	17,490570	16,427294	-11,305877	0,500046
3,271978	22,359888	17,493898	16,416588	-11,305685	0,554723
3,368601	22,843003	17,542392	16,411830	-11,305302	0,604270
3,465139	23,325696	17,576384	16,394462	-11,305334	0,655422
3,561810	23,809052	17,646742	16,418968	-11,305462	0,702503
3,658474	24,292369	17,758214	16,432053	-11,306196	0,744894
3,755037	24,775184	17,856843	16,410878	-11,305813	0,788691
3,851689	25,258447	17,997525	16,428484	-11,308238	0,827745
3,948275	25,741374	18,126549	16,420395	-11,305717	0,868090
4,044893	26,224463	18,304024	16,393035	-11,305239	0,902930
4,141551	26,707753	18,503327	16,397079	-11,305622	0,935305
4,238176	27,190881	18,776455	16,405882	-11,305909	0,959245
4,334731	27,673654	19,064481	16,410403	-11,307663	0,981446
4,431293	28,156465	19,394926	16,419443	-11,305334	0,998815
4,527992	28,639959	19,744739	16,384232	-11,306004	1,014055
4,624576	29,122878	20,217323	16,394462	-11,305813	1,015233
4,721186	29,605930	20,669328	16,412068	-11,306387	1,018773
4,817856	30,089281	21,188941	16,407072	-11,305462	1,014639
4,914450	30,572249	21,726798	16,398983	-11,305781	1,008381
5,011056	31,055282	22,320753	16,393273	-11,305366	0,995736
5,107709	31,538545	22,949181	16,394462	-11,305622	0,979188
5,204225	32,021127	23,584350	16,404455	-11,306355	0,961793
5,300923	32,504615	24,304478	16,455130	-11,306196	0,934816
5,397489	32,987446	24,977603	16,409451	-11,305909	0,913122
5,494167	33,470836	25,681940	16,456081	-11,305590	0,887934
5,590723	33,953614	26,374496	16,465598	-11,305143	0,864019
5,687327	34,436637	27,018041	16,425629	-11,305813	0,845720
5,783948	34,919739	27,767215	16,474162	-11,305622	0,815388
5,880516	35,402580	28,408035	16,478920	-11,305653	0,797378
5,977223	35,886117	29,087761	16,489626	-11,305271	0,775012
6,073800	36,369001	29,677460	16,505803	-11,305749	0,762836
6,170466	36,852331	30,268475	16,518887	-11,307440	0,750560
6,267025	37,335124	30,877715	16,521266	-11,305717	0,736145
6,363623	37,818114	31,404437	16,533399	-11,305494	0,731159
6,460218	38,301090	31,948965	16,547196	-11,305239	0,724142
6,556927	38,784634	32,477967	16,599056	-11,305175	0,718960
6,653498	39,267489	32,910592	16,586686	-11,303643	0,724686
6,750142	39,750708	33,359443	16,577170	-11,305526	0,728604
6,846686	40,233428	33,854953	16,637830	-11,305909	0,727146
6,943328	40,716638	34,209048	16,611663	-11,306132	0,741865
7,039987	41,199937	34,622245	16,646393	-11,305302	0,749857
7,136546	41,682730	35,021245	16,671607	-11,305622	0,759409
7,233139	42,165697	35,364664	16,691588	-11,305526	0,775318
7,329828	42,649139	35,703298	16,688258	-11,306004	0,791826
7,426453	43,132265	36,034813	16,683025	-11,305653	0,809110
7,523056	43,615280	36,382117	16,690874	-11,305813	0,824580
7,619681	44,098403	36,750803	16,729884	-11,305653	0,837626
7,716292	44,581461	37,086437	16,729408	-11,305462	0,854433
7,812830	45,064148	37,462122	16,742252	-11,306164	0,866631
7,909442	45,547211	37,833013	16,772935	-11,305717	0,879419
8,006129	46,030645	38,216144	16,771984	-11,305717	0,890853
8,102747	46,513735	38,628761	16,810277	-11,305781	0,898887
8,199329	46,996646	38,980381	16,810991	-11,305430	0,913854
8,295972	47,479861	39,423013	16,842623	-11,305558	0,918481
8,392589	47,962945	39,792324	16,844288	-11,305685	0,931451
8,489333	48,446664	40,266778	16,898990	-11,305079	0,932507
8,586105	48,930525	40,676789	16,888049	-11,304569	0,940926
8,682672	49,413358	41,111088	16,904935	-11,305526	0,946459
8,779213	49,896063	41,600820	16,953213	-11,305590	0,945658
8,875837	50,379185	42,037335	16,932523	-11,305462	0,950971
8,972494	50,862471	42,490891	16,970574	-11,307663	0,954360
9,069086	51,345430	42,975408	16,982226	-11,306483	0,954182
9,165715	51,828575	43,453462	17,004343	-11,305494	0,954763
9,262321	52,311605	43,931329	17,021465	-11,305717	0,955352
9,358977	52,794887	44,420150	17,048812	-11,305972	0,954720
9,455578	53,277889	44,937546	17,047861	-11,307663	0,950799
9,552214	53,761071	45,416240	17,072116	-11,306164	0,951311
9,648780	54,243898	45,933696	17,126571	-11,305334	0,947363
9,745388	54,726938	46,374484	17,109212	-11,305622	0,952180
9,842045	55,210227	46,884382	17,163427	-11,305877	0,949146
9,938606	55,693032	47,343148	17,155342	-11,306100	0,951887
10,035229	56,176147	47,852679	17,190296	-11,305590	0,948875
10,131888	56,659440	48,322457	17,194576	-11,305143	0,950416
10,228446	57,142230	48,845044	17,238325	-11,305717	0,945879
10,325115	57,625574	49,286745	17,235472	-11,305813	0,950627
10,421688	58,108438	49,774078	17,298716	-11,305622	0,950117
10,518379	58,591893	50,237910	17,300856	-11,305462	0,952354
10,614929	59,074647	50,694900	17,332001	-11,305398	0,955291
10,711586	59,557932	51,156139	17,378362	-11,305590	0,957804
10,808114	60,040571	51,617009	17,404988	-11,305334	0,960286
10,904812	60,524061	52,049125	17,409030	-11,305430	0,966143
11,001371	61,006853	52,513196	17,472028	-11,305207	0,968277
11,098032	61,490160	52,924773	17,463945	-11,306100	0,976454
11,194695	61,973474	53,371761	17,492472	-11,305845	0,980595
11,291288	62,456440	53,812867	17,525514	-11,303261	0,985367
11,387851	62,939256	54,255473	17,547146	-11,305717	0,989951
11,484527	63,422637	54,739446	17,589457	-11,305685	0,989884
11,581111	63,905556	55,169150	17,602055	-11,306132	0,995950
11,677723	64,388613	55,591843	17,625112	-11,306004	1,002832
11,774365	64,871826	56,075001	17,675740	-11,305526	1,002838
11,870888	65,354438	56,500945	17,705450	-11,305877	1,009298
11,967496	65,837479	56,955106	17,707352	-11,306068	1,012591
12,064233	66,321163	57,405943	17,717096	-11,305717	1,016335
12,160815	66,804075	57,885668	17,744191	-11,305558	1,016698
12,257421	67,287106	58,341133	17,787209	-11,307185	1,019841
12,354053	67,770267	58,829616	17,783407	-11,306387	1,019234
12,450595	68,252973	59,326269	17,837356	-11,306068	1,017644
12,547288	68,736440	59,799828	17,853041	-11,306100	1,018774
12,643856	69,219278	60,301331	17,897956	-11,305845	1,016646
12,740494	69,702472	60,795378	17,912928	-11,305558	1,015409
12,837072	70,185360	61,271410	17,949999	-11,305685	1,016190
12,933714	70,668569	61,777444	17,983743	-11,304664	1,013588
13,030339	71,151693	62,272592	18,001802	-11,304920	1,012218
13,126971	71,634853	62,755713	18,022713	-11,306068	1,012222
13,223548	72,117741	63,253447	18,086869	-11,305558	1,010530
13,320112	72,600560	63,700145	18,090195	-11,305398	1,014647
13,416805	73,084027	64,168353	18,106352	-11,305334	1,016387
13,513413	73,567065	64,619973	18,159100	-11,305749	1,019968
13,610030	74,050148	65,135089	18,198064	-11,309514	1,016317
13,706621	74,533104	65,582457	18,223011	-11,306100	1,020374
13,803197	75,015985	66,075420	18,267913	-11,305845	1,019224
13,899870	75,499350	66,547910	18,303549	-11,305972	1,020464
13,996430	75,982149	67,038923	18,336808	-11,305622	1,019528
14,093079	76,465393	67,502825	18,376717	-11,305079	1,021733
14,189647	76,948237	67,959346	18,402848	-11,306164	1,024734
14,286340	77,431698	68,416972	18,450594	-11,305749	1,027679
14,382881	77,914405	68,859200	18,484799	-11,305717	1,032293
14,479531	78,397653	69,299790	18,516628	-11,305717	1,037156
14,576105	78,880525	69,755019	18,548932	-11,306802	1,040308
14,672794	79,363969	70,226949	18,581471	-11,305398	1,041620
14,769346	79,846728	70,640178	18,611398	-11,305558	1,049547
14,866020	80,330098	71,117554	18,638236	-11,305845	1,050230
14,962613	80,813065	71,565573	18,698085	-11,305909	1,054214
15,059215	81,296073	71,967971	18,714710	-11,306004	1,063404
15,155804	81,779018	72,422142	18,737983	-11,305781	1,066684
15,252387	82,261933	72,911355	18,802577	-11,305941	1,065966
15,349054	82,745269	73,325169	18,808989	-11,305845	1,073891
15,445705	83,228523	73,789153	18,839622	-11,305462	1,076088
15,542247	83,711236	74,206846	18,871205	-11,305462	1,083500
15,638937	84,194687	74,666462	18,931280	-11,305622	1,086218
15,735556	84,677778	75,155861	18,993015	-11,305717	1,085499
15,832170	85,160848	75,582710	19,031954	-11,305877	1,091908
15,928738	85,643690	76,010705	19,054272	-11,306515	1,098160
16,025364	86,126818	76,436871	19,079438	-11,305271	1,104654
16,122031	86,610157	76,882517	19,087985	-11,306196	1,108951
16,218579	87,092894	77,308695	19,114101	-11,305526	1,115399
16,315239	87,576196	77,770857	19,167992	-11,305845	1,117809
16,411830	88,059149	78,209201	19,178438	-11,305845	1,122894
16,508423	88,542114	78,698659	19,247044	-11,305685	1,122154
16,605098	89,025492	79,138410	19,280515	-11,305526	1,127127
16,701687	89,508434	79,619659	19,307576	-11,305622	1,127320
16,798220	89,991100	80,097724	19,335111	-11,306004	1,127845
16,894895	90,474477	80,595527	19,388755	-11,303165	1,126200
16,991508	90,957538	81,078692	19,421273	-11,305653	1,126188
17,088079	91,440394	81,581833	19,486068	-11,305590	1,123876
17,184753	91,923763	82,087075	19,506242	-11,305430	1,121382
17,281339	92,406693	82,581583	19,545876	-11,305526	1,120062
17,377948	92,889739	83,056874	19,562489	-11,305590	1,120947
17,474598	93,372988	83,560411	19,635582	-11,305302	1,118634
17,571205	93,856024	84,030287	19,679958	-11,305909	1,120134
17,667861	94,339305	84,563738	19,743078	-11,304983	1,114415
17,764388	94,821942	85,018803	19,771315	-11,305143	1,117558
17,861047	95,305234	85,464969	19,777010	-11,305813	1,121790
17,957642	95,788208	85,961196	19,834194	-11,305781	1,120279
18,054364	96,271820	86,413429	19,866225	-11,305781	1,123857
18,150828	96,754141	86,845748	19,892323	-11,305685	1,129557
18,247516	97,237582	87,266182	19,892798	-11,306068	1,136740
18,344063	97,720314	87,748869	19,959466	-11,305685	1,136745
18,440679	98,203395	88,261925	20,017589	-11,305877	1,133328
18,537371	98,686857	88,670128	20,078557	-11,305685	1,141907
18,633975	99,169876	89,150945	20,129558	-11,306004	1,142158
18,730614	99,653068	89,604732	20,163004	-11,307663	1,145510
18,827215	100,136076	90,067083	20,208310	-11,305909	1,147865
18,923788	100,618938	90,508827	20,249107	-11,305207	1,152553
19,020409	101,102045	90,940527	20,284210	-11,305590	1,158413
19,117029	101,585144	91,369991	20,305319	-11,306260	1,164527
19,213669	102,068346	91,843189	20,380501	-11,303292	1,165668
19,310202	102,551011	92,320604	20,431252	-11,305941	1,166266
19,406813	103,034067	92,738783	20,469907	-11,306004	1,173662
19,503445	103,517226	93,235211	20,515201	-11,305781	1,172150
19,600122	104,000611	93,630765	20,520892	-11,305845	1,182162
19,696680	104,483401	94,097687	20,588236	-11,309195	1,183971
19,793394	104,966971	94,563544	20,647988	-11,306228	1,185991
19,889930	105,449651	95,062165	20,705367	-11,305590	1,184173
19,986556	105,932781	95,469052	20,732395	-11,305749	1,192865
20,083113	106,415566	95,929413	20,788110	-11,305526	1,195421
20,179805	106,899024	96,422559	20,853779	-11,305494	1,194317
20,276407	107,382034	96,853167	20,874877	-11,304696	1,200291
20,372964	107,864820	97,312417	20,953579	-11,305717	1,202974
20,469639	108,348195	97,773602	20,980839	-11,305845	1,205504
20,566208	108,831040	98,249400	21,028246	-11,305590	1,206307
20,662908	109,314538	98,683121	21,054793	-11,305813	1,211982
20,759459	109,797296	99,154734	21,122343	-11,305430	1,213252
20,856115	110,280575	99,622991	21,183964	-11,305398	1,214965
20,952677	110,763387	100,070593	21,196761	-11,305653	1,218978
21,049313	111,246566	100,508833	21,268332	-11,306004	1,224102
21,145965	111,729824	100,976928	21,299139	-11,305877	1,225830
21,242507	112,212536	101,435667	21,327575	-11,305749	1,228563
21,339189	112,695944	101,894277	21,419515	-11,305622	1,231390
21,435763	113,178817	102,349758	21,449134	-11,306068	1,234513
21,532340	113,661700	102,829591	21,499365	-11,306483	1,234860
21,629014	114,145071	103,280204	21,564993	-11,306292	1,238595
21,725674	114,628372	103,711050	21,588448	-11,305398	1,244575
21,822282	115,111409	104,217328	21,658572	-11,305047	1,241925
21,918904	115,594522	104,679124	21,705951	-11,305526	1,244355
22,015711	116,078554	105,129701	21,765883	-11,303484	1,248169
22,112376	116,561878	105,607906	21,823917	-11,305239	1,248753
22,208961	117,044807	106,018916	21,835997	-11,305366	1,256952
22,305554	117,527770	106,487164	21,882184	-11,305845	1,258629
22,402139	118,010697	106,928915	21,928843	-11,306100	1,263323
22,498812	118,494059	107,416606	21,991368	-11,306068	1,262830
22,595381	118,976904	107,890995	22,075204	-11,305366	1,263794
22,692055	119,460275	108,328449	22,121144	-11,305909	1,269028
22,788599	119,942997	108,797514	22,178923	-11,305972	1,270585
22,885246	120,426230	109,249784	22,173950	-11,305717	1,274115
22,981857	120,909286	109,710743	22,257535	-11,305813	1,276634
23,078521	121,392605	110,162083	22,282870	-11,305462	1,280280
23,175057	121,875287	110,628146	22,365026	-11,305877	1,282174
23,271714	122,358572	111,075310	22,414743	-11,305622	1,286292
23,368364	122,841818	111,512378	22,443389	-11,305526	1,291556
23,464925	123,324623	111,977866	22,511803	-11,305558	1,293530
23,561604	123,808022	112,435121	22,555359	-11,305749	1,296511
23,658174	124,290869	112,891566	22,619033	-11,305590	1,299521
23,754724	124,773619	113,346039	22,630395	-11,305653	1,302744
23,851432	125,257158	113,826186	22,695485	-11,308014	1,303131
23,948056	125,740279	114,267192	22,755601	-11,305558	1,307932
24,044663	126,223316	114,776649	22,836539	-11,305398	1,304920
24,141190	126,705949	115,203481	22,867540	-11,305494	1,311281
24,237816	127,189082	115,708329	22,926227	-11,305909	1,308806
24,334489	127,672443	116,185641	22,984911	-11,303803	1,309495
24,431096	128,155480	116,628179	23,043592	-11,305622	1,314112
24,527772	128,638862	117,107840	23,095881	-11,304409	1,314536
24,624304	129,121521	117,572968	23,170407	-11,305590	1,316535
24,720983	129,604913	118,030768	23,220562	-11,305717	1,319453
24,817598	130,087991	118,482867	23,266693	-11,303931	1,322984
24,914124	130,570619	118,916678	23,310219	-11,305302	1,328549
25,010764	131,053820	119,408167	23,397504	-11,305781	1,327604
25,107431	131,537153	119,877183	23,450486	-11,306100	1,329237
25,203957	132,019783	120,342596	23,513400	-11,305558	1,331199
25,300650	132,503250	120,775012	23,581985	-11,305813	1,337019
25,397271	132,986353	121,193071	23,611783	-11,305749	1,344434
25,493847	133,469236	121,626402	23,670904	-11,305590	1,350083
25,590497	133,952486	122,045136	23,723873	-11,305717	1,357438
25,687091	134,435454	122,499230	23,774003	-11,306100	1,360730
25,783715	134,918575	122,916542	23,825312	-11,305462	1,368232
25,880307	135,401534	123,361989	23,898607	-11,305749	1,372508
25,976962	135,884808	123,795401	23,945891	-11,305430	1,378192
26,073506	136,367531	124,199004	23,991755	-11,305271	1,387212
26,170181	136,850903	124,645017	24,046364	-11,305845	1,391471
26,266741	137,333704	125,118507	24,135245	-11,305685	1,392533
26,363383	137,816917	125,542536	24,186301	-11,305941	1,399279
26,460038	138,300192	126,008315	24,292188	-11,305781	1,401274
26,556646	138,783229	126,429754	24,263117	-11,305845	1,408296
26,653221	139,266107	126,894601	24,387666	-11,302144	1,410352
26,749824	139,749120	127,366831	24,449344	-11,305717	1,411581
26,846449	140,232245	127,794922	24,485735	-11,305781	1,417855
26,943038	140,715191	128,280280	24,552370	-11,305909	1,417580
27,039706	141,198530	128,767648	24,629869	-11,305526	1,417121
27,136297	141,681485	129,243898	24,676650	-11,303101	1,417885
27,232943	142,164717	129,688624	24,749179	-11,305430	1,422275
27,329497	142,647487	130,204523	24,821940	-11,305175	1,418498
27,426149	143,130746	130,649489	24,839420	-11,305334	1,422863
27,522699	143,613496	131,143608	24,928473	-11,305175	1,421567
27,619357	144,096783	131,636221	25,001694	-11,305302	1,420504
27,715974	144,579870	132,103376	25,065463	-11,306100	1,422320
27,812665	145,063325	132,617621	25,154734	-11,305909	1,418810
27,909242	145,546212	133,104057	25,220147	-11,304983	1,418406
28,005801	146,029005	133,586393	25,249900	-11,305845	1,418458
28,102456	146,512279	134,052638	25,344822	-11,305462	1,420399
28,199046	146,995231	134,578950	25,403141	-11,304952	1,415456
28,295652	147,478259	135,048738	25,450124	-11,305143	1,416965
28,392292	147,961462	135,498650	25,517172	-11,305462	1,420761
28,488946	148,444732	135,961845	25,579258	-11,304728	1,423049
28,585509	148,927545	136,430802	25,663293	-11,305845	1,424629
28,682155	149,410774	136,873276	25,696103	-11,304888	1,429275
28,778797	149,893987	137,349757	25,759359	-11,305430	1,430042
28,875321	150,376604	137,818348	25,838660	-11,305302	1,431641
28,971996	150,859979	138,280458	25,923855	-11,303356	1,434065
29,068643	151,343213	138,723828	25,967275	-11,306164	1,438610
29,165249	151,826246	139,154102	26,041606	-11,305845	1,444624
29,261885	152,309427	139,618412	26,121830	-11,305462	1,446776
29,358423	152,792114	140,061612	26,192139	-11,305781	1,451277
29,455100	153,275501	140,523777	26,244749	-11,310631	1,453697
29,551738	153,758690	140,920710	26,288157	-11,305717	1,463530
29,648222	154,241109	141,386374	26,342415	-11,305813	1,465440
29,744910	154,724549	141,804713	26,435353	-11,306068	1,472861
29,841447	155,207234	142,257833	26,487009	-11,305558	1,476232
29,938110	155,690549	142,719787	26,559888	-11,304696	1,478667
30,034752	156,173759	143,153980	26,606821	-11,305558	1,484255
30,131339	156,656693	143,625579	26,721667	-11,305877	1,485547
30,228015	157,140075	144,066809	26,742890	-11,305972	1,490352
30,324574	157,622872	144,544045	26,853242	-11,305302	1,490986
30,421213	158,106064	144,992081	26,909357	-11,305398	1,494994
30,517772	158,588860	145,482995	26,997531	-11,305717	1,494069
30,614445	159,072227	145,916328	27,030300	-11,305813	1,499772
30,711053	159,555266	146,406738	27,134729	-11,305877	1,498932
30,807699	160,038495	146,853497	27,200729	-11,305366	1,503090
30,904289	160,521443	147,320453	27,252583	-11,304505	1,504913
31,000853	161,004263	147,747043	27,314333	-11,305653	1,511323
31,097463	161,487314	148,259385	27,415671	-11,305622	1,507984
31,194091	161,970455	148,648273	27,451490	-11,304601	1,518729
31,290682	162,453412	149,157735	27,537499	-11,304250	1,515707
31,387387	162,936937	149,600763	27,611014	-11,305717	1,520324
31,483949	163,419746	150,069452	27,669445	-11,305590	1,521933
31,580502	163,902510	150,560263	27,784883	-11,305685	1,521016
31,677131	164,385653	151,017763	27,836238	-11,304983	1,523939
31,773745	164,868726	151,482694	27,894185	-11,304696	1,526008
31,870378	165,351888	151,986584	27,966262	-11,305334	1,523645
31,967086	165,835431	152,447899	28,085436	-11,305813	1,526179
32,063615	166,318077	152,896729	28,116994	-11,305622	1,530034
32,160222	166,801112	153,362475	28,206481	-11,305175	1,532005
32,256816	167,284082	153,806954	28,277830	-11,306228	1,536393
32,353535	167,767676	154,280925	28,356709	-11,305685	1,537490
32,450125	168,250624	154,736471	28,425928	-11,305271	1,540613
32,546720	168,733601	155,193042	28,483137	-11,305781	1,543624
32,643392	169,216962	155,628324	28,554938	-11,305398	1,549105
32,739948	169,699738	156,081004	28,615200	-11,306004	1,552536
32,836521	170,182604	156,502888	28,705352	-11,305941	1,559488
32,933164	170,665819	156,967578	28,799967	-11,305813	1,561599
33,029798	171,148990	157,433767	28,847977	-11,305207	1,563535
33,126391	171,631953	157,849906	28,895985	-11,305749	1,571153
33,223065	172,115327	158,351867	29,008938	-11,305430	1,569034
33,319661	172,598303	158,794744	29,082585	-11,305143	1,573606
33,416208	173,081041	159,263349	29,171755	-11,306100	1,575217
33,512855	173,564276	159,751751	29,233394	-11,305877	1,574628
33,609423	174,047117	160,200051	29,294323	-11,305430	1,578566
33,706055	174,530277	160,653643	29,402528	-11,305781	1,581936
33,802724	175,013619	161,099687	29,477089	-11,305398	1,586188
33,899366	175,496831	161,525576	29,509076	-11,307057	1,592723
33,995925	175,979626	161,963171	29,587627	-11,305239	1,597876
34,092494	176,462470	162,459335	29,712028	-11,307312	1,596357
34,189160	176,945801	162,880392	29,760702	-11,305845	1,603457
34,285835	177,429175	163,360026	29,852401	-11,305877	1,603883
34,382449	177,912244	163,758103	29,872856	-11,305494	1,613572
34,478946	178,394728	164,237848	29,981237	-11,306036	1,613884
34,575626	178,878132	164,670765	30,025903	-11,307376	1,619640
34,672184	179,360921	165,202276	30,159418	-11,305622	1,614085
34,768858	179,844290	165,616489	30,213948	-11,305653	1,621969
34,865525	180,327626	166,125027	30,264950	-11,305781	1,619096
34,962092	180,810458	166,605527	30,397025	-11,305526	1,619362
35,058685	181,293425	167,068458	30,447078	-11,305462	1,621646
35,155359	181,776796	167,567638	30,575606	-11,305909	1,619844
35,251968	182,259840	168,007561	30,623301	-11,305813	1,624760
35,348564	182,742820	168,465630	30,692137	-11,305845	1,627600
35,445125	183,225623	168,928507	30,777648	-11,306706	1,629871
35,541810	183,709049	169,421924	30,861273	-11,305717	1,628732
35,638381	184,191905	169,888701	30,950528	-11,305653	1,630565
35,735008	184,675039	170,372678	31,052692	-11,305462	1,630469
35,831571	185,157855	170,832150	31,137939	-11,305526	1,633130
35,928234	185,641170	171,281649	31,187721	-11,305334	1,636985
36,024890	186,124448	171,745484	31,310525	-11,305749	1,639202
36,121447	186,607235	172,149761	31,346212	-11,305366	1,648152
36,218037	187,090184	172,617478	31,435426	-11,305653	1,649888
36,314668	187,573341	173,053996	31,529797	-11,305590	1,655205
36,411299	188,056497	173,481484	31,571580	-11,307823	1,661552
36,507875	188,539374	173,970993	31,675562	-11,306228	1,660795
36,604557	189,022787	174,427152	31,762871	-11,305207	1,663902
36,701078	189,505389	174,871654	31,856509	-11,305749	1,668246
36,797706	189,988528	175,300918	31,916817	-11,305845	1,674388
36,894342	190,471709	175,782199	32,009033	-11,304473	1,674604
36,991017	190,955083	176,204356	32,080830	-11,305653	1,681583
37,087612	191,438061	176,669706	32,193911	-11,304983	1,683592
37,184195	191,920977	177,125776	32,277892	-11,306100	1,686653
37,280839	192,404193	177,597613	32,356707	-11,305685	1,687950
37,377468	192,887338	178,068278	32,462254	-11,307408	1,689373
37,474029	193,370143	178,503894	32,538475	-11,305334	1,694752
37,570631	193,853156	178,987481	32,598510	-11,305941	1,694687
37,667278	194,336389	179,450807	32,702860	-11,305749	1,696956
37,763897	194,819486	179,915342	32,764293	-11,305909	1,699072
37,860561	195,302803	180,383472	32,881756	-11,305685	1,700804
37,957115	195,785574	180,825846	32,934504	-11,305526	1,705409
38,053705	196,268526	181,251290	33,007175	-11,305558	1,711965
38,150348	196,751738	181,702515	33,093202	-11,305653	1,715612
38,246966	197,234831	182,189782	33,235003	-11,305622	1,715136
38,343574	197,717871	182,651288	33,298045	-11,305462	1,717590
38,440199	198,200996	183,092995	33,355928	-11,305845	1,722312
38,536841	198,684206	183,560720	33,482932	-11,305717	1,724077
38,633376	199,166882	184,024156	33,564469	-11,305653	1,726271
38,730073	199,650364	184,479722	33,672707	-11,305079	1,729453
38,826733	200,133665	184,896869	33,698008	-11,306004	1,736995
38,923305	200,616523	185,384180	33,836917	-11,305622	1,736487
39,019950	201,099751	185,853356	33,923345	-11,306164	1,738089
39,116478	201,582389	186,290315	34,000867	-11,306036	1,743296
39,213065	202,065325	186,733478	34,068080	-11,311045	1,747831
39,309756	202,548779	187,229141	34,174159	-11,306036	1,746439
39,406377	203,031885	187,677550	34,249321	-11,305430	1,750394
39,502982	203,514912	188,130966	34,344379	-11,305622	1,753770
39,599615	203,998075	188,602036	34,422573	-11,305972	1,755148
39,696171	204,480857	189,076680	34,543130	-11,306323	1,756076
39,792810	204,964052	189,534611	34,636055	-11,305909	1,758956
39,889429	205,447144	190,028566	34,717504	-11,305845	1,757718
39,986073	205,930365	190,442096	34,786075	-11,305398	1,765663
40,082630	206,413151	190,882820	34,868917	-11,305590	1,770458
40,179223	206,896117	191,357653	34,994338	-11,305877	1,771385
40,275855	207,379277	191,782367	35,037155	-11,306228	1,778048
40,372507	207,862534	192,245960	35,153666	-11,305494	1,780289
40,469164	208,345819	192,643688	35,195308	-11,305590	1,790043
40,565699	208,828496	193,099380	35,313673	-11,305781	1,793119
40,662378	209,311888	193,563882	35,405128	-11,305877	1,795273
40,759007	209,795037	194,049120	35,510842	-11,304601	1,795035
40,855613	210,278067	194,534815	35,610465	-11,305972	1,794731
40,952218	210,761090	194,974688	35,694179	-11,305430	1,799650
41,048813	211,244063	195,451991	35,821608	-11,305717	1,800296
41,145388	211,726940	195,920923	35,885667	-11,305909	1,801886
41,242013	212,210065	196,377905	36,000217	-11,305972	1,804866
41,338690	212,693451	196,834387	36,088575	-11,305494	1,807933
41,435225	213,176127	197,264134	36,164306	-11,305494	1,813967
41,531913	213,659565	197,739167	36,271815	-11,307568	1,814925
41,628510	214,142552	198,179358	36,361086	-11,305590	1,819804
41,725149	214,625745	198,647182	36,445677	-11,305590	1,821556
41,821710	215,108550	199,073491	36,512971	-11,305462	1,827997
41,918360	215,591802	199,510264	36,596148	-11,304983	1,833295
42,014982	216,074908	200,003269	36,748000	-11,305526	1,832167
42,111534	216,557670	200,450232	36,816910	-11,305366	1,836248
42,208221	217,041105	200,913850	36,907772	-11,305271	1,838507
42,304782	217,523911	201,350500	36,989985	-11,306100	1,843769
42,401372	218,006861	201,808331	37,100448	-11,305271	1,846632
42,498050	218,490251	202,274228	37,171672	-11,304952	1,848627
42,594699	218,973497	202,771779	37,282818	-11,305845	1,846996
42,691244	219,456219	203,247367	37,414964	-11,305877	1,847809
42,787814	219,939072	203,672406	37,485934	-11,305845	1,854400
42,884437	220,422187	204,202468	37,609653	-11,306579	1,849048
42,981105	220,905525	204,650536	37,673608	-11,305749	1,853069
43,077751	221,388756	205,120716	37,780270	-11,304920	1,854557
43,174322	221,871610	205,608475	37,912590	-11,305271	1,853997
43,270907	222,354533	206,063324	37,986795	-11,305622	1,857198
43,367539	222,837696	206,534797	38,063794	-11,306547	1,858530
43,464196	223,320981	206,998605	38,177650	-11,305653	1,860751
43,560808	223,804042	207,426181	38,256969	-11,305334	1,867076
43,657331	224,286655	207,903705	38,386434	-11,305143	1,867656
43,753973	224,769864	208,359757	38,469704	-11,305685	1,870752
43,850673	225,253363	208,809097	38,572324	-11,306228	1,874646
43,947273	225,736366	209,269100	38,673536	-11,305909	1,877268
44,043797	226,218986	209,738570	38,779402	-11,305366	1,878767
44,140523	226,702617	210,136376	38,817176	-11,305558	1,888551
44,237057	227,185285	210,644998	38,954736	-11,305781	1,885593
44,333697	227,668486	211,058415	39,050785	-11,304696	1,893548
44,430340	228,151699	211,505561	39,127711	-11,305430	1,897660
44,526897	228,634487	211,945997	39,251249	-11,305749	1,902488
44,623556	229,117778	212,371642	39,364518	-11,306036	1,909060
44,720179	229,600895	212,802945	39,448881	-11,305749	1,914966
44,816734	230,083672	213,260823	39,529042	-11,307089	1,917805
44,913424	230,567121	213,733383	39,617353	-11,306132	1,919046
45,009946	231,049728	214,168331	39,769959	-11,305526	1,924479
45,106614	231,533070	214,620336	39,873627	-11,305526	1,928052
45,203273	232,016366	215,058979	39,915324	-11,305558	1,933142
45,299807	232,499034	215,542231	40,060903	-11,305941	1,933076
45,396497	232,982483	215,971258	40,153365	-11,305717	1,939280
45,493129	233,465646	216,392868	40,236737	-11,305590	1,946297
45,589626	233,948130	216,900394	40,385303	-11,305845	1,943442
45,686329	234,431644	217,338274	40,427680	-11,306228	1,948644
45,782901	234,914505	217,838060	40,548516	-11,305366	1,946715
45,879580	235,397899	218,266083	40,643267	-11,306164	1,953027
45,976099	235,880497	218,746267	40,762218	-11,305653	1,953302
46,072823	236,364113	219,209293	40,864865	-11,305877	1,955650
46,169375	236,846875	219,653982	40,953772	-11,304920	1,959990
46,266000	237,330000	220,131822	41,078044	-11,305494	1,960592
46,362631	237,813156	220,561912	41,173218	-11,306132	1,966642
46,459189	238,295946	221,019928	41,255819	-11,305526	1,969466
46,555792	238,778962	221,477403	41,357492	-11,305781	1,972378
46,652441	239,262204	221,930541	41,435660	-11,304282	1,975810
46,749090	239,745449	222,379581	41,558718	-11,306547	1,979709
46,845669	240,228344	222,830451	41,669901	-11,305302	1,983360
46,942254	240,711272	223,311114	41,778283	-11,306100	1,983618
47,038959	241,194793	223,789329	41,858284	-11,305558	1,984223
47,135505	241,677524	224,253251	41,982925	-11,305398	1,986367
47,232140	242,160699	224,730365	42,100113	-11,305877	1,987058
47,328699	242,643497	225,165478	42,200784	-11,305590	1,992494
47,425357	243,126783	225,639836	42,316789	-11,306164	1,993512
47,521939	243,609693	226,115771	42,426041	-11,305366	1,994307
47,618599	244,092994	226,571268	42,508788	-11,305781	1,997477
47,715146	244,575731	227,044680	42,630108	-11,305941	1,998540
47,811798	245,058990	227,500025	42,730966	-11,305622	2,001722
47,908450	245,542248	227,986055	42,855517	-11,305685	2,001406
48,005072	246,025360	228,426104	42,950780	-11,305781	2,006315
48,101739	246,508697	228,868922	43,055329	-11,306515	2,010934
48,198277	246,991386	229,314032	43,143608	-11,305909	2,015218
48,294836	247,474181	229,812269	43,295757	-11,305558	2,013458
48,391499	247,957497	230,253203	43,400509	-11,305430	2,018289
48,488136	248,440678	230,703284	43,491549	-11,305781	2,022063
48,584799	248,923997	231,111693	43,627633	-11,305813	2,030603
48,681399	249,406993	231,569189	43,718192	-11,306993	2,033510
48,778002	249,890010	231,963289	43,780419	-11,305622	2,043646
48,874589	250,372943	232,414494	43,908113	-11,305494	2,047263
48,971249	250,856247	232,851922	44,038579	-11,305685	2,052493
49,067773	251,338864	233,302028	44,146285	-11,305653	2,056199
49,164449	251,822247	233,756776	44,253518	-11,305366	2,059464
49,261001	252,305007	234,187367	44,366311	-11,305622	2,065411
49,357697	252,788487	234,655647	44,479557	-11,305877	2,067144
49,454230	253,271152	235,092221	44,605324	-11,309003	2,072398
49,550866	253,754332	235,520698	44,702772	-11,305271	2,078634
49,647519	254,237594	235,965142	44,828980	-11,304824	2,083060
49,744087	254,720437	236,390640	44,917597	-11,305941	2,089597
49,840689	255,203447	236,847663	45,014094	-11,305398	2,092559
49,937285	255,686423	237,311675	45,168566	-11,305972	2,094721
50,033927	256,169636	237,775600	45,285916	-11,305590	2,096920
50,130615	256,653076	238,203144	45,369863	-11,305590	2,103292
50,227168	257,135839	238,652293	45,518727	-11,305462	2,107124
50,323873	257,619367	239,107955	45,602195	-11,305622	2,110301
50,420359	258,101793	239,562119	45,713941	-11,305366	2,113523
50,517066	258,585328	240,013373	45,853495	-11,305526	2,117203
50,613591	259,067957	240,474431	45,980053	-11,305526	2,119662
50,710234	259,551169	240,962709	46,123749	-11,305717	2,119084
50,806886	260,034430	241,417938	46,229425	-11,305653	2,122280
50,903433	260,517167	241,864610	46,306823	-11,305334	2,126392
51,000148	261,000739	242,326256	46,434265	-11,305111	2,128891
51,096724	261,483622	242,785695	46,542928	-11,304601	2,131564
51,193318	261,966588	243,241284	46,625172	-11,305334	2,134685
51,289992	262,449960	243,694669	46,752583	-11,310056	2,138103
51,386550	262,932751	244,196396	46,911945	-11,305845	2,135945
51,483150	263,415751	244,653359	46,986524	-11,305207	2,138913
51,579790	263,898948	245,142664	47,137985	-11,305941	2,138216
51,676450	264,382248	245,593336	47,248212	-11,306004	2,141936
51,773047	264,865235	246,089022	47,390382	-11,305271	2,140488
51,869600	265,348002	246,522604	47,502440	-11,305430	2,146095
51,966275	265,831374	246,952818	47,605461	-11,305781	2,152155
52,062851	266,314256	247,400325	47,710789	-11,305813	2,156188
52,159450	266,797250	247,881547	47,862632	-11,305622	2,156390
52,256090	267,280450	248,312450	47,963080	-11,306292	2,162352
52,352670	267,763350	248,794892	48,111655	-11,306068	2,162404
52,449270	268,246351	249,214367	48,219953	-11,305302	2,169646
52,545910	268,729551	249,702251	48,370352	-11,305302	2,169112
52,642486	269,212429	250,133990	48,459889	-11,305462	2,174942
52,739150	269,695750	250,596126	48,581808	-11,306196	2,177357
52,835711	270,178556	251,060750	48,722454	-11,306196	2,179430
52,932379	270,661893	251,537466	48,853371	-11,305781	2,180185
53,029036	271,145180	251,956446	48,959761	-11,305526	2,187516
53,125580	271,627900	252,449845	49,088806	-11,305909	2,186298
53,222219	272,111093	252,865849	49,189166	-11,305845	2,193958
53,318893	272,594467	253,340321	49,345012	-11,306036	2,194973
53,415450	273,077250	253,776767	49,468011	-11,305622	2,200255
53,512124	273,560621	254,205173	49,594699	-11,305558	2,206521
53,608713	274,043565	254,673286	49,727386	-11,306132	2,208212
53,705290	274,526450	255,091230	49,848042	-11,305271	2,215615
53,801970	275,009849	255,531090	49,969150	-11,305972	2,220578
53,898521	275,492607	255,950985	50,097412	-11,305462	2,227745
53,995199	275,975997	256,382496	50,204867	-11,305877	2,233659
54,091736	276,458681	256,842219	50,343968	-11,307281	2,236277
54,188380	276,941899	257,288759	50,484443	-11,305749	2,240458
54,284991	277,424956	257,724929	50,594873	-11,305302	2,245803
54,381569	277,907847	258,145127	50,754266	-11,306323	2,252950
54,478266	278,391329	258,618517	50,895626	-11,305685	2,254100
54,574835	278,874177	259,034816	50,998174	-11,304760	2,261687
54,671407	279,357037	259,488874	51,122423	-11,305749	2,264971
54,768113	279,840564	259,898479	51,248509	-11,305877	2,273398
54,864657	280,323284	260,389255	51,386591	-11,305813	2,272479
54,961241	280,806206	260,843515	51,514041	-11,305717	2,275747
55,057916	281,289581	261,250547	51,634093	-11,305909	2,284450
55,154591	281,772955	261,682241	51,764755	-11,306323	2,290341
55,251143	282,255713	262,168442	51,923565	-11,306100	2,289949
55,347764	282,738819	262,598100	52,035277	-11,305685	2,296042
55,444323	283,221616	263,078048	52,188984	-11,305015	2,296367
55,541040	283,705198	263,494017	52,296523	-11,305398	2,304075
55,637573	284,187864	263,947208	52,428977	-11,305653	2,307435
55,734234	284,671172	264,391922	52,568341	-11,306036	2,311834
55,830851	285,154256	264,828629	52,682315	-11,306132	2,317121
55,927427	285,637134	265,283893	52,813353	-11,305781	2,320269
56,024052	286,120262	265,736274	52,954529	-11,305622	2,323775
56,120691	286,603457	266,222103	53,115069	-11,305366	2,323474
56,217309	287,086545	266,655212	53,236847	-11,305749	2,329172
56,313916	287,569582	267,139922	53,388596	-11,305845	2,328981
56,410573	288,052864	267,564951	53,522345	-11,305302	2,335622
56,507127	288,535637	268,049009	53,657928	-11,305430	2,335476
56,603787	289,018937	268,531109	53,802262	-11,305685	2,335612
56,700346	289,501729	268,942864	53,908775	-11,305749	2,343711
56,796971	289,984857	269,434551	54,093197	-11,305526	2,342735
56,893615	290,468077	269,871264	54,211679	-11,305909	2,348037
56,990227	290,951133	270,342769	54,349513	-11,306036	2,349354
57,086835	291,434174	270,783966	54,485953	-11,305781	2,354124
57,183393	291,916964	271,231590	54,658332	-11,305558	2,358133
57,280074	292,400368	271,674949	54,799818	-11,305877	2,362698
57,376657	292,883283	272,077806	54,927008	-11,306834	2,371824
57,473239	293,366196	272,513114	55,019629	-11,305302	2,377251
57,569917	293,849584	272,942772	55,160626	-11,305909	2,383377
57,666454	294,332272	273,386285	55,308062	-11,305972	2,387842
57,763171	294,815854	273,822754	55,462396	-11,306323	2,393213
57,859740	295,298698	274,273536	55,630077	-11,305558	2,396868
57,956380	295,781898	274,717739	55,771027	-11,306930	2,401314
58,052959	296,264797	275,139589	55,903216	-11,305845	2,408274
58,149591	296,747956	275,606371	56,042304	-11,305590	2,410141
58,246259	297,231297	276,039203	56,168026	-11,305749	2,415899
58,342776	297,713878	276,458975	56,331040	-11,305302	2,423059
58,439418	298,197091	276,881458	56,492197	-11,305558	2,429982
58,536049	298,680245	277,348381	56,634465	-11,305015	2,431833
58,632705	299,163527	277,825415	56,805726	-11,305749	2,432545
58,729268	299,646338	278,291701	56,957178	-11,305079	2,434429
58,825919	300,129594	278,712026	57,120126	-11,305622	2,441603
58,922525	300,612623	279,151279	57,254985	-11,305653	2,446593
59,019048	301,095241	279,586287	57,387534	-11,306228	2,452021
59,115723	301,578615	280,064295	57,606129	-11,304952	2,452633
59,212268	302,061340	280,483868	57,723931	-11,310694	2,459832
59,309009	302,545043	280,965415	57,907523	-11,305590	2,460078
59,405500	303,027500	281,389936	58,060734	-11,305845	2,466682
59,502160	303,510801	281,825959	58,201513	-11,305494	2,472072
59,598793	303,993965	282,301706	58,384604	-11,305781	2,472917
59,695466	304,477329	282,722310	58,518922	-11,306004	2,480072
59,791992	304,959960	283,186332	58,697847	-11,305877	2,482194
59,888659	305,443295	283,630848	58,806390	-11,305366	2,486619
59,985218	305,926088	284,097024	58,978393	-11,305717	2,488513
60,081860	306,409301	284,527519	59,133829	-11,305494	2,494523
60,178535	306,892674	285,008796	59,301209	-11,305653	2,494762
60,275077	307,375386	285,434523	59,453864	-11,305558	2,501258
60,371713	307,858567	285,899466	59,633174	-11,306355	2,503337
60,468271	308,341356	286,378191	59,793163	-11,306132	2,503801
60,564962	308,824811	286,830963	59,982101	-11,305622	2,507299
60,661611	309,308056	287,238857	60,088745	-11,305526	2,515889
60,758152	309,790762	287,701649	60,266629	-11,305941	2,518159
60,854770	310,273849	288,170367	60,461964	-11,305685	2,519797
60,951395	310,756975	288,608537	60,589728	-11,305717	2,524922
61,048043	311,240215	289,033713	60,717486	-11,305781	2,531541
61,144682	311,723410	289,484211	60,916462	-11,306228	2,535269
61,241263	312,206313	289,919409	61,053393	-11,305781	2,540707
61,337861	312,689306	290,348082	61,193073	-11,305590	2,546900
61,434419	313,172093	290,785456	61,385121	-11,306132	2,552077
61,531040	313,655198	291,256898	61,519271	-11,305845	2,553406
61,627683	314,138414	291,715350	61,721861	-11,305590	2,556229
61,724322	314,621609	292,171886	61,874368	-11,305526	2,559268
61,820905	315,104524	292,630196	62,034675	-11,305622	2,562073
61,917503	315,587516	293,063543	62,195891	-11,305813	2,567733
62,014195	316,070977	293,538308	62,369039	-11,305302	2,568724
62,110752	316,553762	293,963689	62,515999	-11,305366	2,575268
62,207390	317,036948	294,400529	62,689587	-11,305781	2,580552
62,303989	317,519943	294,886601	62,893470	-11,304983	2,580201
62,400582	318,002908	295,303963	63,030762	-11,305685	2,587680
62,497253	318,486264	295,766864	63,184118	-11,305430	2,590012
62,593903	318,969515	296,192856	63,337466	-11,305111	2,596539
62,690451	319,452257	296,645034	63,528451	-11,305717	2,600023
62,787045	319,935224	297,104052	63,701063	-11,305749	2,602754
62,883701	320,418504	297,548735	63,864025	-11,305494	2,607154
62,980358	320,901788	298,001178	64,016422	-11,305590	2,610669
63,076905	321,384527	298,463222	64,192679	-11,305334	2,613029
63,173530	321,867651	298,892531	64,377189	-11,305685	2,619164
63,270106	322,350531	299,342485	64,509369	-11,305622	2,622917
63,366736	322,833680	299,831015	64,713136	-11,305877	2,622304
63,463393	323,316963	300,261983	64,859070	-11,305430	2,628268
63,560260	323,801300	300,703931	65,024271	-11,305749	2,633100
63,656874	324,284371	301,159614	65,196806	-11,306068	2,636222
63,753464	324,767322	301,594087	65,386769	-11,305494	2,641749
63,850144	325,250720	302,010577	65,534052	-11,305015	2,649376
63,946731	325,733655	302,474356	65,706105	-11,305494	2,651560
64,043328	326,216638	302,907281	65,866222	-11,305590	2,657267
64,139886	326,699428	303,340611	66,039637	-11,305271	2,662905
64,236609	327,183043	303,730700	66,201117	-11,305622	2,673567
64,333185	327,665924	304,154280	66,355709	-11,306228	2,680327
64,429791	328,148957	304,589751	66,563047	-11,305334	2,685750
64,526417	328,632084	305,034353	66,728635	-11,305717	2,690141
64,622993	329,114966	305,467878	66,869907	-11,305909	2,695768
64,719650	329,598251	305,912371	67,059333	-11,305941	2,700190
64,816214	330,081070	306,338903	67,251962	-11,307759	2,706607
64,912902	330,564511	306,757581	67,417065	-11,305749	2,713990
65,009454	331,047269	307,220274	67,604635	-11,305398	2,716277
65,106108	331,530541	307,643900	67,756886	-11,305622	2,723077
65,202747	332,013733	308,129884	67,961868	-11,305590	2,722759
65,299323	332,496616	308,548817	68,106772	-11,306036	2,730049
65,395871	332,979353	309,030095	68,283769	-11,305845	2,730215
65,492532	333,462659	309,494799	68,472682	-11,305845	2,732336
65,589175	333,945877	309,952107	68,658379	-11,305526	2,735290
65,685786	334,428932	310,407068	68,807391	-11,305558	2,738493
65,782417	334,912085	310,863809	69,019210	-11,305685	2,741503
65,879056	335,395278	311,293445	69,168212	-11,305877	2,747609
65,975614	335,878070	311,775296	69,369475	-11,305334	2,747716
66,072239	336,361196	312,225460	69,541391	-11,305749	2,751474
66,168900	336,844499	312,679697	69,716970	-11,306515	2,754787
66,265430	337,327151	313,143966	69,904005	-11,305558	2,756883
66,362110	337,810548	313,583436	70,064447	-11,304952	2,761891
66,458717	338,293585	314,019193	70,248264	-11,305781	2,767281
66,555279	338,776396	314,496594	70,451328	-11,305207	2,767897
66,651922	339,259611	314,925383	70,602133	-11,301123	2,774102
66,748591	339,742955	315,333058	70,777229	-11,305590	2,782728
66,845150	340,225748	315,804812	70,977071	-11,306068	2,783987
66,941809	340,709046	316,184009	71,131075	-11,305398	2,795854
67,038333	341,191666	316,623158	71,295619	-11,305430	2,800810
67,134932	341,674661	317,055851	71,464284	-11,306962	2,806544
67,231575	342,157874	317,485296	71,637988	-11,305494	2,812674
67,328246	342,641232	317,973750	71,862103	-11,306100	2,812093
67,424807	343,124035	318,410885	72,050466	-11,305558	2,817299
67,521400	343,606999	318,827382	72,219119	-11,305430	2,824876
67,618074	344,090371	319,275874	72,390520	-11,305558	2,828853
67,714699	344,573493	319,725236	72,560544	-11,305749	2,832701
67,811334	345,056671	320,171350	72,780059	-11,305909	2,836927
67,907945	345,539726	320,600951	72,951912	-11,305334	2,843020
68,004490	346,022452	321,036459	73,137510	-11,305590	2,848403
68,101175	346,505877	321,491593	73,310275	-11,306164	2,851628
68,197702	346,988511	321,942109	73,511451	-11,305494	2,855290
68,294384	347,471920	322,388466	73,693378	-11,305398	2,859514
68,391025	347,955126	322,781738	73,835436	-11,305622	2,869766
68,487674	348,438371	323,280596	74,050813	-11,305909	2,867986
68,584242	348,921210	323,719970	74,246942	-11,305941	2,872941
68,680817	349,404084	324,205017	74,447194	-11,305717	2,872694
68,777393	349,886963	324,604996	74,624075	-11,305526	2,882144
68,873989	350,369947	325,035565	74,812870	-11,305781	2,888120
68,970706	350,853529	325,446902	75,000290	-11,305015	2,896355
69,067281	351,336405	325,896591	75,178544	-11,305590	2,900139
69,163910	351,819552	326,352637	75,373295	-11,305781	2,903228
69,260585	352,302926	326,747417	75,557965	-11,305653	2,913328
69,357161	352,785807	327,180543	75,728429	-11,305239	2,919000
69,453733	353,268663	327,614546	75,916766	-11,305302	2,924569
69,550315	353,751577	328,061759	76,102353	-11,305430	2,928639
69,646994	354,234970	328,490663	76,306271	-11,305877	2,934851
69,743542	354,717708	328,952415	76,496442	-11,306196	2,937243
69,840233	355,201167	329,368460	76,659120	-11,305685	2,944929
69,936793	355,683967	329,817806	76,842878	-11,304824	2,948742
70,033422	356,167112	330,273964	77,050009	-11,305398	2,951819
70,130083	356,650413	330,729625	77,224605	-11,305877	2,954970
70,226603	357,133013	331,190271	77,445028	-11,305494	2,957473
70,323246	357,616229	331,661376	77,634750	-11,305494	2,958853
70,419917	358,099586	332,085427	77,805686	-11,305685	2,965614
70,516553	358,582764	332,548240	78,012827	-11,305462	2,967936
70,613080	359,065399	333,010558	78,219512	-11,306036	2,970252
70,709733	359,548667	333,445459	78,384496	-11,305398	2,975766
70,806392	360,031958	333,888082	78,560482	-11,305941	2,980402
70,902953	360,514764	334,319721	78,774967	-11,305685	2,986235
70,999609	360,998046	334,781438	78,964249	-11,305558	2,988693
71,096168	361,480838	335,212097	79,150785	-11,305622	2,994636
71,192806	361,964030	335,628127	79,336407	-11,305271	3,002293
71,289462	362,447312	336,072863	79,543116	-11,305717	3,006687
71,386039	362,930193	336,495673	79,718203	-11,305494	3,013535
71,482686	363,413431	336,936239	79,882294	-11,305749	3,018400
71,579209	363,896046	337,371756	80,101391	-11,305749	3,023769
71,675858	364,379291	337,833232	80,328745	-11,305749	3,026251
71,772526	364,862629	338,272787	80,507057	-11,309163	3,031242
71,869147	365,345736	338,720973	80,703251	-11,306611	3,035223
71,965740	365,828700	339,157728	80,921453	-11,305175	3,040491
72,062362	366,311810	339,587158	81,128660	-11,305685	3,046610
72,158942	366,794711	339,985562	81,290946	-11,306196	3,056243
72,255603	367,278017	340,415846	81,500456	-11,304952	3,062288
72,352175	367,760875	340,825590	81,684758	-11,305430	3,070622
72,448834	368,244170	341,264019	81,884652	-11,305111	3,075737
72,545372	368,726861	341,708797	82,088680	-11,305334	3,080059
72,642014	369,210069	342,115268	82,301884	-11,305685	3,088807
72,738646	369,693232	342,537203	82,468326	-11,305717	3,095787
72,835244	370,176221	342,969135	82,687506	-11,305781	3,101608
72,931884	370,659420	343,435661	82,917240	-11,305845	3,103509
73,028492	371,142458	343,871176	83,101127	-11,305111	3,108926
73,125054	371,625268	344,322604	83,304739	-11,305909	3,112504
73,221686	372,108428	344,775367	83,501479	-11,305622	3,115969
73,318341	372,591706	345,232654	83,699145	-11,305558	3,118932
73,414885	373,074426	345,690364	83,928924	-11,305047	3,121783
73,511575	373,557873	346,075635	84,084409	-11,305909	3,132975
73,608198	374,040991	346,550589	84,285308	-11,306004	3,133906
73,704843	374,524216	347,022323	84,526583	-11,305207	3,135216
73,801356	375,006781	347,443029	84,717409	-11,305653	3,142268
73,898058	375,490291	347,918342	84,955495	-11,305749	3,143202
73,994676	375,973379	348,363574	85,157351	-11,305653	3,147518
74,091267	376,456337	348,806957	85,344075	-11,305462	3,152029
74,187826	376,939129	349,259414	85,547784	-11,305526	3,155488
74,284482	377,422410	349,702282	85,757926	-11,262901	3,160095
74,381139	377,905693	350,137840	85,977256	-11,133879	3,165535
74,477719	378,388596	350,575646	86,199352	-11,090169	3,170676
74,574368	378,871838	350,991125	86,383829	-11,064231	3,178401
74,670961	379,354805	351,416135	86,585295	-11,036473	3,185008
74,767508	379,837540	351,844303	86,793656	-11,127274	3,191229
74,864139	380,320694	352,287459	87,008913	-11,076514	3,195789
74,960789	380,803946	352,705565	87,202609	-11,079736	3,203215
75,057396	381,286981	353,111817	87,433497	-11,136367	3,211969
75,153947	381,769735	353,506674	87,617576	-11,135697	3,221989
75,250604	382,253020	353,964733	87,852163	-11,155191	3,224865
75,347254	382,736269	354,337254	88,005962	-11,179279	3,237488
75,443901	383,219507	354,799807	88,266746	-11,164475	3,239846
75,540509	383,702547	355,209575	88,463725	-11,061806	3,248199
75,637091	384,185454	355,657064	88,695614	-10,933645	3,252237
75,733631	384,668156	356,059506	88,910528	-10,989063	3,261386
75,830358	385,151790	356,493299	89,113056	-11,034368	3,267068
75,926948	385,634738	356,887964	89,321567	-10,978407	3,277132
76,023531	386,117657	357,333072	89,548464	-10,964465	3,281443
76,120206	386,601030	357,797700	89,791456	-10,993594	3,283580
76,216715	387,083574	358,222294	89,985770	-10,971324	3,290186
76,313363	387,566813	358,659136	90,197555	-10,970048	3,295475
76,409992	388,049960	359,077769	90,411192	-10,885341	3,302830
76,506632	388,533160	359,515012	90,637710	-10,872100	3,308069
76,603241	389,016203	359,955410	90,857352	-10,874302	3,312930
76,699877	389,499386	360,437134	91,101827	-10,824786	3,313097
76,796405	389,982024	360,887925	91,301741	-10,791222	3,316727
76,893026	390,465129	361,301882	91,509483	-10,791701	3,324610
76,989730	390,948649	361,778516	91,766884	-10,767836	3,325395
77,086247	391,431234	362,224678	91,978337	-10,757531	3,329547
77,182943	391,914715	362,673992	92,247274	-10,782257	3,333442
77,279483	392,397417	363,105561	92,447729	-10,756255	3,339272
77,376164	392,880821	363,524385	92,670730	-10,775078	3,346634
77,472739	393,363696	363,955902	92,877884	-10,794700	3,352489
77,569423	393,847117	364,413735	93,160937	-10,766400	3,355406
77,665931	394,329654	364,856097	93,373188	-10,800219	3,359985
77,762665	394,813325	365,259831	93,594656	-10,765188	3,369098
77,859252	395,296261	365,692149	93,803953	-10,740525	3,374869
77,955793	395,778963	366,097651	94,004526	-10,787457	3,383670
78,052475	396,262377	366,557615	94,279649	-10,815533	3,386343
78,149059	396,745296	366,983043	94,509248	-10,774217	3,392897
78,245597	397,227985	367,401636	94,721610	-10,746587	3,400204
78,342222	397,711111	367,842448	94,931230	-10,754245	3,405028
78,438907	398,194535	368,241923	95,147081	-10,720840	3,414598
78,535551	398,677753	368,675873	95,395632	-10,762859	3,420214
78,632172	399,160862	369,168801	95,671140	-10,769016	3,419095
78,728800	399,644002	369,580454	95,843089	-10,752298	3,427244
78,825367	400,126834	370,020674	96,088489	-10,712098	3,432102
78,922007	400,610035	370,466765	96,291550	-10,684820	3,436333
79,018538	401,092691	370,876073	96,501075	-10,669857	3,444694
79,115166	401,575832	371,347972	96,777402	-10,670590	3,445976
79,211825	402,059125	371,800329	97,020135	-10,668070	3,449503
79,308433	402,542165	372,236324	97,239401	-10,663316	3,454866
79,404997	403,024984	372,673199	97,479880	-10,645449	3,460103
79,501672	403,508358	373,109819	97,694351	-10,611280	3,465433
79,598215	403,991076	373,580884	97,959071	-10,564156	3,466762
79,694866	404,474330	374,014498	98,168288	-10,532379	3,472421
79,791487	404,957436	374,439467	98,396652	-10,535729	3,479048
79,888147	405,440737	374,908625	98,666296	-10,529508	3,480661
79,984720	405,923602	375,343288	98,894251	-10,510748	3,486156
80,081382	406,406909	375,777016	99,155425	-10,487553	3,491808
80,177973	406,889867	376,191672	99,333171	-10,500857	3,499594
80,274564	407,372819	376,621265	99,598549	-10,509280	3,505677
80,371132	407,855660	377,069417	99,840900	-10,508483	3,509632
80,467807	408,339034	377,456114	100,063675	-10,485894	3,520653
80,564365	408,821825	377,897638	100,302157	-10,467485	3,525357
80,661014	409,305072	378,337999	100,526826	-10,482289	3,530246
80,757684	409,788420	378,807111	100,800659	-10,473228	3,531869
80,854253	410,271264	379,199372	101,039456	-10,478014	3,542196
80,950941	410,754706	379,661172	101,301126	-10,478269	3,544663
81,047449	411,237245	380,053156	101,486669	-10,492658	3,554986
81,144092	411,720459	380,480459	101,718391	-10,478077	3,561360
81,240681	412,203407	380,954176	102,009003	-10,453702	3,562412
81,337324	412,686619	381,367829	102,231088	-10,437080	3,570342
81,433977	413,169884	381,791648	102,456660	-10,441929	3,577119
81,530517	413,652585	382,229483	102,696113	-10,352820	3,582234
81,627158	414,135788	382,629466	102,963079	-10,354830	3,591721
81,723779	414,618894	383,039162	103,158244	-10,360668	3,600089
81,820454	415,102269	383,470571	103,394548	-10,380896	3,606013
81,916987	415,584933	383,923690	103,654907	-10,373207	3,609382
82,013686	416,068430	384,347115	103,900744	-10,375280	3,616230
82,110259	416,551295	384,803115	104,166024	-10,379364	3,619292
82,206912	417,034559	385,220596	104,390662	-10,389319	3,626792
82,303455	417,517276	385,662498	104,631044	-10,385011	3,631445
82,400120	418,000599	386,150094	104,890875	-10,381885	3,630958
82,496746	418,483728	386,583783	105,108661	-10,371229	3,636594
82,593304	418,966520	387,041432	105,367401	-10,352373	3,639460
82,689960	419,449801	387,475512	105,614381	-10,359392	3,645069
82,786540	419,932701	387,882407	105,845434	-10,344875	3,653734
82,883112	420,415560	388,343808	106,122781	-10,334793	3,656180
82,979769	420,898844	388,811964	106,365464	-10,341749	3,657904
83,076419	421,382094	389,233251	106,618128	-10,344588	3,664968
83,172970	421,864851	389,665821	106,854627	-10,314406	3,670689
83,269633	422,348164	390,087503	107,151797	-10,308887	3,677715
83,366308	422,831538	390,515489	107,366373	-10,327679	3,684030
83,462894	423,314471	390,892780	107,604587	-10,321617	3,696073
83,559452	423,797258	391,320258	107,859736	-10,322287	3,702378
83,656100	424,280502	391,749516	108,117698	-10,325062	3,708532
83,752691	424,763453	392,142561	108,350683	-10,311726	3,718782
83,849283	425,246416	392,585781	108,634196	-10,304388	3,723312
83,945974	425,729870	392,982390	108,834813	-10,301932	3,733213
84,042532	426,212660	393,394800	109,081096	-10,294179	3,741236
84,139203	426,696016	393,805373	109,294276	-10,275897	3,749533
84,235744	427,178719	394,226996	109,601113	-10,272771	3,756496
84,332412	427,662059	394,701484	109,850746	-10,284320	3,757506
84,429059	428,145296	395,101571	110,058916	-10,285692	3,766985
84,525642	428,628209	395,561978	110,328553	-10,283108	3,769550
84,622181	429,110903	396,004043	110,600086	-10,276567	3,774182
84,718823	429,594116	396,460087	110,856584	-10,274494	3,777279
84,815477	430,077383	396,918130	111,102913	-10,271877	3,780155
84,912119	430,560594	397,362582	111,345797	-10,273824	3,784573
85,008679	431,043396	397,831852	111,603099	-10,298901	3,786116
85,105324	431,526620	398,272847	111,859046	-10,284703	3,790930
85,201900	432,009502	398,723296	112,121065	-10,279949	3,794627
85,298532	432,492661	399,126729	112,350856	-10,274015	3,803716
85,395173	432,975866	399,565370	112,602965	-10,262944	3,808797
85,491797	433,458985	399,991782	112,848609	-10,251012	3,815261
85,588405	433,942027	400,404614	113,097074	-10,239686	3,823265
85,685016	434,425079	400,792126	113,370659	-10,256914	3,834157
85,781667	434,908335	401,210321	113,642892	-10,258350	3,841574
85,878280	435,391400	401,559848	113,868701	-10,246641	3,856797
85,974849	435,874246	401,968056	114,140083	-10,250948	3,865306
86,071518	436,357588	402,326117	114,378506	-10,259371	3,879588
86,168022	436,840110	402,663840	114,651827	-10,264667	3,896095
86,264765	437,323825	403,064748	114,921471	-10,276504	3,905535
86,361322	437,806612	403,425000	115,166047	-10,260870	3,919504
86,457917	438,289584	403,813669	115,442748	-10,271431	3,930254
86,554508	438,772538	404,215401	115,731122	-10,265401	3,939514
86,651131	439,255656	404,608757	115,973486	-10,255127	3,949746
86,747816	439,739082	405,022847	116,232635	-10,280651	3,957651
86,844441	440,222204	405,450220	116,558370	-10,284767	3,964006
86,941001	440,705005	405,868989	116,815280	-10,274940	3,971306
87,037609	441,188043	406,276899	117,077814	-10,263997	3,979870
87,134240	441,671198	406,740276	117,398588	-10,274079	3,982125
87,230914	442,154570	407,179707	117,672388	-10,261955	3,987134
87,327423	442,637115	407,597000	117,897793	-10,253022	3,994573
87,424099	443,120494	408,093202	118,196827	-10,248268	3,993111
87,520661	443,603304	408,521933	118,499407	-10,262944	3,999276
87,617253	444,086263	408,990772	118,768490	-10,249097	4,000886
87,713942	444,569710	409,444918	119,047635	-10,244599	4,004226
87,810502	445,052510	409,915038	119,351530	-10,231869	4,005672
87,907146	445,535729	410,396618	119,645456	-10,257425	4,005859
88,003752	446,018760	410,847050	119,918916	-10,254138	4,009575
88,100400	446,502002	411,326526	120,245819	-10,241121	4,010004
88,196975	446,984875	411,769450	120,509112	-10,243067	4,014558
88,293607	447,468034	412,206031	120,787375	-10,245173	4,019868
88,390187	447,950937	412,637171	121,040486	-10,246226	4,025769
88,486894	448,434472	413,121012	121,373904	-10,265401	4,025734
88,583436	448,917180	413,517836	121,634103	-10,265752	4,035525
88,680045	449,400224	413,952713	121,942660	-10,270984	4,041016
88,776719	449,883596	414,330107	122,194541	-10,252128	4,053098
88,873262	450,366312	414,751860	122,477515	-10,251873	4,060048
88,969895	450,849474	415,169078	122,775480	-10,264890	4,067565
89,066474	451,332372	415,569148	123,035659	-10,268049	4,077008
89,163164	451,815819	415,961533	123,285599	-10,266805	4,087389
89,259718	452,298592	416,393759	123,590247	-10,274972	4,093151
89,356294	452,781468	416,789921	123,872048	-10,286330	4,103036
89,453000	453,265002	417,230872	124,170256	-10,274653	4,107891
89,549607	453,748033	417,605138	124,421061	-10,296284	4,120290
89,646214	454,231071	418,050084	124,717727	-10,296412	4,124633
89,742812	454,714058	418,445241	124,971886	-10,285788	4,134645
89,839468	455,197338	418,861985	125,273793	-10,289393	4,142230
89,936024	455,680118	419,295137	125,551658	-10,294083	4,147888
90,032701	456,163506	419,726908	125,869106	-10,290095	4,153772
90,129218	456,646089	420,175757	126,140750	-10,296859	4,157618
90,225891	457,129457	420,600717	126,413606	-10,291563	4,164276
90,322473	457,612367	421,054456	126,696569	-10,323435	4,167602
90,419166	458,095832	421,486559	126,947741	-10,328827	4,173457
90,515740	458,578700	421,962515	127,273405	-10,336452	4,174245
90,612295	459,061473	422,399509	127,545033	-10,330231	4,179464
90,708958	459,544788	422,890699	127,832865	-10,327647	4,178566
90,805524	460,027619	423,355079	128,098958	-10,325286	4,180670
90,902181	460,510904	423,798731	128,386178	-10,351224	4,185188
90,998757	460,993784	424,275196	128,658447	-10,353139	4,185919
91,095362	461,476812	424,701242	128,935446	-10,370080	4,192415
91,192037	461,960184	425,165498	129,218582	-10,360572	4,194594
91,288581	462,442907	425,622077	129,493793	-10,372856	4,197575
91,385254	462,926270	426,069854	129,785461	-10,344843	4,201631
91,481899	463,409497	426,523900	130,073424	-10,343854	4,204958
91,578464	463,892322	426,908882	130,298104	-10,363029	4,216112
91,675140	464,375702	427,342862	130,604213	-10,385107	4,221744
91,771753	464,858763	427,705316	130,799165	-10,414236	4,235493
91,868311	465,341555	428,111819	131,110287	-10,418320	4,244190
91,964954	465,824772	428,497616	131,368189	-10,412800	4,255296
92,061598	466,307988	428,895981	131,649600	-10,416533	4,264969
92,158156	466,790778	429,281512	131,907109	-10,407855	4,276056
92,254832	467,274160	429,702089	132,179682	-10,422276	4,283216
92,351355	467,756776	430,108033	132,453470	-10,443876	4,291957
92,448030	468,240149	430,494626	132,707101	-10,453383	4,302990
92,544574	468,722868	430,910416	132,948788	-10,444769	4,310620
92,641267	469,206336	431,349332	133,242895	-10,463848	4,315699
92,737807	469,689037	431,779683	133,533995	-10,469623	4,321666
92,834483	470,172413	432,227314	133,815976	-10,472526	4,325741
92,931050	470,655248	432,648855	134,025140	-10,444705	4,332729
93,027685	471,138425	433,079137	134,332583	-10,445343	4,338759
93,124363	471,621815	433,530516	134,597758	-10,458584	4,342408
93,220935	472,104676	433,990856	134,878726	-10,461774	4,344975
93,317534	472,587668	434,412981	135,146566	-10,440749	4,351914
93,414172	473,070861	434,860020	135,399157	-10,475589	4,356036
93,510796	473,553982	435,338933	135,689184	-10,476386	4,356516
93,607433	474,037163	435,745943	135,951493	-10,484203	4,365199
93,704036	474,520178	436,181235	136,221134	-10,497858	4,370640
93,800594	475,002972	436,619425	136,507286	-10,531996	4,375724
93,897205	475,486027	437,060290	136,783596	-10,536910	4,380534
93,993892	475,969458	437,476206	137,048176	-10,547087	4,388231
94,090482	476,452411	437,874138	137,309496	-10,554011	4,397923
94,187138	476,935689	438,258581	137,570381	-10,555733	4,409190
94,283696	477,418479	438,650195	137,859090	-10,530274	4,419584
94,380326	477,901630	439,107806	138,146901	-10,545013	4,422496
94,476915	478,384573	439,493099	138,413081	-10,572228	4,433628
94,573547	478,867734	439,887358	138,683068	-10,593668	4,443763
94,670222	479,351111	440,306971	138,975713	-10,588149	4,451032
94,766766	479,833830	440,740038	139,251433	-10,829029	4,456692
94,863364	480,316820	441,184761	139,530256	-10,758009	4,461055
94,959957	480,799786	441,596242	139,810532	-10,750863	4,469204
95,056630	481,283150	442,007035	140,073401	-10,711046	4,477477
95,153263	481,766313	442,436668	140,348094	-10,748565	4,483579
95,249779	482,248893	442,877059	140,649475	-10,708270	4,488389
95,346421	482,732105	443,341225	140,926842	-10,695795	4,490560
95,443064	483,215318	443,802456	141,204483	-10,680800	4,493066
95,539707	483,698536	444,238757	141,460692	-10,661848	4,498415
95,636262	484,181312	444,658661	141,738877	-10,656712	4,505582
95,732910	484,664550	445,103461	142,016392	-10,679907	4,509964
95,829511	485,147557	445,561262	142,324157	-10,713087	4,512838
95,926190	485,630951	445,984041	142,577200	-10,823350	4,519748
96,022784	486,113918	446,445627	142,888117	-10,790712	4,522185
96,119390	486,596950	446,891267	143,173106	-10,783948	4,526448
96,216006	487,080028	447,282369	143,405943	-10,794189	4,536933
96,312556	487,562781	447,727535	143,680373	-10,766496	4,541218
96,409280	488,046400	448,185701	143,972792	-10,816108	4,544120
96,505870	488,529350	448,603918	144,255801	-10,827562	4,551499
96,602431	489,012156	449,015842	144,508130	-10,863997	4,559580
96,698993	489,494965	449,450416	144,805152	-10,823318	4,565079
96,795670	489,978349	449,853570	145,063454	-10,890031	4,574225
96,892238	490,461192	450,304724	145,321078	-10,964241	4,577837
96,988951	490,944756	450,703149	145,612537	-10,956010	4,587543
97,085524	491,427619	451,101116	145,868333	-11,017777	4,597221
97,182098	491,910491	451,557400	146,155845	-11,168399	4,600252
97,278685	492,393423	451,978006	146,443629	-11,296720	4,607358
97,375363	492,876814	452,399950	146,677053	-11,308621	4,614362
97,472013	493,360063	452,805960	146,956626	-11,305685	4,623168
97,568575	493,842873	453,203662	147,228427	-11,306866	4,632870
97,665148	494,325740	453,623564	147,490086	-11,306738	4,640048
97,761873	494,809365	454,044132	147,747989	-11,305526	4,647237
97,858385	495,291927	454,486674	148,050885	-11,305717	4,651799
97,955082	495,775411	454,894891	148,327785	-11,305972	4,660379
98,051605	496,258026	455,307812	148,590279	-11,306323	4,668324
98,148261	496,741306	455,716241	148,817056	-11,305047	4,676857
98,244874	497,224369	456,155167	149,125062	-11,305494	4,681889
98,341461	497,707307	456,597450	149,402089	-11,305685	4,686524
98,438148	498,190739	457,017749	149,670385	-11,305366	4,693721
98,534772	498,673858	457,428173	149,945107	-11,305845	4,702008
98,631345	499,156724	457,872458	150,216780	-11,305877	4,706406
98,727925	499,639624	458,273902	150,513357	-11,305207	4,715692
98,824580	500,122902	458,696647	150,795992	-11,304664	4,722593
98,921168	500,605841	459,122752	151,057096	-11,306004	4,729072
99,017866	501,089329	459,586079	151,325338	-11,305526	4,731371
99,114389	501,571944	459,998943	151,615648	-11,305494	4,739322
99,211097	502,055487	460,458672	151,893667	-11,305972	4,742037
99,307613	502,538066	460,855831	152,134736	-11,306164	4,751775
99,404261	503,021306	461,285951	152,459042	-11,305398	4,757830
99,500842	503,504210	461,712030	152,711545	-11,305781	4,764308
99,597490	503,987451	462,167708	153,001539	-11,306004	4,767451
99,694162	504,470812	462,573822	153,260023	-11,306387	4,776257
99,790755	504,953773	463,040929	153,578776	-11,305526	4,778064
99,887282	505,436411	463,447935	153,828303	-11,305622	4,786686
99,983940	505,919700	463,869065	154,127908	-11,305685	4,793772
100,080613	506,403064	464,278531	154,415683	-11,305430	4,802197
100,177196	506,885978	464,682389	154,651525	-11,305366	4,811209
100,273823	507,369113	465,107099	154,929389	-11,305717	4,817870
100,370471	507,852355	465,543915	155,226029	-11,305877	4,823162
100,467096	508,335482	465,947541	155,490659	-11,305526	4,832225
100,563654	508,818271	466,394890	155,775490	-11,305941	4,836265
100,660210	509,301050	466,834612	156,049193	-11,305558	4,841174
100,756873	509,784363	467,263568	156,345476	-11,305622	4,847371
100,853433	510,267163	467,686916	156,587415	-11,305590	4,854148
100,950125	510,750623	468,081560	156,857157	-11,306132	4,864273
101,046731	511,233657	468,554680	157,153285	-11,305972	4,865403
101,143373	511,716865	468,959184	157,386503	-11,305717	4,874376
101,239910	512,199552	469,428486	157,710237	-11,305622	4,875901
101,336564	512,682819	469,860564	157,967728	-11,306802	4,881737
101,433204	513,166020	470,291965	158,233081	-11,305845	4,887642
101,529773	513,648864	470,746457	158,515801	-11,305334	4,890874
101,626422	514,132112	471,162828	158,788329	-11,305271	4,898498
101,723078	514,615390	471,588388	159,063257	-11,305015	4,905078
101,819612	515,098059	472,018877	159,352706	-11,305749	4,911027
101,916268	515,581340	472,428285	159,576821	-11,305685	4,919448
102,012820	516,064099	472,850693	159,888421	-11,303324	4,926328
102,109507	516,547533	473,279823	160,129926	-11,305558	4,932519
102,206049	517,030247	473,704015	160,399025	-11,305653	4,939190
102,302658	517,513290	474,117664	160,675991	-11,305302	4,947101
102,399345	517,996725	474,531307	160,939190	-11,305877	4,955058
102,495918	518,479589	474,946290	161,182435	-11,306451	4,962796
102,592511	518,962553	475,378752	161,465887	-11,305653	4,968553
102,689399	519,446997	475,794842	161,737945	-11,305877	4,976346
102,786064	519,930320	476,217426	162,027388	-11,305749	4,983270
102,882606	520,413029	476,658385	162,300917	-11,305207	4,988029
102,979262	520,896310	477,097765	162,586361	-11,305558	4,993034
103,075939	521,379694	477,480421	162,804503	-11,305366	5,004517
103,172526	521,862629	477,926283	163,110209	-11,305749	5,008743
103,269101	522,345506	478,330216	163,362405	-11,305813	5,017743
103,365741	522,828706	478,742433	163,625089	-11,305302	5,025835
103,462321	523,311607	479,119897	163,865184	-11,305941	5,037855
103,559014	523,795072	479,567282	164,160267	-11,305558	5,041968
103,655522	524,277610	479,987758	164,398729	-11,305622	5,049043
103,752234	524,761172	480,456630	164,699802	-11,305558	5,050718
103,848810	525,244050	480,867215	164,949960	-11,305749	5,058959
103,945369	525,726843	481,339862	165,257740	-11,305558	5,060116
104,042038	526,210188	481,766998	165,520312	-11,305526	5,066524
104,138716	526,693578	482,191652	165,797899	-11,305302	5,073220
104,235239	527,176196	482,642952	166,094075	-11,305781	5,076790
104,331911	527,659557	483,087509	166,333364	-11,306100	5,081214
104,428477	528,142383	483,515015	166,618386	-11,305749	5,087520
104,525121	528,625605	483,965576	166,888662	-11,305494	5,091243
104,621733	529,108667	484,378474	167,130138	-11,305494	5,099242
104,718363	529,591817	484,810167	167,426404	-11,305430	5,105108
104,814970	530,074851	485,224586	167,683629	-11,303675	5,112930
104,911595	530,557977	485,667651	167,952062	-11,305494	5,117497
105,008146	531,040728	486,076193	168,217176	-11,304983	5,125957
105,104820	531,524100	486,493444	168,475873	-11,305334	5,133495
105,201399	532,006996	486,911785	168,757931	-11,306100	5,140854
105,298035	532,490174	487,358533	169,039051	-11,305781	5,145007
105,394616	532,973079	487,766062	169,275633	-11,305877	5,153600
105,491265	533,456324	488,167289	169,540104	-11,305813	5,162950
105,587829	533,939146	488,597587	169,806971	-11,305909	5,168938
105,684454	534,422271	489,033219	170,085289	-11,305941	5,174352
105,781026	534,905132	489,439040	170,350039	-11,305271	5,183134
105,877651	535,388257	489,864518	170,632675	-11,305398	5,189706
105,974313	535,871564	490,241392	170,836439	-11,305781	5,201840
106,070973	536,354865	490,688045	171,146509	-11,305366	5,206017
106,167545	536,837727	491,114063	171,417983	-11,305972	5,212498
106,264113	537,320567	491,558599	171,706870	-11,305239	5,216864
106,360777	537,803884	491,967068	171,934032	-11,305972	5,225397
106,457416	538,287081	492,435202	172,241776	-11,305558	5,227114
106,553950	538,769748	492,840209	172,463714	-11,305877	5,235967
106,650672	539,253359	493,283175	172,755987	-11,312290	5,240601
106,747216	539,736078	493,699919	173,032062	-11,305271	5,248122
106,843854	540,219272	494,138509	173,313156	-11,305813	5,253207
106,940514	540,702569	494,513783	173,528931	-11,305717	5,265522
107,037083	541,185416	494,951573	173,835797	-11,305909	5,270658
107,133651	541,668255	495,394876	174,103570	-11,305558	5,275165
107,230309	542,151544	495,772425	174,362530	-11,305653	5,287220
107,326955	542,634777	496,179398	174,583106	-11,305047	5,295913
107,423496	543,117481	496,609525	174,882862	-11,305685	5,301907
107,520106	543,600530	496,968570	175,109416	-11,305558	5,316043
107,616762	544,083812	497,405018	175,400129	-11,305813	5,321383
107,713329	544,566646	497,841152	175,665573	-11,305685	5,326706
107,810009	545,050046	498,263582	175,969901	-11,305717	5,333657
107,906568	545,532841	498,688598	176,213181	-11,305717	5,340244
108,003264	546,016320	499,155672	176,500832	-11,306196	5,342114
108,099823	546,499113	499,585837	176,806381	-11,305334	5,348114
108,196478	546,982390	500,001439	177,064234	-11,305877	5,355829
108,293037	547,465184	500,452652	177,331158	-11,305526	5,359429
108,389725	547,948626	500,912143	177,619321	-11,305590	5,362159
108,486269	548,431346	501,357239	177,889599	-11,305877	5,366448
108,582916	548,914579	501,808367	178,167280	-11,305079	5,370108
108,679573	549,397865	502,278543	178,453795	-11,305494	5,371603
108,776139	549,880693	502,704705	178,710973	-11,305526	5,378063
108,872811	550,364057	503,112667	178,977699	-11,305398	5,386659
108,969430	550,847150	503,547083	179,235366	-11,305302	5,392208
109,066006	551,330029	503,940416	179,466792	-11,305813	5,402416
109,162645	551,813223	504,358407	179,757632	-11,305366	5,409849
109,259202	552,296012	504,736442	180,014359	-11,305685	5,421791
109,355779	552,778897	505,192752	180,307119	-11,305494	5,424821
109,452454	553,262272	505,585103	180,597499	-11,307919	5,435197
109,549023	553,745113	505,975417	180,816779	-11,305685	5,445745
109,645686	554,228432	506,377375	181,124109	-11,305685	5,455021
109,742280	554,711400	506,785593	181,352224	-11,305494	5,463542
109,838887	555,194437	507,190875	181,626634	-11,305941	5,472406
109,935598	555,677992	507,612958	181,877901	-11,305111	5,479414
110,032170	556,160852	508,067312	182,149454	-11,305462	5,482664
110,128746	556,643729	508,513569	182,449646	-11,305877	5,486838
110,225383	557,126915	508,929980	182,692093	-11,306068	5,494451
110,321989	557,609947	509,385386	182,994917	-11,306515	5,497600
110,418632	558,093159	509,813190	183,246198	-11,305494	5,503916
110,515191	558,575955	510,236041	183,520152	-11,305047	5,510750
110,611811	559,059055	510,675014	183,802699	-11,305813	5,515781
110,708398	559,541988	511,081235	184,059236	-11,305845	5,524526
110,805090	560,025451	511,476902	184,294058	-11,305749	5,534534
110,901605	560,508023	511,889813	184,576849	-11,305462	5,542476
110,998280	560,991402	512,300465	184,840311	-11,305302	5,550767
111,094906	561,474529	512,742029	185,134558	-11,306036	5,555505
111,191478	561,957389	513,163178	185,378930	-11,305430	5,562540
111,288071	562,440357	513,593273	185,648360	-11,305877	5,568568
111,384732	562,923662	514,050467	185,937359	-11,305813	5,571544
111,481326	563,406632	514,476042	186,213710	-11,305366	5,578087
111,577952	563,889760	514,937230	186,470492	-11,304983	5,580588
111,674626	564,373129	515,347306	186,710091	-11,306579	5,588944
111,771167	564,855833	515,826156	187,040613	-11,307695	5,589383
111,867830	565,339148	516,251881	187,281881	-11,306100	5,595948
111,964469	565,822343	516,697083	187,553456	-11,305685	5,600280
112,061031	566,305154	517,150331	187,872758	-11,305941	5,603650
112,157704	566,788522	517,571524	188,095409	-11,305622	5,610738
112,254209	567,271047	517,985756	188,340252	-11,304792	5,618523
112,350900	567,754498	518,409830	188,634491	-11,305877	5,625292
112,447484	568,237422	518,815519	188,891500	-11,305845	5,634097
112,544091	568,720455	519,247179	189,157099	-11,305366	5,639954
112,640717	569,203585	519,626184	189,392866	-11,305685	5,651824
112,737292	569,686462	520,051542	189,661084	-11,305526	5,658381
112,834002	570,170009	520,492563	189,948866	-11,305526	5,663229
112,930582	570,652912	520,863018	190,158854	-11,305685	5,676048
113,027216	571,136082	521,309386	190,471208	-11,305558	5,680243
113,123827	571,619136	521,725504	190,748241	-11,305047	5,687874
113,220389	572,101944	522,174080	191,023839	-11,305622	5,691776
113,316973	572,584864	522,583228	191,268175	-11,305622	5,700187
113,413644	573,068218	523,014533	191,546867	-11,306068	5,706120
113,510300	573,551501	523,419624	191,770676	-11,305941	5,715034
113,606860	574,034300	523,869936	192,030032	-11,305813	5,718738
113,703460	574,517301	524,269180	192,283419	-11,305653	5,728286
113,800099	575,000494	524,723718	192,605037	-11,305845	5,731552
113,896681	575,483407	525,130551	192,859607	-11,305813	5,740226
113,993327	575,966636	525,571628	193,107491	-11,305590	5,745031
114,089899	576,449495	525,968363	193,344874	-11,302176	5,754849
114,186554	576,932770	526,397102	193,605393	-11,305526	5,761066
114,283218	577,416091	526,805233	193,863759	-11,305622	5,769638
114,379754	577,898772	527,215144	194,116871	-11,305749	5,777934
114,476411	578,382053	527,656609	194,394309	-11,305302	5,782701
114,572976	578,864878	528,046575	194,633096	-11,310152	5,793287
114,669654	579,348271	528,476602	194,901457	-11,305972	5,799370
114,766246	579,831228	528,893186	195,171480	-11,305909	5,806937
114,862871	580,314356	529,348709	195,441258	-11,305717	5,810084
114,959446	580,797230	529,717819	195,726531	-11,306706	5,823053
115,056070	581,280350	530,141089	195,949783	-11,307600	5,829876
115,152737	581,763687	530,590089	196,265570	-11,305271	5,833790
115,249338	582,246692	530,999462	196,500971	-11,305877	5,842184
115,345891	582,729454	531,418898	196,781680	-11,305685	5,849403
115,442540	583,212699	531,863615	197,033762	-11,306228	5,853796
115,539220	583,696100	532,291090	197,307775	-11,305590	5,860171
115,635757	584,178784	532,728626	197,578918	-11,306068	5,865318
115,732379	584,661897	533,146459	197,846952	-11,305845	5,872760
115,828995	585,144975	533,537876	198,058940	-11,305366	5,883209
115,925662	585,628308	533,989710	198,376554	-11,305653	5,886800
116,022195	586,110976	534,469730	198,668641	-11,305972	5,887102
116,118852	586,594260	534,867166	198,911363	-11,305717	5,896889
116,215459	587,077297	535,307784	199,165998	-11,305590	5,901724
116,312124	587,560620	535,735416	199,445417	-11,305526	5,908073
116,408694	588,043470	536,108664	199,681676	-11,305813	5,920568
116,505340	588,526700	536,528674	199,949870	-11,305622	5,927775
116,601880	589,009400	536,944201	200,204466	-11,305526	5,935433
116,698492	589,492458	537,339808	200,460959	-11,304952	5,945402
116,795112	589,975559	537,766511	200,711721	-11,305813	5,951831
116,891755	590,458774	538,173294	201,004900	-11,304632	5,960545
116,988413	590,942064	538,583875	201,269227	-11,305845	5,968834
117,084938	591,424692	539,026893	201,550701	-11,305877	5,973349
117,181610	591,908048	539,416431	201,791410	-11,305972	5,984044
117,278171	592,390854	539,817151	202,060944	-11,305622	5,993402
117,374814	592,874069	540,233304	202,290194	-11,303229	6,001047
117,471452	593,357262	540,641845	202,553272	-11,306674	6,009558
117,568011	593,840056	541,069175	202,824915	-11,305622	6,015880
117,664661	594,323305	541,522452	203,112272	-11,305526	6,019297
117,761311	594,806556	541,928742	203,354821	-11,305622	6,028071
117,857879	595,289396	542,367915	203,627617	-11,305302	6,033049
117,954513	595,772565	542,814242	203,897063	-11,305877	6,037249
118,051204	596,256020	543,253630	204,191510	-11,305941	6,042272
118,147763	596,738815	543,675340	204,459736	-11,305653	6,049236
118,244322	597,221610	544,086308	204,705559	-11,305334	6,057424
118,340995	597,704977	544,508906	205,000674	-11,305941	6,064352
118,437595	598,187975	544,925236	205,221939	-11,305239	6,071952
118,534222	598,671108	545,318298	205,487254	-11,305813	6,082220
118,630828	599,154138	545,745137	205,773988	-11,305366	6,088626
118,727393	599,636966	546,182488	206,061180	-11,305813	6,093811
118,824090	600,120449	546,607532	206,330736	-11,306132	6,100473
118,920631	600,603153	546,988280	206,560989	-11,305941	6,112096
119,017328	601,086642	547,382672	206,845039	-11,305590	6,122253
119,113873	601,569367	547,761850	207,075267	-11,305781	6,134057
119,210452	602,052261	548,190913	207,358333	-11,305462	6,140194
119,307158	602,535792	548,598051	207,609484	-11,305462	6,148902
119,403734	603,018672	549,026663	207,908227	-11,305526	6,155089
119,500311	603,501556	549,423956	208,174104	-11,305909	6,164846
119,596964	603,984818	549,887015	208,460434	-11,306164	6,167150
119,693530	604,467648	550,265962	208,710094	-11,307089	6,178992
119,790221	604,951106	550,693452	208,971877	-11,305462	6,185373
119,886796	605,433981	551,106400	209,254822	-11,306100	6,193344
119,983414	605,917071	551,510623	209,515858	-11,305462	6,202335
120,080029	606,400146	551,924465	209,776163	-11,305653	6,210228
120,176705	606,883524	552,339426	210,068333	-11,304696	6,218027
120,273313	607,366563	552,759308	210,375232	-11,305207	6,225227
120,369954	607,849771	553,133108	210,591950	-11,306036	6,237700
120,466555	608,332775	553,580058	210,896431	-11,305717	6,241810
120,563131	608,815656	554,003744	211,229192	-11,305781	6,248558
120,659717	609,298587	554,424298	211,502231	-11,305622	6,255669
120,756368	609,781838	554,864987	211,788806	-11,305941	6,260521
120,852990	610,264948	555,274582	212,049440	-11,305239	6,268902
120,949640	610,748200	555,714602	212,363319	-11,305207	6,273830
121,046214	611,231068	556,140083	212,649355	-11,305653	6,280372
121,142786	611,713930	556,557959	212,920391	-11,305845	6,287781
121,239397	612,196984	556,972035	213,191170	-11,305622	6,295644
121,336023	612,680113	557,371347	213,455749	-11,305590	6,305199
121,432681	613,163407	557,801533	213,773552	-11,306068	6,311254
121,529270	613,646352	558,193020	214,034049	-11,306355	6,321680
121,625913	614,129566	558,557887	214,270762	-11,305622	6,335171
121,722470	614,612350	558,964590	214,589682	-11,305685	6,343845
121,819113	615,095565	559,346688	214,865565	-11,305685	6,355372
121,915738	615,578689	559,721628	215,131210	-11,305334	6,367705
122,012278	616,061390	560,141091	215,467633	-11,301538	6,374914
122,108940	616,544700	560,484493	215,726581	-11,305972	6,390864
122,205604	617,028018	560,908435	216,025892	-11,305877	6,397633
122,302179	617,510893	561,316721	216,304037	-11,305558	6,406136
122,398853	617,994264	561,748948	216,604485	-11,305526	6,411966
122,495379	618,476896	562,178718	216,900869	-11,307951	6,417992
122,591997	618,959984	562,613190	217,211950	-11,305590	6,423535
122,688679	619,443397	563,060867	217,479551	-11,305622	6,427608
122,785207	619,926033	563,481924	217,773484	-11,305749	6,434628
122,881863	620,409316	563,907013	218,066441	-11,305653	6,441263
122,978475	620,892373	564,361640	218,389756	-11,305972	6,444504
123,075105	621,375527	564,757653	218,678386	-11,306387	6,454438
123,171763	621,858813	565,215199	218,984789	-11,305717	6,457372
123,268278	622,341390	565,659773	219,278824	-11,305972	6,461704
123,364931	622,824655	566,080861	219,577340	-11,305366	6,468793
123,461549	623,307743	566,497478	219,870846	-11,305366	6,476370
123,558480	623,792401	566,921709	220,152462	-11,305526	6,483259
123,654998	624,274992	567,310592	220,435239	-11,305877	6,493942
123,751707	624,758537	567,744679	220,713959	-11,305653	6,499580
123,848282	625,241408	568,135363	220,996211	-11,305622	6,510089
123,944857	625,724285	568,522919	221,279148	-11,305398	6,520956
124,041532	626,207658	568,936662	221,553049	-11,306355	6,528894
124,138108	626,690540	569,327810	221,860832	-11,305813	6,539351
124,234782	627,173911	569,742012	222,140370	-11,305207	6,547236
124,331308	627,656540	570,168752	222,439322	-11,305845	6,553608
124,427966	628,139828	570,543806	222,684435	-11,306100	6,565946
124,524609	628,623046	570,953999	222,988547	-11,305653	6,574271
124,621248	629,106238	571,370466	223,275801	-11,306642	6,581878
124,717775	629,588874	571,799919	223,552364	-11,305941	6,587941
124,814483	630,072416	572,228933	223,834824	-11,312768	6,594157
124,911090	630,555452	572,667802	224,149242	-11,305909	6,599192
125,007664	631,038319	573,115631	224,406533	-11,305590	6,603186
125,104263	631,521315	573,523631	224,721363	-11,305909	6,611736
125,200941	632,004707	573,930744	224,982156	-11,306355	6,620432
125,297557	632,487786	574,385313	225,272530	-11,307982	6,623682
125,394165	632,970827	574,784385	225,527825	-11,305877	6,633254
125,490790	633,453951	575,225095	225,828089	-11,306738	6,638090
125,587383	633,936915	575,653505	226,102039	-11,305877	6,644309
125,683941	634,419704	576,080133	226,386853	-11,305271	6,650711
125,780597	634,902984	576,504979	226,664774	-11,305685	6,657373
125,877131	635,385655	576,953339	226,943140	-11,305622	6,661284
125,973773	635,868867	577,356043	227,231418	-11,305877	6,670462
126,070484	636,352420	577,760322	227,508545	-11,305845	6,679499
126,167042	636,835211	578,133942	227,737845	-11,306292	6,691945
126,263617	637,318083	578,585474	228,057508	-11,306004	6,695517
126,360231	637,801153	579,004333	228,309238	-11,305590	6,702838
126,456913	638,284567	579,420515	228,599739	-11,305813	6,710502
126,553440	638,767201	579,821930	228,861353	-11,305813	6,719761
126,650131	639,250657	580,228728	229,152977	-11,306260	6,728500
126,746757	639,733787	580,592772	229,378829	-11,305526	6,742076
126,843334	640,216668	580,996678	229,675836	-11,305334	6,751079
126,939924	640,699619	581,403056	229,934981	-11,305526	6,759808
127,036548	641,182738	581,836314	230,241147	-11,306004	6,765492
127,133222	641,666109	582,283465	230,515129	-11,307025	6,769621
127,229755	642,148775	582,697041	230,786247	-11,305941	6,777498
127,326465	642,632326	583,128990	231,052847	-11,305622	6,783380
127,423042	643,115210	583,555800	231,349431	-11,305462	6,789773
127,519630	643,598151	583,951270	231,592109	-11,305845	6,799744
127,616241	644,081206	584,376983	231,864297	-11,306930	6,806281
127,712923	644,564613	584,781657	232,172129	-11,305494	6,815257
127,809457	645,047285	585,217919	232,425832	-11,305015	6,820548
127,906090	645,530449	585,639637	232,700767	-11,305653	6,827553
128,002677	646,013383	586,101905	233,022669	-11,305749	6,829908
128,099364	646,496822	586,462279	233,262357	-11,305526	6,843938
128,195898	646,979491	586,909343	233,547829	-11,306164	6,847997
128,292558	647,462789	587,310727	233,811549	-11,305749	6,857335
128,389202	647,946012	587,701371	234,098847	-11,305398	6,867889
128,485836	648,429179	588,117786	234,350709	-11,305845	6,875499
128,582420	648,912101	588,520549	234,600185	-11,306451	6,884637
128,678992	649,394962	588,929148	234,904149	-11,305302	6,893103
128,775671	649,878355	589,344256	235,168436	-11,305972	6,900887
128,872211	650,361057	589,741007	235,420663	-11,305590	6,910686
128,968816	650,844078	590,137546	235,695277	-11,306100	6,920545
129,065437	651,327185	590,551572	235,967737	-11,305622	6,928420
129,162084	651,810421	590,984207	236,263989	-11,305271	6,934188
129,258741	652,293703	591,358602	236,519172	-11,306451	6,946601
129,355265	652,776325	591,807173	236,791542	-11,306004	6,950483
129,451911	653,259556	592,199070	237,066240	-11,302910	6,960895
129,548561	653,742803	592,626832	237,352932	-11,305494	6,967221
129,632901	654,164503	592,972144	237,573822	-11,305398	6,975929
129,729552	654,647762	593,438029	237,852441	-11,305494	6,977910
129,826158	655,130790	593,848129	238,132442	-11,305845	6,986223
129,922794	655,613968	594,237850	238,397094	-11,305366	6,996877
130,019366	656,096828	594,695715	238,690228	-11,302718	6,999727
130,115978	656,579888	595,110341	238,948459	-11,305079	7,007528
130,212611	657,063056	595,534171	239,237523	-11,305653	7,014293
130,309216	657,546082	595,967430	239,509122	-11,306196	7,019966
130,405766	658,028828	596,377843	239,792702	-11,305590	7,028212
130,502480	658,512399	596,790063	240,069891	-11,309131	7,036346
130,599072	658,995358	597,177863	240,294068	-11,305398	7,047194
130,695699	659,478493	597,593699	240,558486	-11,305302	7,054867
130,792335	659,961676	598,025019	240,853950	-11,305972	7,060779
130,888877	660,444386	598,461960	241,158793	-11,305749	7,065997
130,985500	660,927502	598,869996	241,404287	-11,304186	7,074556
131,082121	661,410605	599,239036	241,627870	-11,305685	7,087559
131,178713	661,893567	599,667056	241,913084	-11,305334	7,093822
131,275333	662,376664	600,059442	242,162501	-11,305749	7,104163
131,371965	662,859826	600,481889	242,444123	-11,306100	7,111085
131,468621	663,343105	600,931711	242,752058	-11,305909	7,114899
131,565189	663,825947	601,322797	242,994802	-11,306004	7,125359
131,661762	664,308808	601,747762	243,294434	-11,306292	7,131959
131,758436	664,792181	602,157717	243,568398	-11,305717	7,140329
131,855084	665,275419	602,582939	243,830809	-11,305781	7,146943
131,951679	665,758394	603,031281	244,124223	-11,305079	7,150891
132,048346	666,241731	603,428054	244,403028	-11,305622	7,160759
132,144840	666,724198	603,850189	244,617633	-11,304664	7,167637
132,241547	667,207735	604,300380	244,935627	-11,305430	7,171438
132,338095	667,690476	604,741170	245,235719	-11,305302	7,176221
132,434686	668,173432	605,124775	245,468810	-11,306004	7,187547
132,531370	668,656848	605,557301	245,774238	-11,305111	7,193348
132,627942	669,139710	605,995005	246,041103	-11,305494	7,198496
132,724543	669,622715	606,362953	246,282100	-11,306164	7,211613
132,821201	670,106006	606,794187	246,563468	-11,310184	7,217547
132,917763	670,588816	607,194027	246,828364	-11,305781	7,227006
133,014414	671,072070	607,599044	247,098631	-11,305653	7,235925
133,111037	671,555186	608,037290	247,422863	-11,305334	7,241040
133,207723	672,038617	608,436060	247,649869	-11,305239	7,250691
133,304242	672,521208	608,872998	247,947972	-11,303388	7,255896
133,400934	673,004669	609,278760	248,208252	-11,305972	7,264754
133,497442	673,487208	609,728531	248,511446	-11,306100	7,268489
133,594147	673,970736	610,110538	248,761340	-11,305813	7,280063
133,690752	674,453758	610,508274	249,022938	-11,305909	7,289785
133,787302	674,936510	610,899966	249,291074	-11,305462	7,300166
133,883977	675,419883	611,304919	249,565278	-11,305909	7,309106
133,980507	675,902536	611,709891	249,830538	-11,305813	7,317962
134,077179	676,385896	612,129697	250,108664	-11,305909	7,325207
134,173810	676,869052	612,562544	250,387227	-11,305845	7,330942
134,270436	677,352179	613,010231	250,687558	-11,305877	7,334982
134,367010	677,835052	613,438855	250,931827	-11,305813	7,341166
134,463643	678,318216	613,814732	251,204197	-11,305685	7,353397
134,560212	678,801062	614,218245	251,442787	-11,305239	7,362441
134,656921	679,284607	614,599096	251,726344	-11,305366	7,374148
134,753447	679,767237	615,043069	252,001198	-11,305239	7,378555
134,850128	680,250642	615,473813	252,280470	-11,305622	7,384558
134,946687	680,733435	615,878975	252,522698	-11,305972	7,393408
135,043332	681,216660	616,301227	252,814789	-11,305813	7,400359
135,139894	681,699468	616,683517	253,056961	-11,305653	7,411818
135,236606	682,183028	617,111873	253,344067	-11,305558	7,418112
135,333199	682,665993	617,524301	253,628797	-11,306164	7,426153
135,429774	683,148870	617,925517	253,896870	-11,305462	7,435462
135,526390	683,631949	618,360900	254,185745	-11,305558	7,440900
135,622966	684,114828	618,764852	254,453285	-11,304824	7,449897
135,719608	684,598040	619,199381	254,754260	-11,305749	7,455447
135,816317	685,081587	619,646516	255,029456	-11,305653	7,459598
135,912925	685,564624	620,079293	255,284966	-11,305717	7,465328
136,009542	686,047711	620,439059	255,539746	-11,305430	7,479386
136,106035	686,530174	620,877272	255,823036	-11,305909	7,484431
136,202652	687,013258	621,282696	256,095299	-11,305334	7,493284
136,299337	687,496684	621,690838	256,376182	-11,305941	7,501867
136,395896	687,979482	622,144627	256,670126	-11,305111	7,505173
136,492528	688,462639	622,544271	256,970578	-11,305749	7,514694
136,589118	688,945592	622,921905	257,211848	-11,305430	7,526700
136,685828	689,429139	623,347890	257,476233	-11,306674	7,533262
136,782427	689,912133	623,726237	257,748301	-11,305813	7,545192
136,879059	690,395295	624,137651	258,013326	-11,305494	7,553371
136,975575	690,877876	624,537845	258,291407	-11,305972	7,562764
137,072284	691,361420	624,947278	258,559875	-11,305430	7,571212
137,168920	691,844598	625,315809	258,784392	-11,305430	7,584282
137,265461	692,327304	625,777677	259,087841	-11,305558	7,586657
137,362079	692,810395	626,196171	259,386112	-11,305398	7,594022
137,458723	693,293614	626,629080	259,677105	-11,305558	7,599757
137,555285	693,776423	627,054593	259,938641	-11,306228	7,606289
137,651953	694,259764	627,484852	260,231900	-11,305813	7,612340
137,748591	694,742953	627,886344	260,493607	-11,305781	7,621653
137,845113	695,225566	628,291232	260,771624	-11,305526	7,630514
137,941809	695,709047	628,648451	261,016933	-11,306004	7,644908
138,038340	696,191702	629,089600	261,331292	-11,305813	7,649640
138,134956	696,674779	629,468230	261,593109	-11,305653	7,661547
138,231642	697,158208	629,855204	261,807300	-11,305398	7,672543
138,328165	697,640825	630,288548	262,120853	-11,306515	7,678160
138,424888	698,124441	630,746670	262,406840	-11,306483	7,681066
138,521512	698,607562	631,149013	262,682297	-11,305685	7,690275
138,618112	699,090558	631,561730	262,967515	-11,305558	7,698286
138,714679	699,573397	631,985272	263,234045	-11,305781	7,705046
138,811322	700,056609	632,345595	263,494483	-11,306292	7,719056
138,907887	700,539435	632,803396	263,790326	-11,305972	7,721908
139,004562	701,022811	633,177490	264,047672	-11,305813	7,734367
139,101113	701,505564	633,614183	264,368849	-11,305590	7,739617
139,197742	701,988711	634,018936	264,629161	-11,306164	7,748554
139,294349	702,471747	634,453654	264,930221	-11,305845	7,754063
139,390973	702,954867	634,874664	265,205847	-11,305366	7,761143
139,487624	703,438118	635,286693	265,482840	-11,305398	7,769262
139,584217	703,921084	635,703475	265,782858	-11,305366	7,776807
139,680851	704,404253	636,127487	266,041384	-11,305207	7,783551
139,777460	704,887300	636,556930	266,333648	-11,306292	7,789662
139,874124	705,370620	636,924240	266,593511	-11,305622	7,802887
139,970686	705,853428	637,350578	266,895950	-11,305143	7,809325
140,067229	706,336147	637,776266	267,144112	-11,305972	7,815826
140,163871	706,819356	638,186438	267,417852	-11,305494	7,824153
140,260509	707,302543	638,584470	267,715764	-11,306866	7,833860
140,357120	707,785599	639,018570	267,985948	-11,305526	7,839441
140,453762	708,268810	639,408990	268,244467	-11,306100	7,850020
140,550328	708,751638	639,845169	268,530876	-11,305653	7,855337
140,646972	709,234860	640,257718	268,798409	-11,306770	7,863394
140,743541	709,717707	640,668714	269,096847	-11,304473	7,871585
140,840245	710,201225	641,060806	269,375015	-11,305653	7,882008
140,936818	710,684090	641,470949	269,656406	-11,305494	7,890298
141,033475	711,167375	641,872553	269,941717	-11,305845	7,899610
141,130004	711,650018	642,282070	270,211185	-11,305526	7,907946
141,226649	712,133243	642,683722	270,471324	-11,306004	7,917245
141,323324	712,616619	643,126198	270,776993	-11,305462	7,921908
141,419892	713,099461	643,588993	271,067285	-11,305972	7,924193
141,516561	713,582807	644,031079	271,374273	-11,305781	7,928897
141,613125	714,065624	644,482889	271,675414	-11,305685	7,932432
141,709783	714,548916	644,908575	271,953518	-11,305590	7,938999
141,806378	715,031889	645,309484	272,212541	-11,305685	7,948354
141,902937	715,514685	645,669150	272,477577	-11,305653	7,962391
141,999618	715,998091	646,069655	272,744906	-11,305143	7,971842
142,096249	716,481247	646,463643	273,013600	-11,305462	7,982007
142,192826	716,964128	646,877053	273,269029	-11,305558	7,989927
142,289415	717,447074	647,276278	273,557631	-11,306962	7,999471
142,386021	717,930104	647,648911	273,808129	-11,305366	8,012056
142,482683	718,413414	648,078863	274,091098	-11,305909	8,018139
142,579346	718,896731	648,480644	274,391441	-11,305813	8,027434
142,675924	719,379618	648,914262	274,686411	-11,305685	8,033051
142,772543	719,862717	649,318126	274,953733	-11,305653	8,042083
142,869076	720,345379	649,750898	275,272069	-11,305813	8,047771
142,965744	720,828720	650,163164	275,547912	-11,304888	8,055873
143,062288	721,311440	650,576359	275,812822	-11,306579	8,063799
143,158919	721,794594	651,005154	276,107856	-11,305941	8,069996
143,255538	722,277690	651,399446	276,377809	-11,305590	8,080120
143,352206	722,761028	651,824008	276,666515	-11,305653	8,086820
143,448768	723,243839	652,226703	276,953566	-11,305781	8,095954
143,545457	723,727284	652,609331	277,187958	-11,304090	8,107447
143,642113	724,210564	653,006884	277,461505	-11,305717	8,117219
143,738637	724,693187	653,433361	277,755882	-11,305494	8,123620
143,835281	725,176405	653,892381	278,051384	-11,306004	8,126379
143,931854	725,659270	654,311919	278,365390	-11,305558	8,133598
144,028463	726,142313	654,694676	278,622591	-11,306228	8,145031
144,125126	726,625629	655,086716	278,866561	-11,305302	8,155436
144,221708	727,108540	655,518078	279,145256	-11,306260	8,161313
144,318328	727,591642	655,928692	279,418593	-11,305143	8,169576
144,414981	728,074903	656,317873	279,689585	-11,305462	8,180301
144,511903	728,559513	656,782530	279,995748	-11,306100	8,182576
144,608426	729,042132	657,188257	280,283120	-11,305558	8,191342
144,705066	729,525330	657,578423	280,530638	-11,305685	8,201947
144,801620	730,008100	657,988497	280,810542	-11,305590	8,210235
144,898291	730,491456	658,391367	281,060324	-11,305430	8,219410
144,994913	730,974563	658,778447	281,363087	-11,305366	8,230357
145,091517	731,457587	659,204421	281,644060	-11,305462	8,236861
145,188136	731,940681	659,580930	281,897696	-11,305781	8,249012
145,284707	732,423534	659,998598	282,186479	-11,305653	8,256443
145,381394	732,906970	660,413131	282,455102	-11,305079	8,264298
145,477929	733,389646	660,823849	282,712594	-11,305558	8,272501
145,574593	733,872963	661,201590	282,979776	-11,305590	8,284536
145,671147	734,355736	661,647858	283,234904	-11,305430	8,288698
145,767772	734,838859	662,066801	283,543431	-11,306292	8,296015
145,864361	735,321806	662,454569	283,792955	-11,310088	8,306865
145,960990	735,804952	662,892112	284,066041	-11,306004	8,312064
146,057630	736,288148	663,338280	284,361063	-11,305622	8,316285
146,154301	736,771505	663,742868	284,605426	-11,305781	8,325265
146,250940	737,254700	664,161055	284,893686	-11,305717	8,332676
146,347511	737,737557	664,529735	285,124826	-11,304888	8,345692
146,444148	738,220738	664,941191	285,418577	-11,305717	8,353868
146,540787	738,703933	665,366024	285,685029	-11,305749	8,360522
146,637314	739,186568	665,774146	285,965781	-11,306036	8,369016
146,733971	739,669855	666,227321	286,250663	-11,305239	8,372449
146,830596	740,152978	666,636860	286,508949	-11,305430	8,380837
146,927122	740,635608	667,067021	286,815487	-11,305813	8,386819
147,023782	741,118908	667,477299	287,089888	-11,305526	8,395143
147,120432	741,602160	667,886248	287,346248	-11,306068	8,403614
147,217040	742,085199	668,331667	287,587344	-11,305877	8,407903
147,313661	742,568304	668,763991	287,895842	-11,304888	8,413692
147,410198	743,050989	669,174616	288,155129	-11,305972	8,421906
147,506924	743,534622	669,560821	288,394539	-11,305271	8,433013
147,603515	744,017573	669,997540	288,651473	-11,305366	8,438284
147,700041	744,500204	670,379045	288,921078	-11,305047	8,449812
147,796702	744,983509	670,797711	289,201504	-11,305653	8,457181
147,893375	745,466877	671,133301	289,374824	-11,305749	8,474028
147,989920	745,949598	671,571725	289,670436	-11,306036	8,479077
148,086540	746,432701	672,012222	289,970401	-11,305781	8,483935
148,183149	746,915744	672,422176	290,210812	-11,307823	8,492267
148,279837	747,399183	672,786176	290,424443	-11,305717	8,505883
148,376356	747,881782	673,245343	290,725021	-11,305685	8,508554
148,473031	748,365155	673,663542	290,981976	-11,305526	8,515984
148,569673	748,848366	674,102616	291,275117	-11,306036	8,521016
148,666188	749,330939	674,527450	291,520724	-11,309450	8,527598
148,762847	749,814233	674,948237	291,798131	-11,305175	8,534724
148,859504	750,297521	675,350473	292,048767	-11,305558	8,543963
148,956160	750,780798	675,793759	292,294079	-11,304601	8,548522
149,052686	751,263430	676,215775	292,550666	-11,305494	8,555433
149,149293	751,746467	676,632156	292,802390	-11,305494	8,563031
149,245932	752,229662	677,050382	293,056628	-11,305398	8,570438
149,342563	752,712813	677,491991	293,370996	-11,305366	8,575174
149,439135	753,195677	677,913456	293,599377	-11,305781	8,582173
149,535776	753,678882	678,278722	293,803544	-11,305366	8,595618
149,632425	754,162127	678,699113	294,095254	-11,305909	8,602784
149,729069	754,645344	679,048103	294,271742	-11,305653	8,618085
149,825609	755,128046	679,440432	294,539448	-11,305462	8,628388
149,922285	755,611424	679,847077	294,789624	-11,305398	8,637136
150,018812	756,094061	680,258063	295,026419	-11,305430	8,645304
150,115461	756,577305	680,684277	295,296363	-11,305590	8,651805
150,212110	757,060548	681,129127	295,596220	-11,305877	8,656182
150,308636	757,543180	681,559947	295,843086	-11,305717	8,662089
150,405269	758,026344	681,973104	296,103057	-11,305494	8,670069
150,501961	758,509803	682,398999	296,358631	-11,308493	8,676632
150,598503	758,992513	682,735291	296,574817	-11,305749	8,693323
150,695186	759,475928	683,129474	296,815850	-11,305781	8,703496
150,791762	759,958808	683,523913	297,039140	-11,305685	8,713578
150,888404	760,442020	683,938808	297,293487	-11,305653	8,721366
150,984963	760,924815	684,394140	297,569678	-11,303899	8,724497
151,081593	761,407964	684,794120	297,827205	-11,306164	8,733978
151,178276	761,891382	685,193221	298,066991	-11,305558	8,743590
151,274882	762,374408	685,620733	298,337823	-11,305813	8,749919
151,371427	762,857136	685,976073	298,553874	-11,305302	8,764441
151,468060	763,340300	686,414547	298,824664	-11,303994	8,769536
151,564636	763,823179	686,815586	299,087151	-11,305685	8,778866
151,661269	764,306344	687,217564	299,301771	-11,305909	8,788121
151,757947	764,789736	687,615938	299,584689	-11,305366	8,797813
151,854585	765,272927	688,068630	299,847804	-11,305366	8,801290
151,951166	765,755832	688,488422	300,103079	-11,305462	8,808485
152,047768	766,238839	688,898478	300,362243	-11,305717	8,816801
152,144344	766,721722	689,286981	300,575860	-11,305111	8,827560
152,240975	767,204876	689,701416	300,838895	-11,305207	8,835394
152,337621	767,688103	690,114066	301,068345	-11,305271	8,843440
152,434178	768,170888	690,490842	301,323525	-11,305430	8,855525
152,530870	768,654348	690,881280	301,589030	-11,306132	8,866130
152,627382	769,136910	691,282204	301,809464	-11,305622	8,875437
152,724033	769,620165	691,672474	302,086882	-11,305398	8,886037
152,820637	770,103186	692,069593	302,287059	-11,304154	8,895830
152,917280	770,586402	692,473108	302,562140	-11,305653	8,904915
153,013919	771,069596	692,890978	302,840186	-11,305047	8,912362
153,110553	771,552766	693,317749	303,116601	-11,306100	8,918792
153,207147	772,035736	693,767750	303,398737	-11,305175	8,922550
153,303790	772,518950	694,225066	303,672809	-11,308046	8,925503
153,400321	773,001607	694,679467	303,913783	-11,304856	8,928724
153,497011	773,485053	695,106839	304,197921	-11,305781	8,935116
153,593620	773,968100	695,524921	304,476754	-11,305685	8,942522
153,690161	774,450804	695,950543	304,751890	-11,305717	8,949030
153,786835	774,934173	696,356635	305,009782	-11,303835	8,957839
153,883492	775,417459	696,756160	305,265818	-11,305111	8,967388
153,979999	775,899993	697,089501	305,469256	-11,306004	8,984396
154,076669	776,383347	697,462231	305,730769	-11,305590	8,997007
154,173319	776,866594	697,829981	305,955302	-11,306036	9,010174
154,269901	777,349503	698,215510	306,231930	-11,305430	9,021275
154,366476	777,832381	698,624285	306,519326	-11,305749	9,029723
154,463116	778,315578	699,031043	306,766992	-11,305685	9,038437
154,559772	778,798862	699,412109	307,030476	-11,305781	9,050090
154,656349	779,281744	699,824622	307,305416	-11,305653	9,058112
154,752996	779,764982	700,227605	307,570469	-11,305271	9,067261
154,849586	780,247929	700,582348	307,790987	-11,080342	9,081876
154,946242	780,731208	701,022964	308,119559	-10,904260	9,086740
155,042768	781,213842	701,477966	308,420343	-10,845971	9,089890
155,139428	781,697139	701,897935	308,688068	-10,844662	9,097109
155,236015	782,180076	702,335249	308,977107	-10,800123	9,102310
155,332596	782,662980	702,756427	309,256949	-10,792434	9,109347
155,429302	783,146509	703,148708	309,502597	-10,732741	9,119749
155,525894	783,629472	703,556739	309,760613	-10,659137	9,128292
155,622551	784,112754	703,950222	310,051176	-10,630231	9,138529
155,719084	784,595422	704,356267	310,299524	-10,624105	9,147264
155,815685	785,078426	704,750723	310,567805	-10,570824	9,157358
155,912287	785,561436	705,164810	310,864267	-10,538664	9,165215
156,008993	786,044965	705,540640	311,113480	-10,519139	9,177493
156,105518	786,527591	705,928807	311,371618	-10,500347	9,188261
156,202192	787,010962	706,329770	311,663893	-10,449267	9,197656
156,298767	787,493834	706,700444	311,920849	-10,422244	9,210447
156,395406	787,977030	707,113324	312,205978	-10,372760	9,218462
156,492053	788,460263	707,499104	312,485129	-10,356201	9,229572
156,588593	788,942966	707,872145	312,738822	-10,348449	9,242074
156,685207	789,426034	708,276000	313,022060	-10,333134	9,251104
156,781845	789,909225	708,642485	313,303216	-10,307132	9,264408
156,878451	790,392255	709,120530	313,615054	-10,293254	9,264977
156,975115	790,875576	709,499395	313,893420	-10,279056	9,276885
157,071673	791,358367	709,866883	314,157563	-10,268846	9,290029
157,168371	791,841854	710,204512	314,431539	-10,234006	9,306657
157,264995	792,324974	710,593042	314,713514	-10,216778	9,317440
157,361569	792,807846	710,961980	314,980124	-10,205803	9,330429
157,458191	793,290954	711,317939	315,237556	-10,204590	9,344924
157,554827	793,774135	711,657036	315,503675	-10,190425	9,361349
157,651421	794,257107	711,999808	315,809621	-10,163625	9,377332
157,748014	794,740069	712,389849	316,109592	-10,148598	9,387925
157,844666	795,223332	712,806626	316,381151	-10,135580	9,395504
157,941305	795,706526	713,186459	316,669634	-10,121223	9,407288
158,037845	796,189227	713,614262	316,947796	-10,102655	9,413546
158,134525	796,672626	714,037535	317,288892	-10,092254	9,420400
158,231077	797,155383	714,476144	317,604324	-10,076525	9,425433
158,327772	797,638859	714,880996	317,916987	-10,066666	9,434396
158,424339	798,121696	715,316254	318,206970	-10,048768	9,439820
158,520915	798,604577	715,733280	318,552087	-10,033709	9,447328
158,617538	799,087692	716,102376	318,807932	-10,012875	9,460326
158,714129	799,570645	716,470585	319,044540	-9,997242	9,473407
158,810798	800,053991	716,840193	319,348864	-9,981194	9,486373
158,907402	800,537012	717,205945	319,638067	-9,973249	9,499742
159,003997	801,019986	717,592059	319,946469	-9,959690	9,510784
159,100657	801,503287	717,959924	320,226025	-9,951682	9,523943
159,197216	801,986081	718,350897	320,524779	-9,934645	9,534411
159,293875	802,469377	718,753100	320,860797	-9,932794	9,543656
159,390434	802,952168	719,095455	321,119255	-9,922585	9,559665
159,487122	803,435611	719,504576	321,424126	-9,903442	9,568138
159,583649	803,918245	719,897502	321,771284	-9,891669	9,578365
159,680332	804,401658	720,253883	321,994933	-9,880343	9,592846
159,776960	804,884801	720,666303	322,300890	-9,876961	9,600909
159,873502	805,367511	721,067783	322,613458	-9,864646	9,610169
159,970127	805,850635	721,405729	322,888510	-9,854053	9,626719
160,066765	806,333826	721,789205	323,166289	-9,844673	9,638087
160,163389	806,816946	722,147098	323,455939	-9,841834	9,652363
160,260015	807,300075	722,573174	323,773460	-9,830029	9,658867
160,356572	807,782860	722,969780	324,101474	-9,820139	9,668691
160,453268	808,266342	723,365505	324,401811	-9,809674	9,678695
160,549883	808,749414	723,754399	324,701215	-9,795987	9,689432
160,646474	809,232372	724,175355	325,047449	-9,788170	9,696500
160,743057	809,715284	724,515578	325,314136	-9,782842	9,712766
160,839717	810,198585	724,946670	325,616226	-9,779333	9,718718
160,936257	810,681283	725,309375	325,876256	-9,770335	9,732398
161,032881	811,164407	725,730925	326,230405	-9,761211	9,739417
161,129541	811,647703	726,104218	326,514848	-9,747619	9,751957
161,226084	812,130420	726,496768	326,823263	-9,738526	9,762236
161,322720	812,613601	726,907435	327,124805	-9,728827	9,770503
161,419432	813,097162	727,329814	327,430899	-9,716608	9,777478
161,516037	813,580186	727,769630	327,779914	-9,708791	9,782403
161,612640	814,063198	728,200100	328,081172	-9,702410	9,788393
161,709178	814,545889	728,588013	328,352038	-9,692679	9,799198
161,805825	815,029127	728,985348	328,668564	-9,683778	9,808991
161,902415	815,512077	729,355232	328,948305	-9,675323	9,821880
161,999106	815,995530	729,698345	329,218441	-9,669102	9,837879
162,095633	816,478163	730,076531	329,502720	-9,665911	9,849786
162,192272	816,961360	730,474678	329,815523	-9,650438	9,859482
162,288854	817,444270	730,852238	330,098172	-9,651873	9,871492
162,385510	817,927552	731,227996	330,388111	-9,645301	9,883749
162,482088	818,410439	731,632656	330,675067	-9,639048	9,892667
162,578748	818,893738	732,030476	330,964746	-9,635698	9,902412
162,675316	819,376582	732,475542	331,258063	-9,627658	9,906719
162,771959	819,859794	732,944947	331,578068	-9,617799	9,908293
162,868632	820,343161	733,346316	331,849441	-9,608706	9,917640
162,965254	820,826271	733,802281	332,137461	-9,602198	9,920735
163,061823	821,309113	734,251183	332,422499	-9,596646	9,924604
163,158416	821,792081	734,689122	332,747685	-9,587426	9,929737
163,255043	822,275214	735,068167	333,003941	-9,582002	9,941603
163,351702	822,758511	735,438298	333,229382	-9,575813	9,954504
163,448270	823,241348	735,832082	333,494514	-9,572654	9,964656
163,544941	823,724705	736,201815	333,762372	-9,560275	9,977610
163,641487	824,207435	736,542903	334,043449	-9,554692	9,993757
163,738177	824,690886	736,912233	334,311052	-9,549140	10,006766
163,834688	825,173440	737,240526	334,542144	-9,539728	10,024352
163,931362	825,656811	737,678515	334,863786	-9,534751	10,029526
164,027948	826,139742	738,047476	335,106260	-9,528019	10,042518
164,124591	826,622953	738,465575	335,416695	-9,521638	10,049941
164,221198	827,105989	738,863974	335,670094	-9,513822	10,059590
164,317836	827,589182	739,305329	335,950393	-9,509578	10,064359
164,414409	828,072045	739,755447	336,224978	-9,498316	10,068092
164,510985	828,554924	740,142249	336,504339	-9,494424	10,079045
164,607664	829,038318	740,581429	336,823593	-9,489734	10,084085
164,704306	829,521531	741,025472	337,122307	-9,481981	10,088551
164,800864	830,004320	741,477365	337,421918	-9,478344	10,092073
164,897481	830,487407	741,898987	337,733142	-9,473239	10,099080
164,994177	830,970883	742,285968	337,969799	-9,464082	10,110080
165,090686	831,453428	742,708583	338,245658	-9,457765	10,116912
165,187380	831,936898	743,119061	338,507143	-9,450650	10,125233
165,283930	832,419651	743,547036	338,767704	-9,444812	10,131478
165,380639	832,903197	743,897854	339,049910	-9,437506	10,146609
165,477234	833,386169	744,291665	339,303382	-9,432146	10,156774
165,573751	833,868757	744,686428	339,576673	-9,426945	10,166785
165,670426	834,352128	745,089729	339,848813	-9,421649	10,175914
165,766987	834,834934	745,513060	340,153303	-9,413992	10,182694
165,863657	835,318286	745,933901	340,446612	-9,408504	10,189820
165,960221	835,801103	746,344437	340,736260	-9,403240	10,198060
166,056912	836,284559	746,792252	341,017692	-9,397050	10,202123
166,153488	836,767439	747,237812	341,314377	-9,394594	10,206377
166,250132	837,250658	747,662030	341,589859	-9,387096	10,213104
166,346740	837,733698	748,031327	341,832518	-9,379120	10,226070
166,443315	838,216577	748,347760	342,060131	-9,375515	10,245045
166,539906	838,699528	748,709983	342,332390	-9,371591	10,258808
166,636548	839,182739	749,055213	342,604866	-9,366294	10,274538
166,733150	839,665751	749,464418	342,887353	-9,358478	10,282952
166,829733	840,148667	749,880790	343,210603	-9,355096	10,290538
166,926360	840,631802	750,304563	343,509463	-9,350023	10,297305
167,023024	841,115119	750,684657	343,780522	-9,348715	10,309073
167,119614	841,598068	751,089405	344,018542	-9,343770	10,317988
167,216273	842,081364	751,486594	344,323743	-9,337133	10,327804
167,312909	842,564545	751,854589	344,580191	-9,332412	10,340935
167,409493	843,047464	752,262893	344,872156	-9,328136	10,349441
167,506086	843,530429	752,714509	345,157049	-9,321596	10,353015
167,602716	844,013579	753,149595	345,439424	-9,316906	10,358494
167,699372	844,496862	753,607977	345,720876	-9,310972	10,361333
167,795965	844,979824	754,051437	346,001178	-9,307111	10,365836
167,892587	845,462937	754,469380	346,270994	-9,301400	10,373265
167,989230	845,946151	754,964973	346,616161	-9,297795	10,371854
168,085746	846,428731	755,361349	346,885496	-9,293775	10,381682
168,182437	846,912187	755,746011	347,139340	-9,295657	10,392944
168,279007	847,395035	756,085785	347,384524	-9,285863	10,409254
168,375581	847,877904	756,487327	347,650414	-9,279960	10,418526
168,472186	848,360929	756,882684	347,937918	-9,276259	10,428520
168,568902	848,844510	757,185445	348,164407	-9,269495	10,449133
168,665451	849,327257	757,594228	348,450751	-9,264423	10,457565
168,762125	849,810627	758,016414	348,733669	-9,262668	10,464540
168,858731	850,293656	758,348522	348,964000	-9,256861	10,481745
168,955319	850,776594	758,706931	349,217083	-9,254756	10,495942
169,051882	851,259409	759,117696	349,523181	-9,249683	10,504155
169,148571	851,742856	759,505213	349,765092	-9,248438	10,515091
169,245139	852,225693	759,855644	350,020192	-9,244386	10,530186
169,341724	852,708622	760,248298	350,263450	-9,238293	10,540477
169,438382	853,191908	760,650901	350,554484	-9,233858	10,549675
169,535063	853,675314	761,114423	350,835949	-9,224574	10,551942
169,631682	854,158408	761,515489	351,126731	-9,221830	10,561293
169,728254	854,641271	761,965030	351,428648	-9,214811	10,565092
169,824887	855,124437	762,483130	351,772641	-9,211174	10,561109
169,921423	855,607117	762,954224	352,076122	-9,205686	10,562430
170,018029	856,090147	763,411292	352,345013	-9,202081	10,565389
170,114702	856,573509	763,822255	352,598652	-9,198444	10,573643
170,211309	857,056544	764,121559	352,796780	-9,195796	10,594588
170,307960	857,539800	764,440270	353,025383	-9,190468	10,613346
170,404514	858,022571	764,800548	353,303789	-9,188107	10,627311
170,501187	858,505936	765,226411	353,580593	-9,174866	10,633866
170,597746	858,988728	765,630153	353,841010	-9,169219	10,642878
170,694416	859,472081	765,998377	354,083906	-9,161498	10,656002
170,790993	859,954965	766,403804	354,352036	-9,157638	10,664832
170,887569	860,437844	766,825894	354,606967	-9,156744	10,671762
170,984194	860,920969	767,240865	354,874167	-9,150427	10,679532
171,080813	861,404064	767,678277	355,163642	-9,147588	10,684740
171,177399	861,886997	768,089862	355,445147	-9,141398	10,692873
171,274090	862,370449	768,523661	355,691625	-9,138112	10,698534
171,370698	862,853489	768,932552	355,976518	-9,136549	10,706987
171,467338	863,336690	769,260385	356,202288	-9,124999	10,724699
171,563871	863,819356	769,642309	356,478522	-9,126435	10,736183
171,660482	864,302411	770,031660	356,740649	-9,120724	10,746866
171,757158	864,785791	770,400940	356,981626	-9,116544	10,759873
171,853689	865,268447	770,810003	357,255783	-9,111344	10,768263
171,950367	865,751835	771,241986	357,530611	-9,109717	10,774123
172,046926	866,234628	771,677710	357,795427	-9,108313	10,779489
172,143630	866,718148	772,091746	358,061597	-9,100496	10,787410
172,240254	867,201270	772,539344	358,360714	-9,091499	10,791459
172,336780	867,683898	772,907676	358,618453	-9,091052	10,804489
172,433402	868,167010	773,324601	358,891637	-9,085948	10,812035
172,530059	868,650293	773,730695	359,163902	-9,083523	10,820834
172,626653	869,133266	774,150241	359,418203	-9,085820	10,828065
172,723313	869,616565	774,501821	359,668859	-9,081513	10,843081
172,819930	870,099651	774,864301	359,902236	-9,075387	10,856830
172,916517	870,582583	775,255498	360,174007	-9,067858	10,867288
173,013160	871,065798	775,668247	360,426454	-9,063742	10,875321
173,109693	871,548467	776,031748	360,711838	-9,059180	10,888906
173,206397	872,031983	776,466554	360,980851	-9,054203	10,894459
173,302996	872,514978	776,920149	361,274619	-9,055096	10,897811
173,399622	872,998108	777,359208	361,571782	-9,047375	10,902835
173,496218	873,481091	777,794839	361,844852	-9,043738	10,908233
173,592819	873,964093	778,150412	362,069297	-9,043195	10,922760
173,689461	874,447304	778,543289	362,342802	-9,038091	10,933058
173,785989	874,929945	778,943147	362,605848	-9,035506	10,942495
173,882699	875,413494	779,387271	362,904999	-9,029923	10,946989
173,979245	875,896227	779,715182	363,129638	-9,026733	10,964639
174,075913	876,379563	780,150119	363,421953	-9,021819	10,970157
174,172520	876,862600	780,614516	363,715846	-9,020926	10,972282
174,269095	877,345477	781,012940	363,997008	-9,015598	10,981909
174,365772	877,828860	781,379429	364,185958	-9,006409	10,995235
174,462343	878,311713	781,819396	364,495942	-9,000730	11,000124
174,558999	878,794995	782,190819	364,705770	-8,996232	11,012876
174,655519	879,277594	782,561809	364,954422	-8,996327	11,025599
174,752176	879,760878	782,914755	365,197615	-8,989723	11,040458
174,848752	880,000000	783,307129	365,458283	-8,988766	11,022987
174,945463	880,000000	783,766992	365,745506	-8,985607	10,970563
175,042063	880,000000	784,158979	365,971190	-8,976291	10,925876
175,138595	880,000000	784,385239	366,042481	-8,973260	10,900083
175,235266	880,000000	784,546828	366,175752	-8,967167	10,881662
175,331859	880,000000	784,520862	366,158951	-8,970612	10,884622
175,428472	880,000000	784,406336	366,127620	-8,973516	10,897678
175,525100	880,000000	784,290190	366,115360	-8,970293	10,910918
175,621753	880,000000	784,189811	366,165989	-8,968666	10,922362
175,718381	880,000000	784,121193	366,199136	-8,970134	10,930184
175,814905	880,000000	784,090825	366,263387	-8,966656	10,933646
175,911263	880,000000	784,118411	366,331496	-8,967039	10,930501
176,007918	880,000000	784,149474	366,368956	-8,973898	10,926960
176,104574	880,000000	784,154342	366,388254	-8,976483	10,926405
176,201148	880,000000	784,155965	366,401421	-8,972782	10,926220
176,297787	880,000000	784,208820	366,421173	-8,970006	10,920195
176,394422	880,000000	784,118411	366,357832	-8,974026	10,930501
176,490985	880,000000	784,117715	366,347842	-8,972750	10,930580
176,587587	880,000000	784,221802	366,447508	-8,974887	10,918715
176,684284	880,000000	784,243825	366,489735	-8,977089	10,916204
176,780803	880,000000	784,258430	366,506307	-8,979546	10,914539
176,877457	880,000000	784,248230	366,482470	-8,974792	10,915702
176,974034	880,000000	784,194215	366,442967	-8,975940	10,921859
177,070695	880,000000	784,093375	366,407551	-8,971314	10,933355
177,167245	880,000000	784,067643	366,407324	-8,973867	10,936289
177,263919	880,000000	784,061153	366,397562	-8,975589	10,937029
177,360473	880,000000	784,061848	366,396881	-8,979801	10,936949
177,457147	880,000000	784,128379	366,431162	-8,976929	10,929365
177,553675	880,000000	784,142520	366,440470	-8,984012	10,927753
177,650371	880,000000	784,180074	366,437292	-8,983629	10,923472
177,746996	880,000000	784,238725	366,470210	-8,978716	10,916785
177,843651	880,000000	784,247071	366,492686	-8,982417	10,915834
177,940227	880,000000	784,238493	366,488372	-8,990170	10,916812
178,036786	880,000000	784,245216	366,500178	-8,983661	10,916045
178,133461	880,000000	784,225279	366,478383	-8,978301	10,918318
178,230023	880,000000	784,173352	366,483151	-8,977536	10,924238
178,326670	880,000000	784,221106	366,535821	-8,977695	10,918794
178,423263	880,000000	784,220875	366,540134	-8,983629	10,918820
178,519883	880,000000	784,252866	366,576912	-8,978493	10,915173
178,616452	880,000000	784,214152	366,541496	-8,982736	10,919587
178,713084	880,000000	784,188420	366,523334	-8,984969	10,922520
178,809777	880,000000	784,194215	366,563972	-8,980917	10,921859
178,906304	880,000000	784,128147	366,510621	-8,985703	10,929391
179,002977	880,000000	784,220411	366,562836	-8,988511	10,918873
179,099553	880,000000	784,186102	366,528329	-8,985927	10,922784
179,196253	880,000000	784,273498	366,613689	-8,982640	10,912821
179,292776	880,000000	784,369707	366,666131	-8,987235	10,901853
179,389383	880,000000	784,398222	366,672488	-8,986341	10,898603
179,486009	880,000000	784,385935	366,643883	-8,987171	10,900003
179,582626	880,000000	784,386630	366,670444	-8,984108	10,899924
179,679227	880,000000	784,362288	366,662499	-8,985639	10,902699
179,775911	880,000000	784,249852	366,621181	-8,986692	10,915517
179,872434	880,000000	784,228293	366,586674	-8,988638	10,917975
179,969068	880,000000	784,196765	366,594847	-8,984204	10,921569
180,065752	880,000000	784,168715	366,593484	-8,982066	10,924766
180,162378	880,000000	784,158979	366,574188	-8,979705	10,925876
180,258914	880,000000	784,269789	366,637981	-8,983629	10,913244
180,355611	880,000000	784,342119	366,679298	-8,983087	10,904998
180,452169	880,000000	784,441342	366,746496	-8,981811	10,893687
180,548836	880,000000	784,436938	366,710627	-8,978461	10,894189
180,645412	880,000000	784,487709	366,751717	-8,980184	10,888401
180,742069	880,000000	784,504402	366,766019	-8,982002	10,886498
180,838699	880,000000	784,460585	366,741274	-8,978557	10,891493
180,935230	880,000000	784,444820	366,744906	-8,977376	10,893291
181,031806	880,000000	784,351624	366,673623	-8,977950	10,903915
181,128530	880,000000	784,294363	366,634575	-8,975526	10,910443
181,225084	880,000000	784,326355	366,720389	-8,973547	10,906796
181,321729	880,000000	784,351856	366,731512	-8,980630	10,903888
181,418319	880,000000	784,417000	366,778278	-8,984555	10,896462
181,514980	880,000000	784,408654	366,757165	-8,980407	10,897413
181,611536	880,000000	784,418391	366,734464	-8,977057	10,896303
181,708143	880,000000	784,391035	366,728334	-8,972846	10,899422
181,804837	880,000000	784,366229	366,679752	-8,976004	10,902250
181,901394	880,000000	784,326355	366,699049	-8,977153	10,906796
181,998074	880,000000	784,276280	366,645472	-8,980120	10,912504
182,094636	880,000000	784,244752	366,614824	-8,972814	10,916098
182,191293	880,000000	784,257039	366,604608	-8,974441	10,914698
182,287906	880,000000	784,357652	366,692692	-8,971410	10,903228
182,384478	880,000000	784,437865	366,739458	-8,973675	10,894083
182,481148	880,000000	784,472872	366,710173	-8,973739	10,890093
182,577673	880,000000	784,476349	366,763068	-8,976547	10,889696
182,674275	880,000000	784,499997	366,751263	-8,969783	10,887000
182,770978	880,000000	784,483304	366,741501	-8,967741	10,888903
182,867536	880,000000	784,382225	366,682476	-8,963466	10,900426
182,964170	880,000000	784,413059	366,718118	-8,967390	10,896911
183,060727	880,000000	784,426969	366,747858	-8,967773	10,895326
183,157418	880,000000	784,409350	366,746723	-8,967422	10,897334
183,253964	880,000000	784,465453	366,771013	-8,966337	10,890938
183,350647	880,000000	784,460585	366,750128	-8,964199	10,891493
183,447188	880,000000	784,455948	366,724021	-8,963498	10,892022
183,543817	880,000000	784,448761	366,696552	-8,959158	10,892841
183,640460	880,000000	784,431374	366,701319	-8,959318	10,894823
183,737083	880,000000	784,489332	366,748766	-8,959446	10,888216
183,833741	880,000000	784,578358	366,794396	-8,957850	10,878067
183,930334	880,000000	784,533149	366,726745	-8,959860	10,883221
184,026942	880,000000	784,531063	366,733783	-8,959541	10,883459
184,123479	880,000000	784,444124	366,658639	-8,954947	10,893370
184,220119	880,000000	784,420246	366,661137	-8,953097	10,896092
184,316769	880,000000	784,472872	366,721524	-8,953990	10,890093
184,413450	880,000000	784,538250	366,759436	-8,953352	10,882640
184,509994	880,000000	784,607338	366,812330	-8,950608	10,874763
184,606619	880,000000	784,641187	366,816643	-8,947354	10,870905
184,703254	880,000000	784,595978	366,800298	-8,948375	10,876059
184,799830	880,000000	784,641883	366,846836	-8,948438	10,870825
184,896478	880,000000	784,571171	366,781910	-8,950385	10,878887
184,993086	880,000000	784,436242	366,680887	-8,951820	10,894268
185,089717	880,000000	784,399381	366,698368	-8,947226	10,898471
185,186334	880,000000	784,350697	366,681114	-8,947928	10,904021
185,282914	880,000000	784,324500	366,663634	-8,949045	10,907007
185,379567	880,000000	784,288103	366,658412	-8,943748	10,911156
185,476192	880,000000	784,334932	366,642067	-8,948789	10,905818
185,572801	880,000000	784,414450	366,673169	-8,944355	10,896753
185,669307	880,000000	784,486087	366,700184	-8,940462	10,888586
185,765976	880,000000	784,536627	366,718345	-8,944004	10,882825
185,862643	880,000000	784,632841	366,784634	-8,937304	10,871856
185,959286	880,000000	784,723724	366,833897	-8,941451	10,861495
186,055821	880,000000	784,676428	366,846155	-8,942823	10,866887
186,152452	880,000000	784,628900	366,797120	-8,940781	10,872305
186,249028	880,000000	784,524108	366,726291	-8,936123	10,884252
186,345670	880,000000	784,422100	366,713351	-8,937974	10,895881
186,442330	880,000000	784,358579	366,694508	-8,937272	10,903122
186,538910	880,000000	784,343278	366,678390	-8,939697	10,904866
186,635567	880,000000	784,389644	366,681114	-8,937814	10,899581
186,732161	880,000000	784,437633	366,729469	-8,937719	10,894110
186,828806	880,000000	784,517848	366,759436	-8,938133	10,884965
186,925344	880,000000	784,588791	366,786450	-8,936410	10,876878
187,021990	880,000000	784,596442	366,725610	-8,933667	10,876006
187,118564	880,000000	784,724420	366,845020	-8,935294	10,861416
187,215202	880,000000	784,850779	366,911762	-8,933156	10,847011
187,311851	880,000000	784,844983	366,908130	-8,931114	10,847672
187,408426	880,000000	784,754328	366,847971	-8,933060	10,858007
187,505094	880,000000	784,672254	366,823000	-8,930731	10,867363
187,601631	880,000000	784,531295	366,749220	-8,930795	10,883432
187,698304	880,000000	784,471945	366,729469	-8,928275	10,890198
187,794851	880,000000	784,367388	366,697460	-8,934241	10,902118
187,891493	880,000000	784,364375	366,707449	-8,933539	10,902461
187,988136	880,000000	784,483768	366,805974	-8,933156	10,888850
188,084791	880,000000	784,645360	366,864316	-8,938484	10,870429
188,181332	880,000000	784,720247	366,894282	-8,938708	10,861892
188,277915	880,000000	784,764762	366,900865	-8,934400	10,856817
188,374621	880,000000	784,762907	366,908584	-8,933252	10,857029
188,471214	880,000000	784,659967	366,824589	-8,933667	10,868764
188,567823	880,000000	784,586472	366,781910	-8,931561	10,877142
188,664476	880,000000	784,553783	366,771467	-8,929710	10,880869
188,760988	880,000000	784,528976	366,776235	-8,930317	10,883697
188,857634	880,000000	784,536859	366,799844	-8,932709	10,882798
188,954291	880,000000	784,471945	366,762387	-8,935421	10,890198
189,050892	880,000000	784,490491	366,752171	-8,938293	10,888084
189,147496	880,000000	784,586472	366,829129	-8,935326	10,877142
189,244121	880,000000	784,665995	366,900638	-8,934783	10,868077
189,340764	880,000000	784,695439	366,885883	-8,931465	10,864720
189,437392	880,000000	784,713755	366,870446	-8,933635	10,862632
189,533951	880,000000	784,639101	366,816416	-8,928881	10,871143
189,630517	880,000000	784,550769	366,788494	-8,929009	10,881212
189,727208	880,000000	784,444124	366,723340	-8,929423	10,893370
189,823784	880,000000	784,422564	366,749901	-8,933858	10,895828
189,920360	880,000000	784,457803	366,761252	-8,936729	10,891810
190,017066	880,000000	784,402627	366,685201	-8,935772	10,898101
190,113616	880,000000	784,389644	366,687244	-8,935709	10,899581
190,210269	880,000000	784,472872	366,726291	-8,932933	10,890093
190,306892	880,000000	784,577431	366,793942	-8,935070	10,878173
190,403509	880,000000	784,686629	366,827086	-8,934911	10,865724
190,500081	880,000000	784,605252	366,773283	-8,941356	10,875001
190,596724	880,000000	784,607338	366,760117	-8,935262	10,874763
190,693379	880,000000	784,528049	366,718118	-8,934049	10,883802
190,789884	880,000000	784,444588	366,700411	-8,931784	10,893317
190,886506	880,000000	784,415609	366,669536	-8,939090	10,896621
190,983205	880,000000	784,370866	366,635256	-8,929679	10,901721
191,079746	880,000000	784,460585	366,701092	-8,932933	10,891493
191,176411	880,000000	784,547292	366,758754	-8,937017	10,881609
191,273000	880,000000	784,654866	366,806655	-8,933986	10,869345
191,369642	880,000000	784,672718	366,783045	-8,934624	10,867310
191,465926	880,000000	784,619394	366,767835	-8,932678	10,873389
191,562583	880,000000	784,573026	366,751036	-8,936602	10,878675
191,659233	880,000000	784,508111	366,703816	-8,934337	10,886075
191,755824	880,000000	784,555174	366,773738	-8,936793	10,880710
191,852486	880,000000	784,574649	366,758527	-8,933316	10,878490
191,949101	880,000000	784,610584	366,796893	-8,938038	10,874393
192,045977	880,000000	784,647215	366,824135	-8,945280	10,870217
192,142496	880,000000	784,622176	366,805066	-8,940749	10,873072
192,239206	880,000000	784,617076	366,820957	-8,942281	10,873653
192,335734	880,000000	784,580908	366,792353	-8,942823	10,877776
192,432358	880,000000	784,521789	366,743090	-8,943047	10,884516
192,529007	880,000000	784,466612	366,727426	-8,943079	10,890806
192,625644	880,000000	784,436474	366,697914	-8,940462	10,894242
192,722186	880,000000	784,413754	366,682476	-8,941164	10,896832
192,818816	880,000000	784,490260	366,746042	-8,939378	10,888110
192,915502	880,000000	784,487709	366,702681	-8,940271	10,888401
193,012091	880,000000	784,525731	366,730604	-8,936889	10,884067
193,108670	880,000000	784,530135	366,710400	-8,943047	10,883565
193,205334	880,000000	784,529672	366,702000	-8,939665	10,883617
193,301920	880,000000	784,570475	366,729469	-8,939697	10,878966
193,398529	880,000000	784,579285	366,751036	-8,934847	10,877961
193,495172	880,000000	784,673877	366,780548	-8,937782	10,867178
193,591818	880,000000	784,723724	366,782818	-8,932965	10,861495
193,688434	880,000000	784,740649	366,789856	-8,942089	10,859566
193,784958	880,000000	784,773572	366,784861	-8,936187	10,855813
193,881640	880,000000	784,784005	366,772829	-8,932709	10,854623
193,978212	880,000000	784,776586	366,786450	-8,938006	10,855469
194,074828	880,000000	784,737635	366,789856	-8,938931	10,859910
194,171433	880,000000	784,701467	366,778278	-8,938452	10,864033
194,268061	880,000000	784,686861	366,778732	-8,939282	10,865698
194,364700	880,000000	784,656489	366,761706	-8,940239	10,869160
194,461310	880,000000	784,676891	366,790991	-8,943461	10,866834
194,557896	880,000000	784,640028	366,775100	-8,944961	10,871037
194,654570	880,000000	784,670631	366,787585	-8,947035	10,867548
194,750870	880,000000	784,656489	366,779640	-8,942377	10,869160
194,847460	880,000000	784,684310	366,770559	-8,944897	10,865989
194,944085	880,000000	784,706104	366,790764	-8,944833	10,863504
195,040709	880,000000	784,704249	366,778959	-8,941834	10,863716
195,137373	880,000000	784,730216	366,808698	-8,943174	10,860755
195,233917	880,000000	784,686629	366,790083	-8,946492	10,865724
195,330549	880,000000	784,807190	366,893374	-8,940749	10,851980
195,427179	880,000000	784,740881	366,850923	-8,940303	10,859540
195,523818	880,000000	784,684542	366,829356	-8,941611	10,865962
195,620379	880,000000	784,672254	366,819141	-8,947737	10,867363
195,716985	880,000000	784,672254	366,808925	-8,946748	10,867363
195,813625	880,000000	784,607106	366,766700	-8,945599	10,874790
195,910288	880,000000	784,609657	366,764657	-8,950480	10,874499
196,006902	880,000000	784,653243	366,790310	-8,948789	10,869530
196,103518	880,000000	784,712364	366,832761	-8,949587	10,862791
196,200160	880,000000	784,792816	366,909492	-8,949491	10,853619
196,296701	880,000000	784,796525	366,901546	-8,949428	10,853196
196,393393	880,000000	784,809741	366,894509	-8,949555	10,851690
196,489921	880,000000	784,752705	366,865451	-8,951916	10,858192
196,586560	880,000000	784,759661	366,864770	-8,947003	10,857399
196,682885	880,000000	784,776818	366,891331	-8,945088	10,855443
196,779578	880,000000	784,750619	366,861138	-8,945057	10,858429
196,876108	880,000000	784,717928	366,838437	-8,947864	10,862156
196,972779	880,000000	784,714682	366,868857	-8,954149	10,862526
197,069333	880,000000	784,724884	366,850242	-8,946811	10,861363
197,166007	880,000000	784,768935	366,871127	-8,949619	10,856341
197,262588	880,000000	784,773572	366,873624	-8,949013	10,855813
197,359196	880,000000	784,853329	366,927880	-8,950066	10,846720
197,455870	880,000000	784,844983	366,909265	-8,957723	10,847672
197,552474	880,000000	784,874660	366,959888	-8,950002	10,844289
197,649084	880,000000	784,918945	367,002793	-8,951150	10,839240
197,745709	880,000000	784,883471	366,964428	-8,952618	10,843284
197,842313	880,000000	784,756879	366,891104	-8,947896	10,857716
197,938837	880,000000	784,764298	366,897006	-8,954341	10,856870
198,035511	880,000000	784,821565	366,958980	-8,957946	10,850342
198,131929	880,000000	784,783773	366,929242	-8,958999	10,854650
198,228470	880,000000	784,704945	366,872489	-8,954054	10,863636
198,325119	880,000000	784,708191	366,875440	-8,954947	10,863266
198,421672	880,000000	784,682919	366,885429	-8,952650	10,866147
198,518297	880,000000	784,688484	366,856825	-8,957053	10,865513
198,614985	880,000000	784,725115	366,870900	-8,957308	10,861337
198,711627	880,000000	784,734621	366,855690	-8,961902	10,860253
198,808185	880,000000	784,746446	366,825497	-8,961583	10,858905
198,904811	880,000000	784,852402	366,874305	-8,963242	10,846826
199,001334	880,000000	784,985025	366,981908	-8,958042	10,831707
199,097986	880,000000	785,000560	366,962158	-8,958616	10,829936
199,194578	880,000000	784,998937	366,963520	-8,957595	10,830121
199,291294	880,000000	785,001023	366,958299	-8,957404	10,829883
199,387852	880,000000	784,976910	366,971920	-8,957180	10,832632
199,484445	880,000000	784,890194	366,933555	-8,957755	10,842518
199,581120	880,000000	784,773108	366,856598	-8,957180	10,855866
199,677678	880,000000	784,736940	366,854555	-8,962604	10,859989
199,774291	880,000000	784,767544	366,890650	-8,967103	10,856500
199,870989	880,000000	784,837331	366,933328	-8,964901	10,848544
199,967570	880,000000	784,875819	366,978049	-8,967581	10,844157
200,064146	880,000000	784,907352	366,969196	-8,962285	10,840562
200,160799	880,000000	784,874660	366,915621	-8,963561	10,844289
200,257449	880,000000	784,907584	366,927199	-8,962891	10,840535
200,354046	880,000000	784,833854	366,870900	-8,964710	10,848941
200,450623	880,000000	784,741345	366,801660	-8,966369	10,859487
200,547251	880,000000	784,701467	366,761252	-8,964231	10,864033
200,643820	880,000000	784,733462	366,780321	-8,969719	10,860385
200,740478	880,000000	784,787483	366,787585	-8,967486	10,854227
200,837028	880,000000	784,846606	366,805747	-8,969815	10,847487
200,933703	880,000000	784,925205	366,828448	-8,965922	10,838527
201,030269	880,000000	784,876283	366,785088	-8,966879	10,844104
201,126935	880,000000	784,781919	366,687244	-8,969208	10,854861
201,223535	880,000000	784,739258	366,674077	-8,967103	10,859725
201,320175	880,000000	784,797685	366,699276	-8,967103	10,853064
201,416786	880,000000	784,798148	366,686336	-8,965093	10,853011
201,513422	880,000000	784,742040	366,644564	-8,969400	10,859407
201,609966	880,000000	784,740186	366,624586	-8,971984	10,859619
201,706620	880,000000	784,823188	366,690195	-8,968315	10,850157
201,803196	880,000000	784,869327	366,704951	-8,964104	10,844897
201,899885	880,000000	784,828753	366,643429	-8,967773	10,849522
201,996395	880,000000	784,902947	366,710854	-8,970070	10,841064
202,093069	880,000000	784,924046	366,741501	-8,973898	10,838659
202,189706	880,000000	784,910598	366,678844	-8,968347	10,840192
202,286313	880,000000	784,828521	366,660456	-8,971920	10,849549
202,382908	880,000000	784,674341	366,566242	-8,973867	10,867125
202,479557	880,000000	784,629827	366,531961	-8,970995	10,872200
202,576192	880,000000	784,648374	366,573279	-8,970102	10,870085
202,672726	880,000000	784,740186	366,608241	-8,966624	10,859619
202,769401	880,000000	784,727666	366,594847	-8,967422	10,861046
202,865935	880,000000	784,787483	366,642067	-8,967741	10,854227
202,962559	880,000000	784,866313	366,679525	-8,971569	10,845240
203,059156	880,000000	784,942363	366,693146	-8,971729	10,836571
203,155820	880,000000	784,932393	366,729015	-8,970261	10,837707
203,252392	880,000000	784,839882	366,634802	-8,968826	10,848253
203,349110	880,000000	784,792816	366,619365	-8,969432	10,853619
203,445654	880,000000	784,736244	366,584858	-8,972303	10,860068
203,542311	880,000000	784,690802	366,586447	-8,971633	10,865249
203,638970	880,000000	784,671559	366,553755	-8,971155	10,867442
203,735527	880,000000	784,642346	366,536275	-8,970580	10,870773
203,831890	880,000000	784,637478	366,542858	-8,970261	10,871328
203,928440	880,000000	784,694975	366,548761	-8,971665	10,864773
204,025103	880,000000	784,861676	366,682249	-8,971027	10,845769
204,121717	880,000000	784,919640	366,671126	-8,969208	10,839161
204,218271	880,000000	784,838954	366,586447	-8,970963	10,848359
204,314962	880,000000	784,827594	366,581906	-8,971442	10,849654
204,411509	880,000000	784,886717	366,633440	-8,971825	10,842914
204,508175	880,000000	784,857039	366,617549	-8,972718	10,846298
204,604813	880,000000	784,755024	366,566469	-8,970836	10,857927
204,701445	880,000000	784,794439	366,589171	-8,973611	10,853434
204,797971	880,000000	784,823652	366,618684	-8,970389	10,850104
204,894622	880,000000	784,836172	366,632078	-8,968379	10,848676
204,991275	880,000000	784,813682	366,560793	-8,973930	10,851240
205,087807	880,000000	784,756415	366,525150	-8,969272	10,857769
205,184416	880,000000	784,752937	366,534913	-8,970102	10,858165
205,281049	880,000000	784,811364	366,567604	-8,969655	10,851505
205,377654	880,000000	784,849852	366,596663	-8,975207	10,847117
205,474340	880,000000	784,891817	366,648197	-8,971920	10,842333
205,570976	880,000000	784,945145	366,689287	-8,975940	10,836253
205,667498	880,000000	784,963926	366,699957	-8,973452	10,834112
205,764172	880,000000	784,970186	366,731285	-8,978046	10,833399
205,860727	880,000000	784,931233	366,709038	-8,973930	10,837839
205,957366	880,000000	784,885557	366,694054	-8,976387	10,843046
206,053946	880,000000	784,805568	366,656369	-8,973611	10,852165
206,150601	880,000000	784,700771	366,567377	-8,973611	10,864112
206,247292	880,000000	784,716537	366,576912	-8,977855	10,862315
206,343906	880,000000	784,797453	366,641159	-8,973228	10,853090
206,440439	880,000000	784,828753	366,646607	-8,974026	10,849522
206,537078	880,000000	784,810436	366,581679	-8,977982	10,851610
206,633734	880,000000	784,825971	366,575550	-8,974505	10,849839
206,730289	880,000000	784,757111	366,514026	-8,971314	10,857689
206,826933	880,000000	784,866777	366,582814	-8,976387	10,845187
206,923496	880,000000	784,925437	366,653872	-8,976036	10,838500
207,020117	880,000000	784,913612	366,619819	-8,974122	10,839848
207,116757	880,000000	784,795366	366,524015	-8,975047	10,853328
207,213401	880,000000	784,706800	366,469302	-8,970708	10,863425
207,309972	880,000000	784,661358	366,440470	-8,972686	10,868605
207,406659	880,000000	784,682224	366,443875	-8,976196	10,866226
207,503204	880,000000	784,693121	366,436156	-8,974090	10,864984
207,599804	880,000000	784,755256	366,439335	-8,976132	10,857901
207,696418	880,000000	784,793743	366,471346	-8,975302	10,853513
207,793123	880,000000	784,876515	366,522426	-8,970740	10,844077
207,889799	880,000000	784,982706	366,552393	-8,968857	10,831971
207,973267	880,000000	784,953260	366,531961	-8,972367	10,835328
208,057266	880,000000	784,890658	366,498589	-8,974345	10,842465
208,153757	880,000000	784,845678	366,471346	-8,970453	10,847593
208,250432	880,000000	784,847301	366,476794	-8,972750	10,847408
208,347036	880,000000	784,843128	366,454319	-8,974281	10,847883
208,443608	880,000000	784,760125	366,402102	-8,971633	10,857346
208,540231	880,000000	784,774499	366,421173	-8,975366	10,855707
208,636885	880,000000	784,781455	366,440016	-8,969783	10,854914
208,733411	880,000000	784,768471	366,437746	-8,970006	10,856394
208,830151	880,000000	784,873269	366,509486	-8,972176	10,844447
208,926627	880,000000	784,875819	366,497681	-8,969655	10,844157
209,023323	880,000000	784,856575	366,487010	-8,967964	10,846350
209,119838	880,000000	784,882079	366,514934	-8,969208	10,843443
209,216459	880,000000	784,953028	366,580090	-8,970325	10,835355
209,313060	880,000000	784,800235	366,482016	-8,968698	10,852773
209,409762	880,000000	784,740881	366,443648	-8,966688	10,859540
209,506419	880,000000	784,722101	366,419583	-8,965763	10,861680
209,603025	880,000000	784,777977	366,475205	-8,965539	10,855311
209,699578	880,000000	784,858662	366,504264	-8,971793	10,846113
209,796161	880,000000	784,779600	366,434794	-8,966114	10,855126
209,892787	880,000000	784,736244	366,380081	-8,967198	10,860068
209,989357	880,000000	784,709350	366,369637	-8,977280	10,863134
210,086011	880,000000	784,655330	366,349205	-8,974313	10,869292
210,182756	880,000000	784,828753	366,478837	-8,969400	10,849522
210,278986	880,000000	784,807886	366,440243	-8,969559	10,851901
210,375602	880,000000	784,757574	366,393702	-8,969400	10,857637
210,472260	880,000000	784,729521	366,400740	-8,971123	10,860835
210,568895	880,000000	784,806263	366,438427	-8,966656	10,852086
210,665464	880,000000	784,842200	366,469075	-8,966528	10,847989
210,762079	880,000000	784,856343	366,495410	-8,971410	10,846377
210,858671	880,000000	784,866777	366,497908	-8,968347	10,845187
210,955372	880,000000	784,899005	366,531734	-8,975717	10,841513
211,051868	880,000000	784,920104	366,500632	-8,966082	10,839108
211,148536	880,000000	784,839650	366,438200	-8,967868	10,848280
211,245106	880,000000	784,847533	366,464081	-8,966592	10,847381
211,341797	880,000000	784,923582	366,487691	-8,961073	10,838712
211,438337	880,000000	784,960680	366,505626	-8,964295	10,834483
211,535036	880,000000	784,979460	366,545129	-8,965316	10,832342
211,631573	880,000000	784,936102	366,489508	-8,967230	10,837284
211,728309	880,000000	784,989662	366,485421	-8,966943	10,831179
211,824842	880,000000	785,116724	366,587355	-8,963051	10,816693
211,921544	880,000000	785,079394	366,526286	-8,962540	10,820949
212,018105	880,000000	784,986880	366,480654	-8,963370	10,831496
212,114930	880,000000	784,903178	366,393021	-8,965763	10,841038
212,211623	880,000000	784,900164	366,389162	-8,961424	10,841381
212,308173	880,000000	784,876979	366,369637	-8,961488	10,844024
212,404812	880,000000	784,867936	366,365097	-8,962859	10,845055
212,501413	880,000000	784,847301	366,279279	-8,966911	10,847408
212,598053	880,000000	784,883471	366,294490	-8,964263	10,843284
212,694628	880,000000	784,906193	366,275192	-8,967358	10,840694
212,791295	880,000000	784,940508	366,299712	-8,961775	10,836782
212,887884	880,000000	784,911989	366,270879	-8,962828	10,840033
212,984544	880,000000	784,932856	366,273376	-8,963753	10,837654
213,081067	880,000000	784,938421	366,244997	-8,961264	10,837020
213,177644	880,000000	784,942131	366,256349	-8,964231	10,836597
213,274269	880,000000	784,943058	366,274284	-8,965188	10,836491
213,370896	880,000000	784,904801	366,224337	-8,965412	10,840853
213,467570	880,000000	784,898541	366,202769	-8,965284	10,841566
213,564212	880,000000	784,875819	366,170303	-8,961583	10,844157
213,660753	880,000000	784,972273	366,252716	-8,960148	10,833161
213,757387	880,000000	784,996154	366,216618	-8,955458	10,830438
213,854053	880,000000	784,956274	366,216845	-8,956447	10,834985
213,937535	880,000000	784,951405	366,212304	-8,961041	10,835540
214,034174	880,000000	784,904106	366,168032	-8,959254	10,840932
214,130875	880,000000	784,899005	366,177114	-8,960211	10,841513
214,227449	880,000000	784,917090	366,165535	-8,958074	10,839452
214,324020	880,000000	784,934247	366,166443	-8,961232	10,837496
214,420662	880,000000	784,914076	366,121036	-8,957691	10,839795
214,517231	880,000000	784,942594	366,155545	-8,960754	10,836544
214,613907	880,000000	784,923350	366,133523	-8,958935	10,838738
214,710570	880,000000	784,909902	366,106051	-8,958552	10,840271
214,807113	880,000000	785,021427	366,179157	-8,957436	10,827557
214,903727	880,000000	785,056903	366,179384	-8,954628	10,823513
215,000397	880,000000	785,062236	366,199136	-8,952746	10,822905
215,096994	880,000000	785,023978	366,170984	-8,953416	10,827267
215,193653	880,000000	784,926132	366,087661	-8,952522	10,838421
215,290181	880,000000	784,970650	366,121490	-8,952778	10,833346
215,386865	880,000000	785,071047	366,158724	-8,956064	10,821901
215,483424	880,000000	785,069192	366,148734	-8,948311	10,822112
215,580013	880,000000	785,062931	366,148280	-8,958744	10,822826
215,676620	880,000000	785,074525	366,134204	-8,952618	10,821504
215,773280	880,000000	785,082640	366,130571	-8,947545	10,820579
215,869944	880,000000	785,062931	366,152594	-8,948949	10,822826
215,966478	880,000000	785,045541	366,148053	-8,949555	10,824808
216,063153	880,000000	785,053888	366,145556	-8,947960	10,823857
216,159728	880,000000	785,051802	366,116268	-8,953065	10,824095
216,256407	880,000000	785,113710	366,123760	-8,953224	10,817037
216,352921	880,000000	785,259326	366,230467	-8,945918	10,800437
216,449555	880,000000	785,298977	366,275647	-8,947641	10,795917
216,546204	880,000000	785,283441	366,265657	-8,945025	10,797688
216,642833	880,000000	785,226632	366,236597	-8,945886	10,804164
216,739455	880,000000	785,097943	366,138518	-8,948056	10,818834
216,836079	880,000000	784,976214	366,063595	-8,948470	10,832712
216,932721	880,000000	784,849620	366,024544	-8,950640	10,847143
217,029269	880,000000	784,775891	365,975731	-8,944961	10,855548
217,125904	880,000000	784,809973	365,977774	-8,949555	10,851663
217,222539	880,000000	784,918249	366,053832	-8,947673	10,839320
217,319144	880,000000	785,090060	366,121036	-8,948407	10,819733
217,415702	880,000000	785,196488	366,163946	-8,947896	10,807600
217,512352	880,000000	785,225009	366,153956	-8,945120	10,804349
217,608912	880,000000	785,197416	366,118311	-8,948917	10,807495
217,705573	880,000000	785,126463	366,050881	-8,949715	10,815583
217,802201	880,000000	785,024905	365,995256	-8,942951	10,827161
217,898809	880,000000	784,962998	365,912613	-8,944482	10,834218
217,995445	880,000000	784,982011	365,988445	-8,942664	10,832051
218,091789	880,000000	784,969027	365,947123	-8,946843	10,833531
218,188435	880,000000	785,029311	365,965060	-8,950576	10,826659
218,285002	880,000000	785,029543	365,935771	-8,942377	10,826632
218,381613	880,000000	785,050642	365,908980	-8,942377	10,824227
218,478210	880,000000	785,060149	365,940085	-8,944482	10,823143
218,574853	880,000000	785,039281	365,867658	-8,944036	10,825522
218,671193	880,000000	785,047628	365,871063	-8,944068	10,824570
218,767782	880,000000	785,081481	365,860846	-8,936857	10,820711
218,864404	880,000000	785,088437	365,884913	-8,938293	10,819918
218,961060	880,000000	785,122289	365,886957	-8,937942	10,816059
219,057633	880,000000	785,110928	365,899444	-8,936570	10,817354
219,154242	880,000000	785,142230	365,904893	-8,936347	10,813786
219,250867	880,000000	785,190459	365,909434	-8,938038	10,808288
219,347517	880,000000	785,164722	365,915110	-8,937495	10,811222
219,444146	880,000000	785,131332	365,864479	-8,938006	10,815028
219,540772	880,000000	785,124608	365,871745	-8,941515	10,815795
219,637396	880,000000	785,068264	365,812940	-8,932422	10,822218
219,733915	880,000000	785,022123	365,778428	-8,933635	10,827478
219,830530	880,000000	784,925437	365,763897	-8,935581	10,838500
219,927180	880,000000	784,945377	365,758902	-8,933571	10,836227
220,023804	880,000000	785,016558	365,774796	-8,935102	10,828112
220,120416	880,000000	785,050179	365,760718	-8,937240	10,824280
220,217032	880,000000	785,069655	365,755042	-8,936155	10,822059
220,313656	880,000000	785,160316	365,758448	-8,933539	10,811724
220,410255	880,000000	785,131332	365,729386	-8,933603	10,815028
220,506899	880,000000	785,163794	365,737787	-8,934751	10,811327
220,603439	880,000000	785,129245	365,748004	-8,936028	10,815266
220,700141	880,000000	785,111855	365,720758	-8,936187	10,817249
220,796653	880,000000	785,102349	365,703502	-8,934624	10,818332
220,893364	880,000000	785,107218	365,691695	-8,932390	10,817777
220,989990	880,000000	785,107913	365,687608	-8,929742	10,817698
221,086578	880,000000	785,165185	365,707362	-8,931912	10,811169
221,183192	880,000000	785,258167	365,777293	-8,933762	10,800569
221,279568	880,000000	785,231733	365,755950	-8,932805	10,803582
221,376101	880,000000	785,180025	365,675121	-8,932008	10,809477
221,472702	880,000000	785,059917	365,637657	-8,930253	10,823169
221,569332	880,000000	785,065946	365,676256	-8,927477	10,822482
221,665975	880,000000	785,046237	365,650599	-8,928307	10,824729
221,762612	880,000000	785,008907	365,628575	-8,925659	10,828985
221,859171	880,000000	785,099334	365,681024	-8,930125	10,818676
221,955778	880,000000	785,203676	365,731202	-8,933986	10,806781
222,052385	880,000000	785,212719	365,718033	-8,928913	10,805750
222,149010	880,000000	785,162867	365,694874	-8,928115	10,811433
222,245673	880,000000	785,110464	365,666266	-8,933635	10,817407
222,342273	880,000000	785,078466	365,651280	-8,936187	10,821055
222,438872	880,000000	785,075684	365,649010	-8,927860	10,821372
222,535498	880,000000	785,213415	365,710086	-8,929679	10,805671
222,632144	880,000000	785,284369	365,758675	-8,922532	10,797582
222,728685	880,000000	785,315441	365,768665	-8,929232	10,794040
222,825349	880,000000	785,251906	365,716217	-8,921575	10,801283
222,921987	880,000000	785,137825	365,669671	-8,927477	10,814288
223,018613	880,000000	785,157534	365,688744	-8,925339	10,812041
223,115249	880,000000	785,124840	365,621990	-8,926137	10,815768
223,211867	880,000000	785,119275	365,631299	-8,923904	10,816403
223,308442	880,000000	785,076379	365,601555	-8,931816	10,821293
223,405100	880,000000	785,169823	365,639246	-8,923999	10,810640
223,501646	880,000000	785,183271	365,654232	-8,925531	10,809107
223,598268	880,000000	785,151041	365,608140	-8,921862	10,812781
223,694911	880,000000	785,075916	365,557734	-8,926041	10,821346
223,791532	880,000000	785,049947	365,539796	-8,921702	10,824306
223,888109	880,000000	785,022355	365,491887	-8,922277	10,827452
223,984781	880,000000	785,074293	365,521405	-8,920777	10,821531
224,081304	880,000000	785,119275	365,545473	-8,922468	10,816403
224,177936	880,000000	785,197879	365,565000	-8,921000	10,807442
224,274567	880,000000	785,331904	365,656729	-8,915481	10,792163
224,371176	880,000000	785,351150	365,646058	-8,917012	10,789969
224,467869	880,000000	785,402860	365,681705	-8,919086	10,784074
224,564445	880,000000	785,383382	365,701686	-8,924797	10,786294
224,661040	880,000000	785,232429	365,560686	-8,922596	10,803503
224,757664	880,000000	785,107682	365,496883	-8,921543	10,817724
224,854324	880,000000	784,961839	365,412871	-8,922309	10,834350
224,950941	880,000000	784,867704	365,384034	-8,921032	10,845082
225,047567	880,000000	784,982474	365,480535	-8,918097	10,831998
225,144083	880,000000	785,203212	365,568860	-8,919150	10,806834
225,240776	880,000000	785,388019	365,686019	-8,917555	10,785766
225,337285	880,000000	785,467788	365,675575	-8,914141	10,776672
225,433917	880,000000	785,501644	365,645150	-8,912673	10,772813
225,530494	880,000000	785,436251	365,574763	-8,911397	10,780267
225,627225	880,000000	785,474976	365,617222	-8,913056	10,775853
225,723865	880,000000	785,438338	365,607005	-8,913694	10,780029
225,820409	880,000000	785,368309	365,558188	-8,916470	10,788013
225,917017	880,000000	785,204836	365,465095	-8,915002	10,806649
226,013636	880,000000	785,115565	365,433079	-8,917938	10,816826
226,110295	880,000000	785,035339	365,376768	-8,917204	10,825971
226,206908	880,000000	785,063859	365,386305	-8,915226	10,822720
226,303531	880,000000	785,123217	365,413325	-8,920809	10,815953
226,400150	880,000000	785,220371	365,450336	-8,918480	10,804878
226,496676	880,000000	785,346281	365,496202	-8,918608	10,790524
226,593284	880,000000	785,495383	365,572038	-8,914269	10,773526
226,689902	880,000000	785,532949	365,584526	-8,911397	10,769244
226,786533	880,000000	785,530166	365,555917	-8,909802	10,769561
226,883207	880,000000	785,412135	365,476447	-8,913152	10,783017
226,979796	880,000000	785,304542	365,411509	-8,912035	10,795282
227,076440	880,000000	785,148259	365,359057	-8,909068	10,813099
227,173034	880,000000	785,069887	365,320457	-8,912865	10,822033
227,269660	880,000000	785,061308	365,299567	-8,915162	10,823011
227,366258	880,000000	785,036267	365,295707	-8,912960	10,825866
227,462823	880,000000	785,094697	365,300021	-8,908909	10,819205
227,559431	880,000000	785,242863	365,391527	-8,914460	10,802314
227,656123	880,000000	785,339324	365,433079	-8,908015	10,791317
227,752718	880,000000	785,394280	365,423997	-8,905240	10,785052
227,849360	880,000000	785,385701	365,397658	-8,905973	10,786030
227,945943	880,000000	785,383150	365,363599	-8,906420	10,786321
228,042581	880,000000	785,363208	365,332491	-8,910312	10,788594
228,139182	880,000000	785,315209	365,282537	-8,908047	10,794066
228,235732	880,000000	785,330513	365,311828	-8,910089	10,792322
228,332425	880,000000	785,263500	365,260058	-8,904729	10,799961
228,429068	880,000000	785,230342	365,218959	-8,910631	10,803741
228,525664	880,000000	785,211328	365,215326	-8,909483	10,805909
228,622214	880,000000	785,280659	365,212828	-8,906899	10,798005
228,718626	880,000000	785,307325	365,262328	-8,906675	10,794965
228,815174	880,000000	785,320542	365,231902	-8,908111	10,793458
228,911761	880,000000	785,260486	365,187851	-8,911365	10,800305
229,008474	880,000000	785,264891	365,198977	-8,907345	10,799802
229,105024	880,000000	785,255848	365,210557	-8,906803	10,800833
229,201684	880,000000	785,210401	365,166052	-8,907792	10,806014
229,298292	880,000000	785,228023	365,150385	-8,909164	10,804005
229,394919	880,000000	785,385005	365,270503	-8,910217	10,786109
229,491483	880,000000	785,416541	365,247796	-8,908558	10,782514
229,588158	880,000000	785,380367	365,260512	-8,905559	10,786638
229,684733	880,000000	785,368078	365,207378	-8,905240	10,788039
229,781339	880,000000	785,334919	365,180357	-8,906452	10,791819
229,877933	880,000000	785,340484	365,162646	-8,906005	10,791185
229,974608	880,000000	785,343498	365,168550	-8,905335	10,790841
230,071203	880,000000	785,430222	365,205789	-8,904538	10,780955
230,167877	880,000000	785,499325	365,274817	-8,904059	10,773077
230,264424	880,000000	785,518804	365,263691	-8,906388	10,770856
230,360985	880,000000	785,453179	365,201702	-8,903900	10,778338
230,457642	880,000000	785,355092	365,102019	-8,899369	10,789519
230,554325	880,000000	785,272775	365,092028	-8,900422	10,798904
230,650918	880,000000	785,229414	365,034351	-8,903421	10,803847
230,747483	880,000000	785,258399	365,056150	-8,903261	10,800543
230,844175	880,000000	785,219212	365,009146	-8,906197	10,805010
230,940740	880,000000	785,303151	365,079993	-8,905846	10,795441
231,037382	880,000000	785,323093	365,082037	-8,903676	10,793167
231,133942	880,000000	785,340252	365,101338	-8,904314	10,791211
231,230616	880,000000	785,371788	365,115416	-8,903261	10,787616
231,327177	880,000000	785,393121	365,095207	-8,906771	10,785184
231,423803	880,000000	785,506281	365,143345	-8,896530	10,772284
231,520372	880,000000	785,537587	365,183082	-8,900358	10,768715
231,617043	880,000000	785,628257	365,232129	-8,898954	10,758379
231,713581	880,000000	785,631040	365,239168	-8,902304	10,758061
231,810204	880,000000	785,575385	365,208514	-8,900358	10,764406
231,906859	880,000000	785,481933	365,176951	-8,901921	10,775060
232,003517	880,000000	785,391266	365,125634	-8,902240	10,785396
232,100093	880,000000	785,301760	365,074316	-8,900709	10,795599
232,196670	880,000000	785,178402	365,000972	-8,901858	10,809662
232,293351	880,000000	785,157534	364,961688	-8,898157	10,812041
232,389983	880,000000	785,154287	364,950561	-8,897423	10,812411
232,486575	880,000000	785,203908	364,936028	-8,902496	10,806754
232,583366	880,000000	785,314049	364,978264	-8,906229	10,794198
232,680033	880,000000	785,331440	364,964640	-8,902687	10,792216
232,776675	880,000000	785,352541	364,955784	-8,897870	10,789810
232,873317	880,000000	785,341643	364,908779	-8,900613	10,791053
232,969840	880,000000	785,331440	364,909915	-8,903963	10,792216
233,066489	880,000000	785,323556	364,903784	-8,899943	10,793115
233,163136	880,000000	785,294803	364,872220	-8,898635	10,796392
233,259762	880,000000	785,299905	364,848831	-8,895891	10,795811
233,356371	880,000000	785,310107	364,864045	-8,893818	10,794648
233,452919	880,000000	785,354860	364,861093	-8,894488	10,789546
233,549555	880,000000	785,412831	364,938753	-8,898444	10,782937
233,646153	880,000000	785,414454	364,928762	-8,894488	10,782752
233,742854	880,000000	785,408425	364,925583	-8,896753	10,783440
233,839387	880,000000	785,392889	364,958282	-8,893052	10,785211
233,936062	880,000000	785,456426	364,978264	-8,892541	10,777967
234,032624	880,000000	785,543616	365,055469	-8,893690	10,768028
234,129263	880,000000	785,552428	365,053198	-8,898444	10,767023
234,225907	880,000000	785,480310	365,023452	-8,895572	10,775245
234,322546	880,000000	785,395440	364,962142	-8,892765	10,784920
234,419138	880,000000	785,401469	364,949199	-8,891648	10,784233
234,515746	880,000000	785,559384	365,061146	-8,893180	10,766230
234,612323	880,000000	785,666056	365,086351	-8,895732	10,754070
234,708981	880,000000	785,719625	365,106106	-8,898890	10,747963
234,805540	880,000000	785,719393	365,076133	-8,893594	10,747989
234,902197	880,000000	785,679042	365,048203	-8,895923	10,752589
234,998748	880,000000	785,639156	365,008011	-8,897359	10,757136
235,095422	880,000000	785,610865	364,965094	-8,897519	10,760361
235,192079	880,000000	785,591618	364,947382	-8,891999	10,762556
235,288585	880,000000	785,614807	364,957828	-8,895094	10,759912
235,385274	880,000000	785,567269	364,937618	-8,889032	10,765331
235,481813	880,000000	785,578863	364,938753	-8,897455	10,764010
235,578513	880,000000	785,597183	364,944657	-8,894902	10,761921
235,675073	880,000000	785,557297	364,970317	-8,893052	10,766468
235,771673	880,000000	785,559153	364,930352	-8,895030	10,766257
235,868365	880,000000	785,539674	364,891294	-8,895413	10,768477
235,964958	880,000000	785,607155	364,938299	-8,894743	10,760784
236,061596	880,000000	785,602749	364,916500	-8,888841	10,761287
236,158117	880,000000	785,593241	364,896744	-8,893403	10,762371
236,254806	880,000000	785,669535	364,919452	-8,892892	10,753673
236,351400	880,000000	785,688550	364,951470	-8,890563	10,751505
236,447975	880,000000	785,701073	364,992570	-8,889893	10,750078
236,544665	880,000000	785,692956	364,949199	-8,893371	10,751003
236,641187	880,000000	785,714987	364,985985	-8,891074	10,748491
236,737861	880,000000	785,694812	364,961234	-8,889383	10,750791
236,834461	880,000000	785,625706	364,914910	-8,888490	10,758669
236,931116	880,000000	785,591386	364,858368	-8,889861	10,762582
237,027747	880,000000	785,586284	364,883347	-8,896753	10,763164
237,124266	880,000000	785,555210	364,858141	-8,893531	10,766706
237,220911	880,000000	785,576081	364,834298	-8,891297	10,764327
237,317515	880,000000	785,616430	364,840429	-8,889734	10,759727
237,414186	880,000000	785,714059	364,885845	-8,890563	10,748597
237,510740	880,000000	785,681593	364,869722	-8,886320	10,752298
237,607379	880,000000	785,683217	364,845879	-8,886161	10,752113
237,703985	880,000000	785,656780	364,841791	-8,890117	10,755127
237,800617	880,000000	785,633127	364,799328	-8,890276	10,757824
237,897266	880,000000	785,648664	364,765038	-8,887437	10,756052
237,993837	880,000000	785,744670	364,842927	-8,885108	10,745108
238,090521	880,000000	785,844389	364,887434	-8,886543	10,733740
238,187135	880,000000	785,892394	364,951015	-8,890021	10,728267
238,283705	880,000000	785,903294	364,934439	-8,889989	10,727024
238,380354	880,000000	785,836968	364,891294	-8,887437	10,734586
238,476914	880,000000	785,763686	364,857687	-8,889670	10,742940
238,573492	880,000000	785,709189	364,827713	-8,889925	10,749152
238,670194	880,000000	785,730524	364,867224	-8,891489	10,746720
238,766720	880,000000	785,650287	364,782297	-8,894520	10,755867
238,863381	880,000000	785,647041	364,774803	-8,890340	10,756237
238,960037	880,000000	785,674405	364,810455	-8,892829	10,753118
239,056684	880,000000	785,708262	364,819992	-8,894615	10,749258
239,153218	880,000000	785,704088	364,805686	-8,892924	10,749734
239,249776	880,000000	785,712204	364,745509	-8,889447	10,748809
239,346451	880,000000	785,741192	364,750051	-8,891393	10,745504
239,443093	880,000000	785,711508	364,699639	-8,890659	10,748888
239,539669	880,000000	785,698986	364,678066	-8,889064	10,750316
239,636318	880,000000	785,651679	364,600857	-8,889574	10,755709
239,732944	880,000000	785,638692	364,581555	-8,888362	10,757189
239,829481	880,000000	785,589531	364,553623	-8,889702	10,762794
239,926122	880,000000	785,560544	364,495942	-8,890404	10,766098
240,022782	880,000000	785,668839	364,570881	-8,890914	10,753752
240,119320	880,000000	785,766701	364,623338	-8,888521	10,742596
240,216014	880,000000	785,815169	364,611984	-8,890563	10,737071
240,312614	880,000000	785,795921	364,593363	-8,887596	10,739265
240,409257	880,000000	785,670230	364,514336	-8,884597	10,753594
240,505882	880,000000	785,649128	364,534320	-8,885108	10,755999
240,602453	880,000000	785,632663	364,515926	-8,893531	10,757876
240,698997	880,000000	785,548022	364,441213	-8,894201	10,767526
240,795619	880,000000	785,550804	364,431903	-8,890659	10,767208
240,892328	880,000000	785,542920	364,436217	-8,891042	10,768107
240,988851	880,000000	785,577008	364,435990	-8,892318	10,764221
241,085544	880,000000	785,599038	364,421229	-8,891903	10,761710
241,182137	880,000000	785,678811	364,453022	-8,888713	10,752616
241,278687	880,000000	785,702464	364,437353	-8,888202	10,749919
241,375382	880,000000	785,703392	364,421683	-8,889415	10,749813
241,471940	880,000000	785,716378	364,412146	-8,891903	10,748333
241,568646	880,000000	785,710349	364,438488	-8,889798	10,749020
241,665270	880,000000	785,692725	364,409875	-8,888553	10,751029
241,761779	880,000000	785,672317	364,405333	-8,886703	10,753356
241,858450	880,000000	785,637533	364,348332	-8,887277	10,757321
241,955075	880,000000	785,705479	364,393070	-8,890787	10,749575
242,051606	880,000000	785,683912	364,350149	-8,890404	10,752034
242,148306	880,000000	785,719393	364,399883	-8,894488	10,747989
242,244947	880,000000	785,757425	364,391026	-8,892892	10,743654
242,341484	880,000000	785,785949	364,401699	-8,885299	10,740402
242,438159	880,000000	785,718465	364,391480	-8,892510	10,748095
242,534713	880,000000	785,727510	364,383759	-8,890212	10,747064
242,631342	880,000000	785,721944	364,381715	-8,887469	10,747698
242,727972	880,000000	785,737249	364,395114	-8,887915	10,745954
242,824523	880,000000	785,702928	364,394659	-8,886033	10,749866
242,921204	880,000000	785,643794	364,374221	-8,886894	10,756607
243,017822	880,000000	785,639388	364,336523	-8,883385	10,757110
243,114359	880,000000	785,684608	364,382624	-8,886448	10,751955
243,211087	880,000000	785,671390	364,378990	-8,888521	10,753462
243,307627	880,000000	785,739568	364,406468	-8,886161	10,745689
243,404336	880,000000	785,819343	364,476412	-8,888426	10,736595
243,500877	880,000000	785,817488	364,456428	-8,888458	10,736806
243,597521	880,000000	785,866652	364,495715	-8,885905	10,731202
243,694145	880,000000	785,845085	364,504117	-8,892318	10,733660
243,790673	880,000000	785,811227	364,508432	-8,891967	10,737520
243,887342	880,000000	785,703392	364,440532	-8,894009	10,749813
243,984020	880,000000	785,610169	364,365819	-8,889830	10,760441
244,080578	880,000000	785,563095	364,357643	-8,892797	10,765807
244,177147	880,000000	785,517180	364,316993	-8,896530	10,771041
244,273821	880,000000	785,562863	364,299734	-8,894679	10,765834
244,370362	880,000000	785,659795	364,346970	-8,896179	10,754783
244,467071	880,000000	785,658867	364,320627	-8,887788	10,754889
244,563624	880,000000	785,704551	364,345380	-8,884852	10,749681
244,660199	880,000000	785,771571	364,362185	-8,887469	10,742041
244,756881	880,000000	785,771803	364,342201	-8,886607	10,742014
244,853445	880,000000	785,760440	364,339703	-8,882715	10,743310
244,950136	880,000000	785,838360	364,391253	-8,884438	10,734427
245,046713	880,000000	785,873610	364,434401	-8,884438	10,730408
245,143267	880,000000	785,768556	364,389663	-8,887788	10,742385
245,239917	880,000000	785,650983	364,341747	-8,886416	10,755788
245,336546	880,000000	785,677187	364,345153	-8,884948	10,752801
245,433196	880,000000	785,694812	364,360368	-8,888234	10,750791
245,529845	880,000000	785,749772	364,431903	-8,888521	10,744526
245,626389	880,000000	785,740496	364,417596	-8,886926	10,745583
245,722972	880,000000	785,688550	364,338794	-8,892254	10,751505
245,819668	880,000000	785,594168	364,277933	-8,890819	10,762265
245,916199	880,000000	785,654229	364,312451	-8,888107	10,755418
246,012855	880,000000	785,654925	364,293602	-8,886862	10,755339
246,109430	880,000000	785,701073	364,318583	-8,887947	10,750078
246,206087	880,000000	785,662810	364,275889	-8,889830	10,754440
246,302714	880,000000	785,693188	364,336069	-8,886192	10,750977
246,399272	880,000000	785,705711	364,282929	-8,884629	10,749549
246,495935	880,000000	785,677419	364,247047	-8,885905	10,752774
246,592570	880,000000	785,748613	364,283156	-8,883736	10,744658
246,689139	880,000000	785,777137	364,295646	-8,883863	10,741406
246,785831	880,000000	785,768324	364,307682	-8,882109	10,742411
246,882419	880,000000	785,700609	364,282702	-8,883736	10,750131
246,978963	880,000000	785,765310	364,335615	-8,887022	10,742755
247,075624	880,000000	785,797312	364,376038	-8,885746	10,739106
247,172253	880,000000	785,792210	364,402381	-8,885586	10,739688
247,268808	880,000000	785,685072	364,301778	-8,889574	10,751902
247,365419	880,000000	785,647041	364,306320	-8,884023	10,756237
247,462073	880,000000	785,601589	364,259311	-8,887692	10,761419
247,558766	880,000000	785,559616	364,243641	-8,891840	10,766204
247,655329	880,000000	785,523673	364,225927	-8,888394	10,770301
247,751895	880,000000	785,577936	364,267486	-8,886703	10,764115
247,848570	880,000000	785,635910	364,263398	-8,888490	10,757506
247,945110	880,000000	785,678347	364,271347	-8,888617	10,752668
248,041735	880,000000	785,753714	364,291558	-8,882683	10,744077
248,138390	880,000000	785,729365	364,246366	-8,884374	10,746852
248,234965	880,000000	785,708030	364,232967	-8,883895	10,749285
248,331646	880,000000	785,723567	364,240689	-8,883736	10,747513
248,428221	880,000000	785,723335	364,260219	-8,885203	10,747540
248,524881	880,000000	785,699682	364,244322	-8,889223	10,750236
248,621471	880,000000	785,678811	364,217298	-8,890500	10,752616
248,718011	880,000000	785,666056	364,180735	-8,887341	10,754070
248,814690	880,000000	785,619677	364,191635	-8,884884	10,759357
248,911279	880,000000	785,662114	364,256813	-8,887437	10,754519
249,007936	880,000000	785,685999	364,228425	-8,881821	10,751796
249,104618	880,000000	785,706407	364,238191	-8,877897	10,749470
249,201199	880,000000	785,779688	364,259311	-8,881662	10,741116
249,297775	880,000000	785,874074	364,364229	-8,883608	10,730356
249,394357	880,000000	785,925790	364,394205	-8,883991	10,724460
249,490975	880,000000	785,798704	364,291104	-8,880673	10,738948
249,587562	880,000000	785,719857	364,253633	-8,883704	10,747936
249,684228	880,000000	785,663737	364,219796	-8,883736	10,754334
249,780783	880,000000	785,681361	364,224792	-8,886352	10,752325
249,877480	880,000000	785,677419	364,255223	-8,886607	10,752774
249,974088	880,000000	785,681825	364,259992	-8,887150	10,752272
250,070712	880,000000	785,793602	364,335842	-8,886320	10,739529
250,167253	880,000000	785,771107	364,324033	-8,883481	10,742094
250,263874	880,000000	785,696899	364,281112	-8,886799	10,750554
250,360493	880,000000	785,683217	364,229107	-8,881598	10,752113
250,457164	880,000000	785,671622	364,230696	-8,883449	10,753435
250,553698	880,000000	785,669767	364,258629	-8,882523	10,753647
250,650339	880,000000	785,715915	364,254769	-8,880832	10,748386
250,747028	880,000000	785,734003	364,250681	-8,884342	10,746324
250,843555	880,000000	785,752787	364,261809	-8,878950	10,744182
250,940201	880,000000	785,762527	364,273845	-8,880067	10,743072
251,036851	880,000000	785,720089	364,263626	-8,879429	10,747910
251,133438	880,000000	785,705247	364,277933	-8,880162	10,749602
251,230032	880,000000	785,672086	364,276570	-8,883002	10,753382
251,326687	880,000000	785,723103	364,304730	-8,881662	10,747566
251,423309	880,000000	785,748381	364,313587	-8,879620	10,744685
251,519846	880,000000	785,769948	364,308136	-8,878089	10,742226
251,616500	880,000000	785,817488	364,309499	-8,877355	10,736806
251,713147	880,000000	785,858536	364,350603	-8,879492	10,732127
251,809672	880,000000	785,818648	364,336523	-8,879524	10,736674
251,906358	880,000000	785,783862	364,321989	-8,878248	10,740640
252,003003	880,000000	785,720321	364,291104	-8,876302	10,747883
252,099622	880,000000	785,667216	364,302686	-8,871548	10,753937
252,196211	880,000000	785,668839	364,255223	-8,876047	10,753752
252,292854	880,000000	785,678347	364,259084	-8,875409	10,752668
252,389405	880,000000	785,825373	364,362412	-8,876334	10,735907
252,485999	880,000000	785,881031	364,358779	-8,877801	10,729562
252,582671	880,000000	785,876625	364,367408	-8,876015	10,730065
252,679295	880,000000	785,850651	364,313360	-8,879237	10,733026
252,775830	880,000000	785,850187	364,318810	-8,879110	10,733079
252,872464	880,000000	785,841606	364,356054	-8,876334	10,734057
252,969156	880,000000	785,770643	364,307455	-8,872984	10,742147
253,065766	880,000000	785,742119	364,266578	-8,878057	10,745398
253,162323	880,000000	785,656085	364,192998	-8,877100	10,755206
253,259003	880,000000	785,648664	364,221840	-8,876749	10,756052
253,355587	880,000000	785,610865	364,168471	-8,877259	10,760361
253,452247	880,000000	785,705015	364,207987	-8,871867	10,749628
253,548762	880,000000	785,792210	364,238872	-8,875249	10,739688
253,645462	880,000000	785,750700	364,190046	-8,876812	10,744420
253,742013	880,000000	785,765542	364,184822	-8,875664	10,742728
253,838658	880,000000	785,711508	364,114421	-8,877355	10,748888
253,935307	880,000000	785,713596	364,103293	-8,870942	10,748650
254,031848	880,000000	785,689478	364,083308	-8,876430	10,751400
254,128519	880,000000	785,727973	364,091938	-8,871803	10,747011
254,225097	880,000000	785,745134	364,104201	-8,872346	10,745055
254,321764	880,000000	785,765078	364,121234	-8,873781	10,742781
254,418398	880,000000	785,804965	364,114194	-8,875536	10,738234
254,514955	880,000000	785,772731	364,080810	-8,870527	10,741909
254,611511	880,000000	785,721944	364,060825	-8,869762	10,747698
254,708178	880,000000	785,715683	364,061733	-8,869857	10,748412
254,804772	880,000000	785,718929	364,022671	-8,873207	10,748042
254,901448	880,000000	785,757889	364,040385	-8,872984	10,743601
254,998013	880,000000	785,764382	364,066502	-8,871197	10,742860
255,094648	880,000000	785,799631	364,080583	-8,870272	10,738842
255,191236	880,000000	785,900511	364,129183	-8,867783	10,727342
255,287803	880,000000	785,831171	364,066729	-8,869379	10,735247
255,384415	880,000000	785,765542	364,058327	-8,868932	10,742728
255,481073	880,000000	785,707102	363,989968	-8,867177	10,749390
255,577747	880,000000	785,730292	364,023807	-8,867943	10,746747
255,674312	880,000000	785,657012	363,992920	-8,869921	10,755101
255,770876	880,000000	785,685768	363,990195	-8,869793	10,751822
255,867571	880,000000	785,662114	363,994964	-8,871229	10,754519
255,964131	880,000000	785,682057	364,013587	-8,865582	10,752245
256,060844	880,000000	785,755338	364,065140	-8,868294	10,743891
256,157355	880,000000	785,750700	364,011770	-8,867879	10,744420
256,254003	880,000000	785,795457	364,034481	-8,862455	10,739318
256,350608	880,000000	785,791979	364,049242	-8,865263	10,739714
256,447178	880,000000	785,820735	364,050151	-8,861913	10,736436
256,543881	880,000000	785,767397	364,038341	-8,864210	10,742517
256,640513	880,000000	785,777137	364,012679	-8,867241	10,741406
256,737064	880,000000	785,825837	364,073315	-8,864497	10,735855
256,833705	880,000000	785,912339	364,134406	-8,866826	10,725993
256,930352	880,000000	785,887756	364,133498	-8,864178	10,728796
257,026960	880,000000	785,807516	364,105791	-8,860445	10,737943
257,123512	880,000000	785,786413	364,092846	-8,863540	10,740349
257,220166	880,000000	785,816561	364,132362	-8,866412	10,736912
257,316724	880,000000	785,730292	364,063550	-8,865997	10,746747
257,413364	880,000000	785,751627	364,087396	-8,865582	10,744314
257,510011	880,000000	785,678115	364,042429	-8,867720	10,752695
257,606551	880,000000	785,649591	364,035616	-8,865518	10,755947
257,703173	880,000000	785,714755	364,048334	-8,864497	10,748518
257,799831	880,000000	785,829083	364,131000	-8,863700	10,735484
257,896512	880,000000	785,965215	364,188456	-8,866890	10,719966
257,993062	880,000000	785,939936	364,178918	-8,863093	10,722847
258,089714	880,000000	785,885205	364,121007	-8,859265	10,729087
258,186284	880,000000	785,906309	364,149622	-8,855372	10,726681
258,282860	880,000000	785,939009	364,178691	-8,860701	10,722953
258,379515	880,000000	785,851810	364,141446	-8,862742	10,732894
258,476189	880,000000	785,761135	364,077403	-8,863125	10,743231
258,572771	880,000000	785,654229	364,019719	-8,864497	10,755418
258,669329	880,000000	785,572139	363,965441	-8,865614	10,764776
258,765946	880,000000	785,574226	363,940686	-8,861466	10,764538
258,862582	880,000000	785,633127	363,971800	-8,862264	10,757824
258,959247	880,000000	785,679738	363,968847	-8,860254	10,752510
259,055882	880,000000	785,775977	364,011770	-8,862838	10,741539
259,152496	880,000000	785,881031	364,040158	-8,861371	10,729562
259,249040	880,000000	785,926021	364,028122	-8,857957	10,724434
259,345704	880,000000	785,922311	364,004730	-8,856042	10,724857
259,442248	880,000000	785,976347	364,046971	-8,854320	10,718696
259,538956	880,000000	786,076999	364,109652	-8,854639	10,707222
259,635489	880,000000	785,934602	364,016312	-8,855787	10,723455
259,732146	880,000000	785,831403	363,967030	-8,854160	10,735220
259,828721	880,000000	785,684144	363,896854	-8,856649	10,752008
259,925413	880,000000	785,634750	363,883454	-8,858308	10,757638
260,021964	880,000000	785,668607	363,909118	-8,859424	10,753779
260,118615	880,000000	785,665129	363,884817	-8,858116	10,754175
260,215255	880,000000	785,653766	363,849615	-8,861562	10,755471
260,311813	880,000000	785,673477	363,868238	-8,862615	10,753224
260,408387	880,000000	785,751395	363,889359	-8,859967	10,744341
260,505030	880,000000	785,769716	363,873916	-8,852916	10,742252
260,601687	880,000000	785,837896	363,892539	-8,854958	10,734480
260,698312	880,000000	785,828156	363,874824	-8,853969	10,735590
260,794674	880,000000	785,851810	363,884817	-8,856106	10,732894
260,891197	880,000000	785,835577	363,876414	-8,855372	10,734744
260,987809	880,000000	785,835345	363,846890	-8,858148	10,734771
261,084476	880,000000	785,787804	363,825996	-8,855213	10,740190
261,181154	880,000000	785,728205	363,790566	-8,856266	10,746985
261,277709	880,000000	785,728437	363,801695	-8,858372	10,746958
261,374304	880,000000	785,798472	363,850978	-8,863604	10,738974
261,470934	880,000000	785,809371	363,850978	-8,861466	10,737732
261,567510	880,000000	785,904686	363,917748	-8,855692	10,726866
261,664203	880,000000	785,926949	363,940913	-8,851735	10,724328
261,760816	880,000000	785,920919	363,939777	-8,854160	10,725015
261,857356	880,000000	785,823518	363,881865	-8,854352	10,736119
261,954055	880,000000	785,790355	363,870509	-8,857446	10,739900
262,050630	880,000000	785,860623	363,900261	-8,850204	10,731889
262,147238	880,000000	785,858072	363,890722	-8,853362	10,732180
262,243835	880,000000	785,859927	363,920700	-8,855851	10,731968
262,340404	880,000000	785,833026	363,906392	-8,855596	10,735035
262,437090	880,000000	785,813314	363,930012	-8,854352	10,737282
262,533665	880,000000	785,788268	363,848025	-8,854224	10,740137
262,629992	880,000000	785,724031	363,813504	-8,854575	10,747460
262,726687	880,000000	785,805893	363,824406	-8,854064	10,738128
262,823302	880,000000	785,780847	363,800559	-8,853522	10,740983
262,919860	880,000000	785,903062	363,847344	-8,853267	10,727051
263,016534	880,000000	785,949445	363,851886	-8,855819	10,721763
263,113093	880,000000	786,012525	363,886861	-8,849725	10,714572
263,209767	880,000000	786,049864	363,878231	-8,848258	10,710316
263,306293	880,000000	785,981217	363,884136	-8,848353	10,718141
263,402967	880,000000	785,934370	363,823270	-8,848002	10,723482
263,499523	880,000000	785,881495	363,783980	-8,848609	10,729510
263,596193	880,000000	785,834185	363,773533	-8,848066	10,734903
263,692801	880,000000	785,837432	363,774668	-8,850300	10,734533
263,789396	880,000000	785,836273	363,800559	-8,850332	10,734665
263,886055	880,000000	785,816792	363,794200	-8,852820	10,736886
263,982646	880,000000	785,802182	363,796698	-8,848960	10,738551
264,079335	880,000000	785,792674	363,802376	-8,849342	10,739635
264,175906	880,000000	785,854825	363,818728	-8,849725	10,732550
264,272506	880,000000	785,907469	363,852113	-8,848481	10,726549
264,369165	880,000000	785,968461	363,870055	-8,864306	10,719595
264,465778	880,000000	785,965215	363,861652	-8,855564	10,719966
264,562350	880,000000	785,969157	363,912524	-8,852980	10,719516
264,658927	880,000000	785,948285	363,851659	-8,848066	10,721896
264,755625	880,000000	785,916281	363,849615	-8,847971	10,725544
264,852184	880,000000	785,929500	363,838032	-8,847013	10,724037
264,948795	880,000000	785,802878	363,780119	-8,844780	10,738472
265,045458	880,000000	785,755338	363,759679	-8,843089	10,743891
265,141992	880,000000	785,709189	363,743554	-8,844684	10,749152
265,238587	880,000000	785,716842	363,713347	-8,845291	10,748280
265,335208	880,000000	785,721248	363,699266	-8,846184	10,747778
265,431853	880,000000	785,821431	363,766492	-8,840664	10,736357
265,528515	880,000000	785,959417	363,848025	-8,844206	10,720626
265,625141	880,000000	785,963823	363,818274	-8,844748	10,720124
265,721681	880,000000	785,947589	363,755591	-8,843408	10,721975
265,818104	880,000000	785,937849	363,795335	-8,842323	10,723085
265,914648	880,000000	785,826301	363,736740	-8,844238	10,735802
266,011261	880,000000	785,795921	363,716981	-8,844397	10,739265
266,107885	880,000000	785,753251	363,695178	-8,845003	10,744129
266,204546	880,000000	785,759280	363,706080	-8,841175	10,743442
266,301093	880,000000	785,800095	363,680870	-8,843727	10,738789
266,397749	880,000000	785,836273	363,693588	-8,837410	10,734665
266,494382	880,000000	785,909092	363,729018	-8,837953	10,726364
266,590987	880,000000	786,023657	363,822816	-8,842962	10,713303
266,687611	880,000000	785,986319	363,797607	-8,840122	10,717560
266,784252	880,000000	785,959881	363,786932	-8,843376	10,720574
266,880863	880,000000	785,943647	363,808735	-8,847077	10,722424
266,977439	880,000000	785,901207	363,803057	-8,837506	10,727262
267,074015	880,000000	785,821431	363,748550	-8,840058	10,736357
267,170687	880,000000	785,752091	363,703354	-8,836325	10,744262
267,267247	880,000000	785,718929	363,711758	-8,839133	10,748042
267,363922	880,000000	785,766701	363,726520	-8,842674	10,742596
267,460549	880,000000	785,699218	363,677463	-8,841622	10,750289
267,557087	880,000000	785,643330	363,626589	-8,839516	10,756660
267,653762	880,000000	785,676492	363,622728	-8,841143	10,752880
267,750410	880,000000	785,725654	363,637491	-8,837921	10,747275
267,846990	880,000000	785,725886	363,599562	-8,841845	10,747249
267,943566	880,000000	785,775281	363,624091	-8,837665	10,741618
268,040141	880,000000	785,801023	363,617277	-8,838942	10,738683
268,136828	880,000000	785,845781	363,667243	-8,832561	10,733581
268,233386	880,000000	785,811922	363,590931	-8,832401	10,737441
268,330101	880,000000	785,820967	363,606148	-8,834156	10,736410
268,426684	880,000000	785,809603	363,646802	-8,832816	10,737705
268,523320	880,000000	785,806589	363,638853	-8,834826	10,738049
268,619906	880,000000	785,794298	363,602060	-8,834060	10,739450
268,716215	880,000000	785,799631	363,645213	-8,832401	10,738842
268,812887	880,000000	785,743047	363,583664	-8,835336	10,745293
268,909480	880,000000	785,695971	363,588206	-8,837633	10,750659
269,006070	880,000000	785,736322	363,597291	-8,837984	10,746059
269,102662	880,000000	785,780383	363,615914	-8,837474	10,741036
269,199362	880,000000	785,786645	363,648392	-8,835719	10,740322
269,295912	880,000000	785,811227	363,639762	-8,833613	10,737520
269,392609	880,000000	785,801255	363,659521	-8,832401	10,738657
269,489163	880,000000	785,819575	363,663609	-8,835273	10,736568
269,585739	880,000000	785,764846	363,637718	-8,832688	10,742808
269,682444	880,000000	785,792906	363,637491	-8,832561	10,739609
269,779020	880,000000	785,721248	363,618867	-8,829849	10,747778
269,875610	880,000000	785,715451	363,628179	-8,831157	10,748439
269,972196	880,000000	785,700841	363,611599	-8,832656	10,750104
270,068872	880,000000	785,732843	363,654751	-8,830423	10,746456
270,165497	880,000000	785,750004	363,630450	-8,826882	10,744500
270,262054	880,000000	785,736786	363,630450	-8,829370	10,746006
270,358461	880,000000	785,786413	363,679961	-8,826913	10,740349
270,455069	880,000000	785,762063	363,655660	-8,828062	10,743125
270,551680	880,000000	785,814937	363,699266	-8,832050	10,737097
270,648297	880,000000	785,825141	363,720161	-8,830774	10,735934
270,744865	880,000000	785,862246	363,708578	-8,830774	10,731704
270,841490	880,000000	785,814241	363,706761	-8,831635	10,737176
270,938079	880,000000	785,804270	363,707897	-8,830806	10,738313
271,034740	880,000000	785,810763	363,736967	-8,830327	10,737573
271,131372	880,000000	785,807052	363,745143	-8,834571	10,737996
271,227967	880,000000	785,814473	363,763313	-8,830997	10,737150
271,324543	880,000000	785,791051	363,740828	-8,831061	10,739820
271,421189	880,000000	785,760208	363,725839	-8,831125	10,743336
271,517782	880,000000	785,905381	363,838260	-8,827679	10,726787
271,614448	880,000000	785,964751	363,863242	-8,832178	10,720018
271,711037	880,000000	786,030615	363,900488	-8,828094	10,712510
271,807335	880,000000	785,899816	363,834626	-8,834124	10,727421
271,903946	880,000000	785,818648	363,758316	-8,832337	10,736674
272,000618	880,000000	785,688782	363,721524	-8,831859	10,751479
272,097254	880,000000	785,729365	363,786024	-8,829721	10,746852
272,193889	880,000000	785,801023	363,804193	-8,833486	10,738683
272,290430	880,000000	785,925326	363,880956	-8,830870	10,724513
272,387055	880,000000	785,907700	363,870509	-8,829179	10,726522
272,483693	880,000000	785,860623	363,823497	-8,828700	10,731889
272,580272	880,000000	785,910947	363,870963	-8,826116	10,726152
272,676882	880,000000	785,883582	363,845981	-8,827743	10,729272
272,773575	880,000000	785,875929	363,806237	-8,830870	10,730144
272,870190	880,000000	785,837200	363,758770	-8,828636	10,734559
272,966806	880,000000	785,893090	363,807599	-8,827615	10,728188
273,063359	880,000000	785,922543	363,829175	-8,825127	10,724830
273,159970	880,000000	785,938777	363,817365	-8,825956	10,722979
273,256663	880,000000	785,951764	363,801013	-8,827488	10,721499
273,353195	880,000000	785,928572	363,777394	-8,831093	10,724143
273,449877	880,000000	785,877088	363,743326	-8,830327	10,730012
273,546466	880,000000	785,839055	363,714710	-8,828222	10,734348
273,643106	880,000000	785,773658	363,715619	-8,830487	10,741803
273,739662	880,000000	785,761135	363,707442	-8,826020	10,743231
273,836254	880,000000	785,747221	363,753774	-8,825446	10,744817
273,932918	880,000000	785,755106	363,748096	-8,828253	10,743918
274,029585	880,000000	785,844157	363,775577	-8,825159	10,733766
274,126156	880,000000	785,911411	363,793746	-8,828094	10,726099
274,222768	880,000000	786,037109	363,854612	-8,827488	10,711770
274,319441	880,000000	786,047313	363,840531	-8,826658	10,710606
274,415963	880,000000	785,964751	363,774214	-8,820756	10,720018
274,512589	880,000000	785,882190	363,725612	-8,824553	10,729430
274,608993	880,000000	785,840447	363,700175	-8,823723	10,734189
274,705499	880,000000	785,818648	363,722432	-8,826786	10,736674
274,802138	880,000000	785,847868	363,694724	-8,825605	10,733343
274,898818	880,000000	785,852970	363,737876	-8,828413	10,732761
274,995456	880,000000	785,889611	363,714256	-8,822255	10,728584
275,091997	880,000000	785,850187	363,626589	-8,824999	10,733079
275,188661	880,000000	785,863174	363,663836	-8,826052	10,731598
275,285212	880,000000	785,870595	363,650209	-8,824265	10,730752
275,381882	880,000000	785,826996	363,637945	-8,820469	10,735722
275,478434	880,000000	785,823750	363,643850	-8,822989	10,736093
275,575135	880,000000	785,834417	363,650663	-8,821713	10,734876
275,671697	880,000000	785,844157	363,628860	-8,818586	10,733766
275,768311	880,000000	785,890539	363,681551	-8,823404	10,728479
275,864985	880,000000	785,909092	363,672467	-8,823851	10,726364
275,961530	880,000000	785,883118	363,665199	-8,819863	10,729325
276,058180	880,000000	785,979593	363,714710	-8,818331	10,718326
276,154762	880,000000	786,002321	363,752865	-8,822192	10,715735
276,251436	880,000000	786,020874	363,739238	-8,813099	10,713620
276,348008	880,000000	785,993508	363,745598	-8,820245	10,716740
276,444694	880,000000	785,948053	363,689273	-8,819544	10,721922
276,541207	880,000000	785,878480	363,672012	-8,818554	10,729853
276,637850	880,000000	785,836736	363,636582	-8,825031	10,734612
276,734513	880,000000	785,756497	363,597064	-8,822543	10,743759
276,831088	880,000000	785,743511	363,602514	-8,820660	10,745240
276,927745	880,000000	785,703624	363,573897	-8,822798	10,749787
277,024346	880,000000	785,698986	363,571626	-8,820469	10,750316
277,120929	880,000000	785,720784	363,603423	-8,821904	10,747831
277,217590	880,000000	785,770411	363,597518	-8,821585	10,742173
277,314179	880,000000	785,915122	363,675192	-8,824584	10,725676
277,410828	880,000000	786,038964	363,751957	-8,822702	10,711558
277,507422	880,000000	785,999074	363,705171	-8,824297	10,716106
277,603945	880,000000	785,890539	363,641579	-8,822606	10,728479
277,700571	880,000000	785,812154	363,607057	-8,821330	10,737414
277,797215	880,000000	785,794993	363,603423	-8,822798	10,739371
277,893872	880,000000	785,833953	363,620684	-8,820596	10,734929
277,990513	880,000000	785,846940	363,631586	-8,817119	10,733449
278,087122	880,000000	785,880799	363,641124	-8,816704	10,729589
278,183664	880,000000	785,888220	363,624772	-8,819129	10,728743
278,280322	880,000000	785,891931	363,640216	-8,820788	10,728320
278,376891	880,000000	785,878016	363,594338	-8,817629	10,729906
278,473590	880,000000	785,912339	363,615233	-8,821298	10,725993
278,570178	880,000000	785,944342	363,615687	-8,816194	10,722345
278,666740	880,000000	785,905845	363,583436	-8,815013	10,726734
278,763337	880,000000	785,889148	363,577986	-8,817884	10,728637
278,859998	880,000000	785,801487	363,540284	-8,823308	10,738631
278,956605	880,000000	785,749540	363,485774	-8,818204	10,744552
279,053262	880,000000	785,769484	363,525294	-8,822511	10,742279
279,149807	880,000000	785,746757	363,509849	-8,821139	10,744870
279,246454	880,000000	785,718465	363,466242	-8,817438	10,748095
279,343107	880,000000	785,797776	363,512121	-8,819161	10,739054
279,439679	880,000000	785,764846	363,490771	-8,820214	10,742808
279,536339	880,000000	785,778296	363,490317	-8,816162	10,741274
279,632964	880,000000	785,820967	363,492134	-8,813003	10,736410
279,729519	880,000000	785,843694	363,498493	-8,814471	10,733819
279,826155	880,000000	785,893786	363,512121	-8,811599	10,728108
279,922700	880,000000	785,965679	363,574352	-8,817087	10,719913
280,019074	880,000000	786,005568	363,606148	-8,814598	10,715365
280,115500	880,000000	786,023193	363,624772	-8,812939	10,713356
280,212058	880,000000	785,940632	363,588887	-8,811057	10,722768
280,308694	880,000000	785,871059	363,556182	-8,811599	10,730699
280,405270	880,000000	785,842766	363,579348	-8,809844	10,733925
280,501952	880,000000	785,849259	363,564813	-8,808504	10,733184
280,598508	880,000000	785,781543	363,556636	-8,814088	10,740904
280,695149	880,000000	785,774586	363,552548	-8,812046	10,741697
280,791814	880,000000	785,827924	363,557999	-8,811886	10,735617
280,888405	880,000000	785,865029	363,565721	-8,814471	10,731387
280,984968	880,000000	785,896569	363,521660	-8,814311	10,727791
281,081341	880,000000	785,908164	363,583436	-8,811535	10,726469
281,177935	880,000000	785,951764	363,620684	-8,809398	10,721499
281,274559	880,000000	785,934602	363,605240	-8,811982	10,723455
281,371162	880,000000	786,021802	363,671104	-8,811535	10,713515
281,467756	880,000000	786,092769	363,697449	-8,811344	10,705424
281,564381	880,000000	786,057517	363,686094	-8,810770	10,709443
281,661061	880,000000	786,007887	363,668833	-8,810195	10,715101
281,757668	880,000000	785,882654	363,610691	-8,809557	10,729377
281,854291	880,000000	785,890075	363,642941	-8,814917	10,728531
281,950868	880,000000	785,935530	363,672012	-8,812684	10,723350
282,047443	880,000000	785,963359	363,704717	-8,809940	10,720177
282,143817	880,000000	785,944806	363,679734	-8,809206	10,722292
282,240500	880,000000	785,883582	363,634765	-8,807069	10,729272
282,336846	880,000000	785,840911	363,591613	-8,812142	10,734136
282,433378	880,000000	785,728669	363,533470	-8,811982	10,746932
282,530084	880,000000	785,682753	363,499402	-8,808887	10,752166
282,626667	880,000000	785,829779	363,610691	-8,806845	10,735405
282,723001	880,000000	785,881727	363,657931	-8,810195	10,729483
282,819684	880,000000	785,964287	363,701537	-8,811408	10,720071
282,916253	880,000000	785,974955	363,642941	-8,807898	10,718855
283,012813	880,000000	785,953619	363,633402	-8,808090	10,721287
283,109488	880,000000	785,842766	363,563450	-8,810738	10,733925
283,206112	880,000000	785,780151	363,519843	-8,811823	10,741063
283,302678	880,000000	785,703624	363,486683	-8,811823	10,749787
283,399320	880,000000	785,673013	363,492588	-8,808026	10,753277
283,495893	880,000000	785,707798	363,489408	-8,807069	10,749311
283,592517	880,000000	785,724031	363,491680	-8,811982	10,747460
283,689209	880,000000	785,740728	363,495768	-8,809813	10,745557
283,785787	880,000000	785,778296	363,520297	-8,808919	10,741274
283,882443	880,000000	785,881263	363,578894	-8,805314	10,729536
283,979018	880,000000	785,925790	363,562996	-8,807962	10,724460
284,075559	880,000000	785,913266	363,566630	-8,806271	10,725888
284,172243	880,000000	785,895641	363,557999	-8,804516	10,727897
284,268869	880,000000	785,935530	363,617504	-8,803495	10,723350
284,365478	880,000000	786,031079	363,691090	-8,807643	10,712457
284,462035	880,000000	785,959185	363,613870	-8,804261	10,720653
284,558726	880,000000	785,891931	363,608874	-8,801868	10,728320
284,655284	880,000000	785,821894	363,547551	-8,802411	10,736304
284,751934	880,000000	785,799168	363,516209	-8,802506	10,738895
284,848528	880,000000	785,818648	363,503490	-8,804516	10,736674
284,945143	880,000000	785,810299	363,542101	-8,809781	10,737626
285,041796	880,000000	785,812618	363,516209	-8,806686	10,737362
285,138380	880,000000	785,786645	363,485774	-8,805856	10,740322
285,234986	880,000000	785,791283	363,510304	-8,805059	10,739794
285,331653	880,000000	785,731916	363,455340	-8,807803	10,746562
285,428262	880,000000	785,749540	363,459882	-8,806080	10,744552
285,524862	880,000000	785,770411	363,478507	-8,806271	10,742173
285,621422	880,000000	785,831634	363,491680	-8,806207	10,735194
285,718087	880,000000	785,798240	363,440350	-8,808058	10,739001
285,814664	880,000000	785,803342	363,456703	-8,805793	10,738419
285,911327	880,000000	785,759744	363,483503	-8,806750	10,743389
286,007934	880,000000	785,903062	363,553457	-8,804389	10,727051
286,104511	880,000000	786,031079	363,632948	-8,804484	10,712457
286,201184	880,000000	786,116425	363,701537	-8,800305	10,702728
286,297761	880,000000	786,144256	363,680643	-8,801294	10,699555
286,394391	880,000000	786,063547	363,657477	-8,805154	10,708756
286,491044	880,000000	786,001393	363,588433	-8,801007	10,715841
286,587595	880,000000	785,871523	363,526656	-8,802985	10,730646
286,684199	880,000000	785,801950	363,472601	-8,806399	10,738578
286,767608	880,000000	785,751859	363,425360	-8,807133	10,744288
286,864200	880,000000	785,665592	363,381297	-8,810546	10,754122
286,960776	880,000000	785,666984	363,361310	-8,806941	10,753964
287,057427	880,000000	785,693884	363,358585	-8,805123	10,750897
287,153991	880,000000	785,818648	363,430811	-8,803910	10,736674
287,250897	880,000000	785,926253	363,451706	-8,805537	10,724407
287,347469	880,000000	785,924862	363,423997	-8,801071	10,724566
287,444079	880,000000	786,006959	363,478052	-8,798646	10,715207
287,540779	880,000000	786,031079	363,469876	-8,799444	10,712457
287,637372	880,000000	786,055662	363,438533	-8,797083	10,709655
287,733704	880,000000	786,082101	363,453069	-8,795455	10,706641
287,830322	880,000000	786,028760	363,426268	-8,794371	10,712721
287,926902	880,000000	785,965215	363,377663	-8,801804	10,719966
288,023579	880,000000	785,938313	363,347228	-8,797306	10,723032
288,120130	880,000000	785,884973	363,360402	-8,795870	10,729113
288,216812	880,000000	785,843230	363,314068	-8,796636	10,733872
288,313338	880,000000	785,846940	363,356768	-8,795806	10,733449
288,410030	880,000000	785,876625	363,339052	-8,801804	10,730065
288,506605	880,000000	785,916049	363,339506	-8,798933	10,725570
288,603179	880,000000	785,947125	363,376755	-8,796062	10,722028
288,699878	880,000000	785,919296	363,366761	-8,794307	10,725200
288,796472	880,000000	785,920224	363,334055	-8,794530	10,725095
288,893071	880,000000	786,025049	363,428994	-8,795424	10,713144
288,989728	880,000000	786,035717	363,418092	-8,798805	10,711928
289,086261	880,000000	786,043602	363,423997	-8,797912	10,711029
289,182863	880,000000	785,992117	363,399467	-8,795775	10,716899
289,279590	880,000000	785,987942	363,378118	-8,797274	10,717375
289,375641	880,000000	786,002785	363,370395	-8,795009	10,715683
289,472231	880,000000	786,038964	363,394471	-8,799029	10,711558
289,568838	880,000000	786,129877	363,463062	-8,794115	10,701194
289,665500	880,000000	786,244912	363,538012	-8,796668	10,688080
289,762057	880,000000	786,245839	363,507578	-8,797593	10,687974
289,858696	880,000000	786,155852	363,457611	-8,800464	10,698233
289,955341	880,000000	785,966142	363,333147	-8,795583	10,719860
290,051901	880,000000	785,832562	363,294535	-8,795647	10,735088
290,148341	880,000000	785,745830	363,274548	-8,796764	10,744975
290,244882	880,000000	785,695275	363,247292	-8,797912	10,750739
290,341506	880,000000	785,679506	363,229576	-8,800177	10,752536
290,438099	880,000000	785,735162	363,249563	-8,795838	10,746191
290,534686	880,000000	785,809371	363,298169	-8,798199	10,737732
290,631314	880,000000	785,885901	363,315431	-8,797912	10,729007
290,727989	880,000000	785,957330	363,349954	-8,798231	10,720864
290,824351	880,000000	786,002785	363,379480	-8,794722	10,715683
290,920874	880,000000	785,929036	363,298623	-8,792712	10,724090
291,017302	880,000000	785,912339	363,304074	-8,793956	10,725993
291,113612	880,000000	785,936457	363,340869	-8,793318	10,723244
291,210276	880,000000	785,925326	363,364944	-8,792297	10,724513
291,306831	880,000000	785,868740	363,339960	-8,792871	10,730964
291,403475	880,000000	785,854361	363,298623	-8,793190	10,732603
291,500072	880,000000	785,876625	363,290901	-8,796508	10,730065
291,596731	880,000000	785,938777	363,305891	-8,797561	10,722979
291,693386	880,000000	785,957330	363,318156	-8,791850	10,720864
291,789910	880,000000	785,922543	363,322244	-8,789075	10,724830
291,886567	880,000000	785,960113	363,353588	-8,791308	10,720547
291,983206	880,000000	785,930892	363,313159	-8,789489	10,723878
292,066552	880,000000	785,880799	363,277273	-8,790702	10,729589
292,163127	880,000000	785,859463	363,270913	-8,794945	10,732021
292,259693	880,000000	785,874769	363,309525	-8,794881	10,730276
292,356371	880,000000	785,915585	363,298623	-8,791946	10,725623
292,452968	880,000000	785,919760	363,305437	-8,792935	10,725147
292,549519	880,000000	785,939704	363,293172	-8,791404	10,722874
292,646160	880,000000	785,913266	363,256377	-8,791085	10,725888
292,742817	880,000000	785,915122	363,268188	-8,790734	10,725676
292,839412	880,000000	785,916049	363,265917	-8,794435	10,725570
292,935984	880,000000	785,949445	363,276819	-8,794339	10,721763
293,032444	880,000000	785,931819	363,280453	-8,791435	10,723773
293,129044	880,000000	785,933675	363,291809	-8,790925	10,723561
293,225637	880,000000	785,948981	363,318156	-8,789106	10,721816
293,321950	880,000000	785,912339	363,311797	-8,789904	10,725993
293,418289	880,000000	785,884046	363,303166	-8,788692	10,729219
293,514901	880,000000	785,869667	363,275456	-8,790191	10,730858
293,611582	880,000000	785,825141	363,269096	-8,786458	10,735934
293,708201	880,000000	785,832098	363,306346	-8,785693	10,735141
293,804805	880,000000	785,820503	363,314068	-8,789298	10,736463
293,901388	880,000000	785,840447	363,328604	-8,788883	10,734189
293,998061	880,000000	785,830243	363,324970	-8,788660	10,735352
294,094662	880,000000	785,818648	363,344049	-8,790638	10,736674
294,191185	880,000000	785,806125	363,311342	-8,789170	10,738102
294,287923	880,000000	785,826069	363,326787	-8,788851	10,735828
294,384467	880,000000	785,805661	363,313159	-8,788628	10,738155
294,481122	880,000000	785,802878	363,294989	-8,786012	10,738472
294,577680	880,000000	785,771803	363,299532	-8,789330	10,742014
294,674319	880,000000	785,747685	363,288175	-8,788787	10,744764
294,770958	880,000000	785,812618	363,289992	-8,791404	10,737362
294,867484	880,000000	785,817720	363,300894	-8,788660	10,736780
294,964156	880,000000	785,845549	363,280453	-8,783459	10,733607
295,060820	880,000000	785,826069	363,301349	-8,785437	10,735828
295,157377	880,000000	785,884509	363,345866	-8,786682	10,729166
295,253970	880,000000	785,892858	363,364490	-8,786522	10,728214
295,350634	880,000000	785,888220	363,340415	-8,786426	10,728743
295,447206	880,000000	785,946662	363,363582	-8,785150	10,722081
295,543899	880,000000	785,987710	363,401512	-8,788755	10,717401
295,640455	880,000000	785,983304	363,398105	-8,793414	10,717903
295,737129	880,000000	785,963823	363,399467	-8,786426	10,720124
295,833685	880,000000	785,885901	363,324289	-8,786171	10,729007
295,930335	880,000000	785,896105	363,369941	-8,788054	10,727844
296,026911	880,000000	785,913730	363,413549	-8,785374	10,725835
296,123603	880,000000	785,934138	363,410369	-8,786139	10,723508
296,220204	880,000000	785,931819	363,403556	-8,785756	10,723773
296,316754	880,000000	785,921151	363,408098	-8,783459	10,724989
296,413132	880,000000	785,876856	363,366534	-8,786682	10,730038
296,509788	880,000000	785,863638	363,384477	-8,788245	10,731545
296,606387	880,000000	785,828156	363,396061	-8,787894	10,735590
296,703008	880,000000	785,850651	363,402193	-8,785118	10,733026
296,799621	880,000000	785,933211	363,449889	-8,786490	10,723614
296,896264	880,000000	785,941560	363,438079	-8,783140	10,722662
296,992823	880,000000	785,964519	363,465106	-8,780396	10,720045
297,089894	880,000000	785,959881	363,447391	-8,779216	10,720574
297,186561	880,000000	785,903990	363,409461	-8,780460	10,726945
297,283219	880,000000	785,832562	363,368805	-8,780205	10,735088
297,379766	880,000000	785,813082	363,378572	-8,784927	10,737309
297,476402	880,000000	785,793602	363,389474	-8,783970	10,739529
297,572979	880,000000	785,838592	363,429448	-8,781481	10,734401
297,669686	880,000000	785,874537	363,444892	-8,785884	10,730303
297,766279	880,000000	785,965679	363,489863	-8,786203	10,719913
297,862850	880,000000	786,081637	363,573443	-8,787320	10,706693
297,959495	880,000000	786,034326	363,535287	-8,783108	10,712087
298,056156	880,000000	786,033630	363,546416	-8,778323	10,712166
298,152718	880,000000	785,922079	363,469876	-8,782534	10,724883
298,249371	880,000000	785,843694	363,421271	-8,780588	10,733819
298,345947	880,000000	785,810299	363,412641	-8,781928	10,737626
298,442499	880,000000	785,749540	363,364944	-8,777972	10,744552
298,539184	880,000000	785,798240	363,416275	-8,778833	10,739001
298,635763	880,000000	785,834417	363,460337	-8,781832	10,734876
298,732420	880,000000	785,817024	363,423770	-8,781960	10,736859
298,828964	880,000000	785,881727	363,473510	-8,783395	10,729483
298,925671	880,000000	785,929036	363,452160	-8,781354	10,724090
299,022257	880,000000	786,009742	363,483503	-8,777461	10,714889
299,118833	880,000000	785,972172	363,457157	-8,776153	10,719172
299,215512	880,000000	786,029687	363,518480	-8,771527	10,712616
299,312117	880,000000	785,999538	363,486683	-8,769900	10,716053
299,408725	880,000000	785,952228	363,500537	-8,775994	10,721446
299,505358	880,000000	785,890539	363,469876	-8,782375	10,728479
299,601913	880,000000	785,877552	363,475554	-8,779184	10,729959
299,698329	880,000000	785,868740	363,459428	-8,776951	10,730964
299,794878	880,000000	785,852506	363,467150	-8,781449	10,732814
299,891476	880,000000	785,879407	363,464425	-8,777780	10,729748
299,988133	880,000000	785,904686	363,475100	-8,771176	10,726866
300,084782	880,000000	785,935066	363,485774	-8,776121	10,723402
300,181315	880,000000	785,990030	363,528928	-8,775611	10,717137
300,278004	880,000000	785,947589	363,500765	-8,776855	10,721975
300,374583	880,000000	785,886133	363,473056	-8,779216	10,728981
300,471156	880,000000	785,871523	363,483957	-8,778865	10,730646
300,567835	880,000000	785,800559	363,458974	-8,778769	10,738736
300,664448	880,000000	785,842998	363,500310	-8,780237	10,733898
300,761075	880,000000	785,803342	363,443984	-8,776791	10,738419
300,857636	880,000000	785,827228	363,486002	-8,773377	10,735696
300,954261	880,000000	785,885901	363,503036	-8,769485	10,729007
301,050870	880,000000	785,927645	363,532562	-8,772707	10,724248
301,147511	880,000000	786,001857	363,579121	-8,774909	10,715788
301,244136	880,000000	785,977970	363,544599	-8,772580	10,718511
301,340692	880,000000	785,951764	363,526883	-8,773473	10,721499
301,437352	880,000000	785,906773	363,513483	-8,776249	10,726628
301,534004	880,000000	785,876161	363,460110	-8,774430	10,730118
301,630580	880,000000	785,870363	363,483730	-8,776121	10,730779
301,727140	880,000000	785,888916	363,494632	-8,774941	10,728664
301,823782	880,000000	785,947589	363,514392	-8,775419	10,721975
301,920425	880,000000	785,941328	363,485093	-8,771463	10,722689
302,017031	880,000000	786,003481	363,512575	-8,776727	10,715603
302,113582	880,000000	785,967766	363,498948	-8,770187	10,719675
302,210289	880,000000	785,980057	363,491453	-8,775802	10,718273
302,306834	880,000000	785,986087	363,500765	-8,774271	10,717586
302,403540	880,000000	785,966374	363,503036	-8,772931	10,719833
302,500126	880,000000	785,924398	363,503036	-8,774494	10,724619
302,596698	880,000000	785,937385	363,551640	-8,773026	10,723138
302,693337	880,000000	785,884509	363,513029	-8,772133	10,729166
302,789913	880,000000	785,874769	363,536423	-8,775387	10,730276
302,886592	880,000000	785,857376	363,515073	-8,772644	10,732259
302,983131	880,000000	785,884741	363,512121	-8,773186	10,729139
303,079855	880,000000	785,872450	363,517117	-8,772101	10,730541
303,176389	880,000000	785,863638	363,518026	-8,773026	10,731545
303,272786	880,000000	785,897496	363,485093	-8,772931	10,727685
303,369319	880,000000	785,959881	363,486456	-8,772261	10,720574
303,466005	880,000000	785,939472	363,498266	-8,775100	10,722900
303,562586	880,000000	785,946894	363,515300	-8,774015	10,722054
303,659267	880,000000	785,985623	363,533924	-8,773186	10,717639
303,755817	880,000000	785,936457	363,534833	-8,770378	10,723244
303,852491	880,000000	785,925326	363,499629	-8,772771	10,724513
303,949099	880,000000	785,943183	363,526429	-8,767284	10,722477
304,045657	880,000000	785,904222	363,463516	-8,766231	10,726919
304,142332	880,000000	785,965679	363,539602	-8,771750	10,719913
304,238942	880,000000	785,955706	363,487364	-8,767666	10,721049
304,335600	880,000000	785,954315	363,491680	-8,770602	10,721208
304,432177	880,000000	785,898424	363,456021	-8,774749	10,727580
304,528793	880,000000	785,873610	363,443530	-8,770602	10,730408
304,625375	880,000000	785,928804	363,480778	-8,773920	10,724116
304,721974	880,000000	785,907700	363,454659	-8,768943	10,726522
304,818633	880,000000	785,868972	363,447845	-8,773026	10,730937
304,915164	880,000000	785,949908	363,496222	-8,770825	10,721710
305,011818	880,000000	785,984464	363,508032	-8,771686	10,717771
305,108225	880,000000	786,064011	363,574806	-8,776727	10,708703
305,204783	880,000000	786,031774	363,518934	-8,773984	10,712378
305,301457	880,000000	786,028064	363,534151	-8,773601	10,712801
305,397984	880,000000	785,960113	363,502127	-8,771878	10,720547
305,494673	880,000000	785,989798	363,489636	-8,771431	10,717163
305,591213	880,000000	785,919760	363,488727	-8,773186	10,725147
305,687860	880,000000	785,944111	363,521433	-8,771399	10,722371
305,784517	880,000000	785,865261	363,455794	-8,770123	10,731360
305,881056	880,000000	785,849259	363,474191	-8,771623	10,733184
305,977770	880,000000	785,862942	363,467832	-8,772261	10,731625
306,074138	880,000000	785,802878	363,408098	-8,772580	10,738472
306,170654	880,000000	785,772962	363,360856	-8,771527	10,741882
306,267276	880,000000	785,785949	363,366307	-8,770442	10,740402
306,363860	880,000000	785,795689	363,350635	-8,770442	10,739291
306,460502	880,000000	785,826532	363,392427	-8,775483	10,735775
306,557141	880,000000	785,863870	363,371077	-8,772356	10,731519
306,653692	880,000000	785,891467	363,361083	-8,771655	10,728373
306,750337	880,000000	785,915354	363,331330	-8,772197	10,725650
306,847014	880,000000	785,913962	363,314976	-8,771655	10,725808
306,943543	880,000000	785,930196	363,319973	-8,770761	10,723958
307,040170	880,000000	785,886597	363,305664	-8,769485	10,728928
307,136800	880,000000	785,876393	363,303166	-8,772229	10,730091
307,233470	880,000000	785,872914	363,280907	-8,768560	10,730488
307,330083	880,000000	785,833490	363,277954	-8,765210	10,734982
307,426701	880,000000	785,791051	363,263191	-8,770059	10,739820
307,523233	880,000000	785,803806	363,276365	-8,769836	10,738366
307,619860	880,000000	785,842534	363,292491	-8,768911	10,733951
307,716552	880,000000	785,931819	363,351317	-8,770666	10,723773
307,813112	880,000000	785,944342	363,317929	-8,770953	10,722345
307,909767	880,000000	785,981449	363,354951	-8,776791	10,718115
308,006390	880,000000	786,014613	363,332011	-8,769230	10,714334
308,102913	880,000000	786,023657	363,314976	-8,769581	10,713303
308,199581	880,000000	786,046617	363,349727	-8,770634	10,710686
308,296175	880,000000	786,025513	363,337689	-8,769836	10,713092
308,392856	880,000000	786,079782	363,408098	-8,766805	10,706905
308,489416	880,000000	786,123383	363,470103	-8,764955	10,701934
308,586001	880,000000	786,123383	363,461018	-8,768368	10,701934
308,682675	880,000000	786,054270	363,420590	-8,769645	10,709813
308,779300	880,000000	786,037572	363,440123	-8,769134	10,711717
308,875904	880,000000	786,025745	363,460337	-8,773984	10,713065
308,972473	880,000000	785,959417	363,419682	-8,769421	10,720626
309,069154	880,000000	785,878712	363,335418	-8,765816	10,729827
309,165682	880,000000	785,785485	363,295670	-8,763296	10,740455
309,262304	880,000000	785,759048	363,302030	-8,769230	10,743469
309,359010	880,000000	785,848100	363,344503	-8,767220	10,733317
309,455528	880,000000	785,935066	363,388793	-8,769836	10,723402
309,552158	880,000000	786,038964	363,397423	-8,766709	10,711558
309,648849	880,000000	786,068186	363,373348	-8,768177	10,708227
309,745389	880,000000	786,077694	363,386294	-8,766263	10,707143
309,841988	880,000000	786,146575	363,427404	-8,765433	10,699290
309,938596	880,000000	786,183451	363,478507	-8,764891	10,695087
310,035293	880,000000	786,204788	363,503717	-8,763870	10,692654
310,131918	880,000000	786,087667	363,440804	-8,769357	10,706006
310,228484	880,000000	786,019483	363,439668	-8,767316	10,713779
310,325151	880,000000	785,904222	363,354951	-8,762945	10,726919
310,421770	880,000000	785,793138	363,316566	-8,768241	10,739582
310,518293	880,000000	785,886365	363,397650	-8,765912	10,728954
310,614718	880,000000	785,878712	363,370850	-8,765337	10,729827
310,711343	880,000000	785,992813	363,437851	-8,769900	10,716819
310,807953	880,000000	786,007887	363,412868	-8,765274	10,715101
310,904518	880,000000	785,970317	363,360402	-8,764795	10,719384
311,001162	880,000000	786,006032	363,395606	-8,767379	10,715312
311,097794	880,000000	785,971708	363,360856	-8,767347	10,719225
311,194164	880,000000	785,956402	363,376074	-8,767635	10,720970
311,290685	880,000000	785,913498	363,333601	-8,761126	10,725861
311,387343	880,000000	785,890075	363,316112	-8,762913	10,728531
311,483901	880,000000	785,922311	363,360856	-8,761413	10,724857
311,580611	880,000000	785,966838	363,398786	-8,761030	10,719780
311,677138	880,000000	785,993740	363,383342	-8,763615	10,716714
311,773815	880,000000	786,015308	363,391518	-8,764476	10,714255
311,870438	880,000000	785,994436	363,347910	-8,760552	10,716634
311,966985	880,000000	786,032470	363,382660	-8,757776	10,712298
312,050383	880,000000	785,989102	363,355178	-8,761924	10,717242
312,146940	880,000000	785,971013	363,384023	-8,762881	10,719305
312,243597	880,000000	786,066794	363,437397	-8,760584	10,708385
312,340253	880,000000	786,183219	363,525748	-8,764859	10,695113
312,436797	880,000000	786,127557	363,474191	-8,764476	10,701458
312,533354	880,000000	786,089058	363,435353	-8,762945	10,705847
312,630031	880,000000	785,959417	363,374029	-8,762626	10,720626
312,726730	880,000000	785,993044	363,441258	-8,763742	10,716793
312,823246	880,000000	786,004176	363,456021	-8,766422	10,715524
312,919955	880,000000	785,940864	363,407417	-8,765625	10,722742
313,016538	880,000000	785,921383	363,360629	-8,763455	10,724962
313,113116	880,000000	785,897033	363,336099	-8,761700	10,727738
313,209699	880,000000	785,968693	363,374257	-8,759626	10,719569
313,306407	880,000000	785,973332	363,377663	-8,761700	10,719040
313,402966	880,000000	785,980753	363,379253	-8,765593	10,718194
313,499598	880,000000	785,945502	363,349500	-8,764699	10,722213
313,596240	880,000000	785,946430	363,401057	-8,763710	10,722107
313,692832	880,000000	785,892162	363,369260	-8,764253	10,728293
313,789397	880,000000	785,865725	363,351317	-8,764285	10,731307
313,886001	880,000000	785,876393	363,368124	-8,762402	10,730091
313,982638	880,000000	785,897496	363,366988	-8,760328	10,727685
314,079031	880,000000	785,931587	363,381070	-8,763583	10,723799
314,175604	880,000000	785,922775	363,369714	-8,765178	10,724804
314,271980	880,000000	785,925790	363,394471	-8,765688	10,724460
314,368624	880,000000	785,881031	363,356541	-8,766741	10,729562
314,465206	880,000000	785,821894	363,352907	-8,762019	10,736304
314,561764	880,000000	785,823286	363,357903	-8,762147	10,736145
314,658446	880,000000	785,783398	363,308390	-8,760009	10,740693
314,755040	880,000000	785,842766	363,354951	-8,761413	10,733925
314,851690	880,000000	785,889611	363,386748	-8,762594	10,728584
314,947992	880,000000	785,910020	363,387430	-8,765114	10,726258
315,044641	880,000000	785,983304	363,432173	-8,761477	10,717903
315,141272	880,000000	785,993276	363,405146	-8,763391	10,716766
315,237880	880,000000	786,034326	363,421726	-8,761828	10,712087
315,334457	880,000000	786,087667	363,456476	-8,762689	10,706006
315,431082	880,000000	786,102974	363,460564	-8,761286	10,704261
315,527690	880,000000	786,144256	363,487591	-8,762338	10,699555
315,624265	880,000000	786,238881	363,522341	-8,761828	10,688768
315,720964	880,000000	786,230532	363,580030	-8,762402	10,689719
315,817557	880,000000	786,194815	363,536650	-8,759658	10,693791
315,914168	880,000000	786,027832	363,446028	-8,760998	10,712827
316,010725	880,000000	785,946894	363,407417	-8,762849	10,722054
316,107381	880,000000	785,835577	363,347228	-8,761094	10,734744
316,204041	880,000000	785,805661	363,347228	-8,761573	10,738155
316,300599	880,000000	785,865957	363,340869	-8,763455	10,731281
316,397278	880,000000	785,908860	363,343367	-8,760201	10,726390
316,493836	880,000000	786,030847	363,381297	-8,760520	10,712483
316,590427	880,000000	786,121759	363,419909	-8,758542	10,702119
316,687114	880,000000	786,179508	363,431265	-8,757967	10,695536
316,783717	880,000000	786,169304	363,392881	-8,762338	10,696699
316,880322	880,000000	786,094393	363,341096	-8,760935	10,705239
316,976960	880,000000	786,022034	363,272958	-8,760009	10,713488
317,073477	880,000000	786,057749	363,339960	-8,761222	10,709417
317,170169	880,000000	786,008815	363,253424	-8,760520	10,714995
317,266766	880,000000	785,935994	363,254106	-8,765912	10,723297
317,363416	880,000000	785,886365	363,175064	-8,766901	10,728954
317,459976	880,000000	785,956634	363,232983	-8,763359	10,720944
317,556616	880,000000	785,967302	363,227532	-8,764029	10,719728
317,653216	880,000000	785,969157	363,249563	-8,761860	10,719516
317,749641	880,000000	785,933211	363,196642	-8,759212	10,723614
317,846185	880,000000	785,906541	363,160073	-8,756245	10,726654
317,942811	880,000000	785,970549	363,162572	-8,756819	10,719357
318,039454	880,000000	786,027136	363,207544	-8,758382	10,712906
318,136084	880,000000	786,101350	363,262055	-8,759403	10,704446
318,232601	880,000000	786,039892	363,197323	-8,759339	10,711452
318,329228	880,000000	786,095088	363,194598	-8,757010	10,705160
318,425901	880,000000	786,076535	363,134862	-8,759658	10,707275
318,522473	880,000000	786,062620	363,126685	-8,758510	10,708861
318,619154	880,000000	786,072592	363,131000	-8,758286	10,707725
318,715481	880,000000	786,020874	363,121688	-8,757872	10,713620
318,812097	880,000000	786,006496	363,093069	-8,756946	10,715260
318,908662	880,000000	785,978434	363,128275	-8,756117	10,718459
319,005353	880,000000	785,925094	363,102382	-8,755096	10,724539
319,101894	880,000000	785,924630	363,083075	-8,761668	10,724592
319,198586	880,000000	785,929500	363,049686	-8,750948	10,724037
319,295145	880,000000	786,043834	363,121915	-8,754011	10,711003
319,391763	880,000000	786,111787	363,181651	-8,755894	10,703256
319,488412	880,000000	786,196207	363,188011	-8,755160	10,693632
319,584984	880,000000	786,312635	363,282043	-8,755511	10,680360
319,681634	880,000000	786,278541	363,288857	-8,756245	10,684246
319,778193	880,000000	786,212674	363,248428	-8,746897	10,691755
319,874821	880,000000	786,136834	363,247519	-8,751267	10,700401
319,971520	880,000000	786,013685	363,199822	-8,754713	10,714440
320,068085	880,000000	785,951996	363,203910	-8,756596	10,721472
320,164668	880,000000	785,895873	363,193462	-8,757106	10,727870
320,261304	880,000000	785,817488	363,130546	-8,760584	10,736806
320,357955	880,000000	785,786877	363,126685	-8,760584	10,740296
320,454549	880,000000	785,874074	363,180288	-8,760201	10,730356
320,551174	880,000000	785,944111	363,206181	-8,758318	10,722371
320,647775	880,000000	785,947125	363,207090	-8,753150	10,722028
320,744380	880,000000	786,087667	363,231393	-8,758988	10,706006
320,840919	880,000000	786,147039	363,280453	-8,755256	10,699238
320,937594	880,000000	786,185074	363,287948	-8,754905	10,694902
321,034235	880,000000	786,152605	363,272049	-8,753947	10,698603
321,130782	880,000000	786,018787	363,178471	-8,757074	10,713858
321,227474	880,000000	786,023193	363,190736	-8,756021	10,713356
321,324119	880,000000	785,938313	363,161209	-8,756978	10,723032
321,420676	880,000000	785,920919	363,171884	-8,754266	10,725015
321,517244	880,000000	785,941560	363,202320	-8,758669	10,722662
321,613918	880,000000	785,961736	363,171884	-8,752193	10,720362
321,710458	880,000000	786,060764	363,260465	-8,753820	10,709073
321,807126	880,000000	786,104829	363,278409	-8,755415	10,704049
321,903738	880,000000	786,011366	363,198232	-8,754809	10,714704
322,000382	880,000000	785,934138	363,154622	-8,752512	10,723508
322,097034	880,000000	785,854361	363,097839	-8,756596	10,732603
322,193584	880,000000	785,855521	363,076261	-8,754458	10,732471
322,290209	880,000000	785,947821	363,166660	-8,755670	10,721948
322,386848	880,000000	786,018555	363,217084	-8,727084	10,713885
322,483383	880,000000	786,118280	363,283178	-8,742813	10,702516
322,580063	880,000000	786,100191	363,237752	-8,745525	10,704578
322,676601	880,000000	786,077694	363,255696	-8,753022	10,707143
322,773263	880,000000	786,076535	363,247746	-8,751586	10,707275
322,869911	880,000000	786,023889	363,226169	-8,751810	10,713277
322,966579	880,000000	785,926021	363,178698	-8,752576	10,724434
323,063126	880,000000	785,924166	363,195960	-8,748715	10,724645
323,159776	880,000000	785,933675	363,202320	-8,748556	10,723561
323,256327	880,000000	786,031774	363,276592	-8,751427	10,712378
323,352997	880,000000	786,187162	363,368578	-8,749832	10,694664
323,449585	880,000000	786,290602	363,435807	-8,749321	10,682871
323,546246	880,000000	786,248390	363,425814	-8,746003	10,687683
323,642791	880,000000	786,137762	363,344049	-8,745557	10,700295
323,739484	880,000000	786,014381	363,257967	-8,747535	10,714361
323,836039	880,000000	785,979593	363,297942	-8,751363	10,718326
323,932590	880,000000	785,982376	363,308390	-8,750278	10,718009
324,029248	880,000000	786,000930	363,315204	-8,751906	10,715894
324,125894	880,000000	786,030847	363,328604	-8,749608	10,712483
324,222456	880,000000	786,043370	363,361765	-8,753277	10,711056
324,319136	880,000000	786,109699	363,375846	-8,750246	10,703494
324,415719	880,000000	786,173246	363,367897	-8,747439	10,696250
324,512311	880,000000	786,249086	363,433763	-8,749130	10,687604
324,608971	880,000000	786,156780	363,344957	-8,746290	10,698127
324,705609	880,000000	786,098335	363,302257	-8,748173	10,704790
324,802154	880,000000	786,079318	363,292264	-8,750885	10,706958
324,898744	880,000000	786,070505	363,324061	-8,749704	10,707962
324,995391	880,000000	786,063083	363,318838	-8,750278	10,708808
325,092066	880,000000	786,005336	363,278636	-8,750534	10,715392
325,188606	880,000000	785,977274	363,262964	-8,747854	10,718591
325,285276	880,000000	785,963591	363,234573	-8,743642	10,720151
325,381833	880,000000	785,996059	363,301122	-8,744153	10,716449
325,478491	880,000000	786,026208	363,325651	-8,745014	10,713012
325,575078	880,000000	785,991653	363,303166	-8,747854	10,716952
325,671786	880,000000	786,035253	363,319065	-8,747758	10,711981
325,768360	880,000000	786,062620	363,329285	-8,745971	10,708861
325,864883	880,000000	786,066098	363,331102	-8,744887	10,708465
325,961497	880,000000	786,075143	363,362673	-8,742430	10,707434
326,058123	880,000000	786,101814	363,323607	-8,749385	10,704393
326,154820	880,000000	786,243984	363,386748	-8,741760	10,688186
326,251383	880,000000	786,285963	363,433536	-8,744695	10,683400
326,348005	880,000000	786,348585	363,479188	-8,745907	10,676261
326,444581	880,000000	786,367835	363,484412	-8,744536	10,674067
326,541005	880,000000	786,177189	363,361765	-8,744440	10,695800
326,637551	880,000000	786,195279	363,412186	-8,745620	10,693738
326,734235	880,000000	786,088131	363,371985	-8,743291	10,705953
326,830786	880,000000	786,095320	363,438306	-8,742143	10,705133
326,927411	880,000000	786,093929	363,420817	-8,746227	10,705292
327,024088	880,000000	785,990030	363,312932	-8,744567	10,717137
327,120647	880,000000	785,989102	363,346547	-8,746673	10,717242
327,217319	880,000000	785,960808	363,297715	-8,747184	10,720468
327,313864	880,000000	785,995595	363,300440	-8,744472	10,716502
327,410503	880,000000	786,009047	363,306118	-8,742462	10,714969
327,507130	880,000000	786,062620	363,309980	-8,741792	10,708861
327,603710	880,000000	786,110627	363,314068	-8,743834	10,703389
327,700312	880,000000	786,215457	363,384931	-8,741345	10,691438
327,797014	880,000000	786,261610	363,427177	-8,741983	10,686176
327,893552	880,000000	786,195047	363,357903	-8,740994	10,693765
327,990232	880,000000	786,150054	363,357676	-8,740611	10,698894
328,086821	880,000000	786,129413	363,356086	-8,740228	10,701247
328,183480	880,000000	786,064011	363,330194	-8,743802	10,708703
328,280059	880,000000	786,012062	363,326787	-8,740803	10,714625
328,376705	880,000000	785,951300	363,330421	-8,738442	10,721552
328,473221	880,000000	785,993972	363,360175	-8,738633	10,716687
328,569913	880,000000	786,017164	363,354497	-8,740962	10,714043
328,666499	880,000000	786,041747	363,382887	-8,740643	10,711241
328,763067	880,000000	786,073752	363,402193	-8,738761	10,707592
328,859734	880,000000	786,081869	363,411732	-8,740197	10,706667
328,956311	880,000000	786,074215	363,404010	-8,738825	10,707539
329,052992	880,000000	786,063779	363,383569	-8,742238	10,708729
329,149651	880,000000	786,066098	363,402647	-8,738123	10,708465
329,246228	880,000000	786,036181	363,401512	-8,735315	10,711875
329,342844	880,000000	786,068649	363,416956	-8,736432	10,708174
329,439401	880,000000	786,128021	363,489181	-8,739814	10,701406
329,536044	880,000000	786,149822	363,530972	-8,739814	10,698920
329,632627	880,000000	786,116657	363,465788	-8,739176	10,702701
329,729239	880,000000	786,119440	363,509622	-8,739527	10,702384
329,825920	880,000000	786,029455	363,450570	-8,740165	10,712642
329,922478	880,000000	786,012757	363,457157	-8,741186	10,714546
330,019073	880,000000	786,044066	363,475554	-8,739463	10,710976
330,115688	880,000000	786,089754	363,530745	-8,739207	10,705768
330,212365	880,000000	786,118512	363,565267	-8,740005	10,702490
330,308938	880,000000	786,106916	363,544145	-8,739335	10,703812
330,405597	880,000000	786,019715	363,471466	-8,737804	10,713753
330,502182	880,000000	786,107844	363,554365	-8,735666	10,703706
330,598741	880,000000	786,047545	363,516663	-8,733816	10,710580
330,695379	880,000000	785,953619	363,440804	-8,739877	10,721287
330,791790	880,000000	785,879176	363,409007	-8,735347	10,729774
330,888393	880,000000	785,873610	363,393789	-8,737421	10,730408
330,985029	880,000000	785,833490	363,399467	-8,734645	10,734982
331,081581	880,000000	785,819575	363,397878	-8,737899	10,736568
331,178195	880,000000	785,822822	363,388338	-8,736815	10,736198
331,274879	880,000000	785,887292	363,420590	-8,738378	10,728849
331,371485	880,000000	786,036413	363,507124	-8,738761	10,711849
331,468030	880,000000	786,170695	363,592748	-8,737357	10,696541
331,564729	880,000000	786,256740	363,644531	-8,733528	10,686732
331,661284	880,000000	786,265785	363,618867	-8,737261	10,685700
331,757922	880,000000	786,213369	363,590931	-8,735028	10,691676
331,854578	880,000000	786,162346	363,593657	-8,731423	10,697493
331,951161	880,000000	786,062620	363,561406	-8,733784	10,708861
332,047737	880,000000	785,929500	363,502127	-8,734868	10,724037
332,144332	880,000000	785,810299	363,457384	-8,732731	10,737626
332,240949	880,000000	785,735626	363,430356	-8,731933	10,746139
332,337605	880,000000	785,740032	363,439214	-8,731869	10,745636
332,434195	880,000000	785,751164	363,470330	-8,736591	10,744367
332,530838	880,000000	785,791051	363,463062	-8,733752	10,739820
332,627461	880,000000	785,896569	363,541873	-8,734677	10,727791
332,724065	880,000000	785,944342	363,575714	-8,730051	10,722345
332,820714	880,000000	785,960344	363,556409	-8,733241	10,720521
332,917272	880,000000	786,034789	363,623409	-8,732954	10,712034
333,013893	880,000000	786,006264	363,592748	-8,730242	10,715286
333,110504	880,000000	786,079782	363,690182	-8,732986	10,706905
333,207094	880,000000	786,062156	363,663382	-8,731518	10,708914
333,303692	880,000000	785,956866	363,655433	-8,731837	10,720917
333,400331	880,000000	785,908628	363,624091	-8,729157	10,726416
333,496955	880,000000	785,891467	363,652253	-8,733465	10,728373
333,593594	880,000000	785,833258	363,590477	-8,728009	10,735009
333,690170	880,000000	785,772962	363,555501	-8,730721	10,741882
333,786891	880,000000	785,800095	363,567538	-8,735921	10,738789
333,883430	880,000000	785,853202	363,617277	-8,736719	10,732735
333,980058	880,000000	785,918832	363,631358	-8,734230	10,725253
334,076689	880,000000	785,970781	363,670877	-8,731710	10,719331
334,173247	880,000000	785,964751	363,658158	-8,731869	10,720018
334,269903	880,000000	785,968693	363,661338	-8,731295	10,719569
334,366468	880,000000	785,907932	363,600243	-8,727275	10,726496
334,463137	880,000000	785,866884	363,588433	-8,728200	10,731175
334,559731	880,000000	785,834649	363,594111	-8,727786	10,734850
334,656374	880,000000	785,780383	363,595701	-8,730402	10,741036
334,752917	880,000000	785,801487	363,632267	-8,726860	10,738631
334,849527	880,000000	785,841838	363,653616	-8,727881	10,734030
334,946202	880,000000	785,855057	363,649301	-8,726158	10,732523
335,042796	880,000000	785,878016	363,643623	-8,728360	10,729906
335,139474	880,000000	786,004640	363,726974	-8,732444	10,715471
335,236050	880,000000	786,081637	363,813504	-8,728647	10,706693
335,332597	880,000000	786,075375	363,782390	-8,724659	10,707407
335,429272	880,000000	786,046617	363,802830	-8,722330	10,710686
335,525827	880,000000	786,005568	363,809871	-8,723638	10,715365
335,622469	880,000000	785,916977	363,790112	-8,725106	10,725465
335,719116	880,000000	785,706639	363,735832	-8,727307	10,749443
335,815650	880,000000	783,786231	363,664290	-8,733497	10,968370
335,912342	880,000000	781,452870	363,726974	-8,740484	11,234373
336,009005	880,000000	779,957194	364,086942	-8,756117	11,404880
336,105564	880,000000	779,490319	364,691010	-8,771878	11,458104
336,202129	880,000000	779,970858	365,490298	-8,781705	11,403322
336,298853	880,000000	781,050468	366,303117	-8,786586	11,280247
336,395447	880,000000	782,443858	367,123788	-8,786586	11,121400
336,491967	880,000000	783,673346	367,727140	-8,782566	10,981239
336,588598	880,000000	784,645129	368,208559	-8,771878	10,870455
336,685272	880,000000	785,202981	368,540380	-8,763870	10,806860
336,781862	880,000000	785,328426	368,712186	-8,752671	10,792559
336,878510	880,000000	785,065018	368,776187	-8,745620	10,822588
336,975096	880,000000	784,586472	368,731704	-8,749896	10,877142
337,071709	880,000000	784,086884	368,725349	-8,747311	10,934095
337,168283	880,000000	783,604273	368,731704	-8,749353	10,989113
337,265005	880,000000	783,260543	368,775733	-8,755766	11,028298
337,361533	880,000000	783,012555	368,809775	-8,757266	11,056569
337,458162	880,000000	782,982427	368,894200	-8,760041	11,060003
337,554751	880,000000	783,127045	369,056919	-8,763551	11,043517
337,651438	880,000000	783,348153	369,174701	-8,765625	11,018311
337,748028	880,000000	783,578312	369,324025	-8,763551	10,992072
337,844658	880,000000	783,717619	369,360561	-8,763296	10,976191
337,941220	880,000000	783,867825	369,465856	-8,760073	10,959068
338,037877	880,000000	783,963329	369,546189	-8,759148	10,948181
338,134217	880,000000	783,982800	369,598381	-8,757776	10,945961
338,230826	880,000000	783,936439	369,575008	-8,761828	10,951246
338,327123	880,000000	783,763978	369,527354	-8,759499	10,970906
338,423790	880,000000	783,680996	369,537565	-8,761126	10,980367
338,520370	880,000000	783,599637	369,547777	-8,761477	10,989641
338,617055	880,000000	783,520829	369,547323	-8,764253	10,998625
338,713661	880,000000	783,515498	369,613812	-8,762785	10,999233
338,810287	880,000000	783,493247	369,654658	-8,765848	11,001770
338,906827	880,000000	783,526856	369,671677	-8,761190	10,997938
339,003501	880,000000	783,568809	369,694823	-8,763583	10,993156
339,100112	880,000000	783,637419	369,756319	-8,760137	10,985334
339,196728	880,000000	783,743580	369,811687	-8,760488	10,973232
339,293336	880,000000	783,812192	369,843228	-8,758606	10,965410
339,389986	880,000000	783,892628	369,939213	-8,759052	10,956240
339,486512	880,000000	783,912331	369,924690	-8,757840	10,953994
339,583190	880,000000	783,898655	369,914479	-8,753756	10,955553
339,679490	880,000000	783,823087	369,906537	-8,759818	10,964168
339,776140	880,000000	783,693281	369,871366	-8,758223	10,978966
339,872699	880,000000	783,612849	369,879535	-8,760935	10,988135
339,969387	880,000000	783,593147	369,919698	-8,760647	10,990381
340,065937	880,000000	783,594769	369,901318	-8,761956	10,990196
340,162580	880,000000	783,603809	369,894965	-8,765306	10,989166
340,259245	880,000000	783,676360	369,975065	-8,761796	10,980895
340,355813	880,000000	783,681459	369,941028	-8,763391	10,980314
340,452408	880,000000	783,751461	369,986411	-8,765752	10,972333
340,549064	880,000000	783,797589	370,030431	-8,755926	10,967075
340,645683	880,000000	783,809179	369,985276	-8,754139	10,965754
340,742326	880,000000	783,795966	369,999798	-8,758669	10,967260
340,838866	880,000000	783,724341	369,932859	-8,760169	10,975425
340,935528	880,000000	783,688876	369,944205	-8,758286	10,979468
341,032086	880,000000	783,612617	369,884527	-8,760137	10,988162
341,128769	880,000000	783,589670	369,916522	-8,761062	10,990778
341,225409	880,000000	783,585730	369,931271	-8,763455	10,991227
341,321971	880,000000	783,627220	369,927413	-8,762945	10,986497
341,418550	880,000000	783,748680	370,005698	-8,763870	10,972651
341,515154	880,000000	783,900973	370,100546	-8,763551	10,955289
341,611862	880,000000	784,012008	370,127094	-8,765912	10,942631
341,708493	880,000000	784,031017	370,115295	-8,758414	10,940464
341,805026	880,000000	783,931571	370,046769	-8,759722	10,951801
341,901701	880,000000	783,870375	370,022943	-8,758414	10,958777
341,998245	880,000000	783,852526	370,010236	-8,764986	10,960812
342,094900	880,000000	783,779972	369,997756	-8,765848	10,969083
342,191479	880,000000	783,740799	369,996622	-8,764540	10,973549
342,288176	880,000000	783,771396	369,981192	-8,761477	10,970061
342,384728	880,000000	783,817292	370,037012	-8,765050	10,964829
342,481402	880,000000	783,849976	370,042004	-8,765433	10,961103
342,578006	880,000000	783,867593	370,049492	-8,765465	10,959094
342,674534	880,000000	783,859943	370,036104	-8,762083	10,959966
342,771229	880,000000	783,837690	370,018632	-8,761349	10,962503
342,867771	880,000000	783,898423	370,071275	-8,763838	10,955580
342,964418	880,000000	783,836531	370,050853	-8,765082	10,962635
343,060991	880,000000	783,783449	370,031339	-8,766263	10,968687
343,157599	880,000000	783,746362	370,033154	-8,763678	10,972915
343,254291	880,000000	783,747057	370,025439	-8,758574	10,972835
343,350856	880,000000	783,783681	370,029524	-8,767571	10,968660
343,447481	880,000000	783,804079	370,076267	-8,764093	10,966335
343,544064	880,000000	783,763283	370,057207	-8,765625	10,970986
343,640685	880,000000	783,739176	370,064695	-8,765306	10,973734
343,737383	880,000000	783,706956	370,048584	-8,762562	10,977407
343,833942	880,000000	783,684936	370,033608	-8,765497	10,979917
343,930610	880,000000	783,690267	370,056299	-8,762657	10,979310
344,027227	880,000000	783,766064	370,111665	-8,765816	10,970669
344,123768	880,000000	783,718314	370,085797	-8,765146	10,976112
344,220371	880,000000	783,754475	370,080578	-8,765274	10,971990
344,316978	880,000000	783,771164	370,081259	-8,762083	10,970087
344,413662	880,000000	783,786463	370,096462	-8,767284	10,968343
344,510304	880,000000	783,778581	370,065829	-8,765114	10,969242
344,606854	880,000000	783,835836	370,104630	-8,765976	10,962715
344,703527	880,000000	783,831432	370,096916	-8,765529	10,963217
344,800111	880,000000	783,899118	370,138667	-8,763232	10,955501
344,896453	880,000000	783,855307	370,071275	-8,767060	10,960495
344,993015	880,000000	783,857625	370,096462	-8,764189	10,960231
345,089648	880,000000	783,854612	370,101454	-8,767730	10,960574
345,186318	880,000000	783,908159	370,149331	-8,764444	10,954470
345,282855	880,000000	784,001577	370,202427	-8,768305	10,943820
345,379547	880,000000	784,069498	370,224664	-8,767347	10,936077
345,476128	880,000000	784,062080	370,230336	-8,766550	10,936923
345,572750	880,000000	784,055357	370,188586	-8,768113	10,937689
345,669347	880,000000	783,973064	370,130725	-8,768879	10,947071
345,766004	880,000000	783,986509	370,164988	-8,769357	10,945538
345,862562	880,000000	783,902132	370,121195	-8,770346	10,955157
345,959211	880,000000	783,786926	370,029751	-8,769836	10,968290
346,055805	880,000000	783,824941	370,084663	-8,767858	10,963957
346,152411	880,000000	783,829114	370,078082	-8,766263	10,963481
346,249056	880,000000	783,843485	370,036785	-8,771782	10,961843
346,345725	880,000000	783,845340	370,044500	-8,773409	10,961631
346,442301	880,000000	783,816597	369,999345	-8,772963	10,964908
346,538852	880,000000	783,823319	369,988907	-8,767730	10,964142
346,635498	880,000000	783,762124	369,916748	-8,766869	10,971118
346,732156	880,000000	783,846267	370,002068	-8,767475	10,961526
346,828714	880,000000	783,926471	370,075586	-8,771304	10,952382
346,925353	880,000000	783,989755	370,083301	-8,769166	10,945168
347,022259	880,000000	783,908390	370,022263	-8,768081	10,954443
347,118849	880,000000	783,786926	369,928775	-8,770442	10,968290
347,215504	880,000000	783,720400	369,881350	-8,769517	10,975874
347,312048	880,000000	783,729441	369,912437	-8,770857	10,974844
347,408637	880,000000	783,861334	370,008421	-8,771304	10,959808
347,505329	880,000000	783,945016	370,046769	-8,770921	10,950268
347,601886	880,000000	783,905841	370,011144	-8,769134	10,954734
347,698529	880,000000	783,828187	369,951239	-8,772612	10,963587
347,795116	880,000000	783,817756	369,943070	-8,772867	10,964776
347,891801	880,000000	783,787853	369,930136	-8,772739	10,968185
347,988330	880,000000	783,745434	369,905630	-8,770283	10,973020
348,084986	880,000000	783,727354	369,921287	-8,773888	10,975082
348,181646	880,000000	783,842326	370,017271	-8,775483	10,961975
348,278228	880,000000	783,943161	370,064468	-8,777461	10,950480
348,374778	880,000000	784,025453	370,071729	-8,771878	10,941098
348,471499	880,000000	784,030090	370,087385	-8,772133	10,940570
348,568074	880,000000	784,016645	370,069460	-8,770219	10,942103
348,664705	880,000000	783,995318	370,057207	-8,771240	10,944534
348,761361	880,000000	783,840008	369,955324	-8,771750	10,962239
348,857918	880,000000	783,810570	369,960543	-8,770155	10,965595
348,954479	880,000000	783,754243	369,931952	-8,775068	10,972016
349,051130	880,000000	783,729904	369,892015	-8,778514	10,974791
349,147765	880,000000	783,837690	369,957139	-8,775866	10,962503
349,244352	880,000000	783,715765	369,828932	-8,779663	10,976403
349,340996	880,000000	783,678909	369,797618	-8,775164	10,980604
349,437634	880,000000	783,648081	369,775153	-8,774271	10,984119
349,534174	880,000000	783,656194	369,773111	-8,776440	10,983194
349,630860	880,000000	783,701625	369,770615	-8,773633	10,978015
349,727382	880,000000	783,782522	369,824621	-8,774207	10,968792
349,824050	880,000000	783,877560	369,845270	-8,775387	10,957958
349,920711	880,000000	783,878024	369,832336	-8,773569	10,957905
350,017300	880,000000	783,853685	369,811006	-8,774207	10,960680
350,113929	880,000000	783,835141	369,807602	-8,772452	10,962794
350,210554	880,000000	783,820769	369,802156	-8,768528	10,964432
350,307163	880,000000	783,944320	369,940801	-8,772516	10,950347
350,403698	880,000000	783,949420	369,920833	-8,773665	10,949766
350,500394	880,000000	783,949420	369,932406	-8,776185	10,949766
350,596967	880,000000	783,909318	369,904722	-8,775292	10,954338
350,693547	880,000000	783,793185	369,824167	-8,772293	10,967577
350,790179	880,000000	783,701393	369,778557	-8,774909	10,978041
350,886825	880,000000	783,614703	369,728634	-8,775292	10,987924
350,983486	880,000000	783,647386	369,742704	-8,775100	10,984198
351,080061	880,000000	783,683082	369,733173	-8,775068	10,980129
351,176736	880,000000	783,734308	369,755638	-8,775706	10,974289
351,273305	880,000000	783,815438	369,771976	-8,777078	10,965040
351,369940	880,000000	783,867361	369,825302	-8,778897	10,959121
351,466568	880,000000	783,852526	369,798752	-8,777557	10,960812
351,563095	880,000000	783,826796	369,771295	-8,774845	10,963745
351,659805	880,000000	783,897496	369,860247	-8,772452	10,955686
351,756364	880,000000	783,995318	369,944659	-8,774494	10,944534
351,852948	880,000000	784,072048	369,997529	-8,775834	10,935787
351,949621	880,000000	784,096388	370,004110	-8,772484	10,933012
352,046194	880,000000	784,049562	369,994806	-8,770985	10,938350
352,142860	880,000000	783,989986	369,953055	-8,773505	10,945142
352,239411	880,000000	783,888223	369,916295	-8,774526	10,956743
352,336097	880,000000	783,714837	369,780826	-8,775196	10,976509
352,432631	880,000000	783,647849	369,754276	-8,775036	10,984145
352,529319	880,000000	783,637419	369,751780	-8,780269	10,985334
352,625838	880,000000	783,718546	369,815317	-8,775706	10,976086
352,722453	880,000000	783,723646	369,804198	-8,777525	10,975504
352,819062	880,000000	783,760733	369,799206	-8,775706	10,971276
352,915752	880,000000	783,790867	369,831428	-8,783906	10,967841
353,012347	880,000000	783,812656	369,804652	-8,774781	10,965357
353,108923	880,000000	783,917431	369,892242	-8,774462	10,953413
353,205586	880,000000	784,061616	369,993445	-8,775036	10,936976
353,302197	880,000000	784,063934	369,979830	-8,773282	10,936711
353,398737	880,000000	784,018499	369,956458	-8,776695	10,941891
353,495374	880,000000	783,909086	369,924237	-8,777302	10,954364
353,592080	880,000000	783,788549	369,841413	-8,774494	10,968105
353,688657	880,000000	783,700466	369,791491	-8,776632	10,978147
353,785247	880,000000	783,655498	369,767892	-8,772771	10,983273
353,881876	880,000000	783,664075	369,783549	-8,772005	10,982295
353,978533	880,000000	783,690963	369,765395	-8,776153	10,979230
354,075178	880,000000	783,735235	369,811460	-8,780620	10,974183
354,171776	880,000000	783,859943	369,857297	-8,777972	10,959966
354,268313	880,000000	783,943161	369,925598	-8,779120	10,950480
354,364974	880,000000	783,972137	369,904722	-8,774845	10,947176
354,461597	880,000000	784,023135	369,900411	-8,775515	10,941363
354,558156	880,000000	784,035653	369,923556	-8,773314	10,939936
354,654763	880,000000	784,006909	369,914479	-8,772069	10,943212
354,751451	880,000000	784,075757	369,938532	-8,773122	10,935364
354,848029	880,000000	784,056980	369,952601	-8,776185	10,937504
354,944670	880,000000	784,030090	369,965535	-8,773090	10,940570
355,041228	880,000000	783,962401	369,892469	-8,773601	10,948286
355,137935	880,000000	784,028699	369,961223	-8,774398	10,940728
355,234514	880,000000	783,973528	369,930363	-8,773186	10,947018
355,331056	880,000000	783,913258	369,892469	-8,770570	10,953889
355,427718	880,000000	783,903291	369,932632	-8,771814	10,955025
355,524276	880,000000	783,929021	369,953735	-8,775515	10,952092
355,620875	880,000000	783,943857	369,918791	-8,777972	10,950400
355,717498	880,000000	783,977237	369,954643	-8,776249	10,946595
355,814211	880,000000	784,003431	369,949197	-8,775324	10,943609
355,910794	880,000000	784,023135	369,970300	-8,772771	10,941363
356,007375	880,000000	784,100329	370,006152	-8,773633	10,932562
356,103959	880,000000	784,113774	370,020674	-8,772899	10,931030
356,200617	880,000000	784,142056	370,028162	-8,774207	10,927806
356,297276	880,000000	784,157356	370,067644	-8,775579	10,926061
356,393621	880,000000	784,174742	370,110530	-8,774590	10,924079
356,490230	880,000000	784,174047	370,095554	-8,773888	10,924159
356,586787	880,000000	784,090825	370,028389	-8,774271	10,933646
356,683416	880,000000	784,031712	369,993672	-8,773377	10,940385
356,780095	880,000000	783,921371	369,943751	-8,775164	10,952964
356,876666	880,000000	783,858553	369,904949	-8,775228	10,960125
356,973231	880,000000	783,910013	369,940801	-8,772803	10,954259
357,069871	880,000000	783,984423	369,967577	-8,772261	10,945776
357,166524	880,000000	784,002041	369,947609	-8,771112	10,943767
357,263064	880,000000	783,941075	369,886115	-8,773186	10,950717
357,359712	880,000000	783,999027	369,916748	-8,778259	10,944111
357,456385	880,000000	783,986741	369,945793	-8,777780	10,945512
357,552963	880,000000	783,895641	369,868643	-8,775643	10,955897
357,649558	880,000000	783,927630	369,874996	-8,775866	10,952250
357,746201	880,000000	783,977237	369,919925	-8,777078	10,946595
357,842857	880,000000	784,037508	369,979376	-8,775930	10,939724
357,939427	880,000000	784,162688	370,048811	-8,778323	10,925454
358,035977	880,000000	784,211834	370,076494	-8,776089	10,919851
358,132648	880,000000	784,127915	370,028843	-8,775387	10,929418
358,229229	880,000000	784,028235	369,961904	-8,771910	10,940781
358,325927	880,000000	783,970283	369,926279	-8,773920	10,947388
358,422506	880,000000	783,936902	369,931725	-8,773952	10,951193
358,519109	880,000000	783,937830	369,937171	-8,772293	10,951087
358,615755	880,000000	783,977237	369,955324	-8,775962	10,946595
358,712360	880,000000	783,996245	369,971661	-8,776089	10,944428
358,809000	880,000000	784,123279	370,019313	-8,773696	10,929946
358,905558	880,000000	784,193520	370,068552	-8,771240	10,921939
359,002123	880,000000	784,209747	370,064014	-8,775036	10,920089
359,098535	880,000000	784,154806	370,024759	-8,776153	10,926352
359,195110	880,000000	784,060689	369,948970	-8,773058	10,937081
359,291728	880,000000	783,961474	369,900865	-8,773665	10,948392
359,388437	880,000000	783,914649	369,868189	-8,774494	10,953730
359,484967	880,000000	783,955447	369,900411	-8,776121	10,949079
359,581557	880,000000	783,979091	369,919925	-8,779631	10,946384
359,678254	880,000000	784,109602	369,983688	-8,777844	10,931505
359,774812	880,000000	784,151561	369,988907	-8,774781	10,926722
359,871493	880,000000	784,169179	370,027481	-8,773601	10,924714
359,968054	880,000000	784,231307	370,031566	-8,774654	10,917631
360,064711	880,000000	784,188652	370,002975	-8,773760	10,922494
360,161301	880,000000	784,172424	369,999345	-8,774175	10,924344
360,257919	880,000000	784,065325	369,909033	-8,774622	10,936553
360,354486	880,000000	783,989755	369,879988	-8,772899	10,945168
360,451128	880,000000	783,985119	369,883619	-8,774207	10,945696
360,547770	880,000000	783,951738	369,837782	-8,777206	10,949502
360,644370	880,000000	783,855771	369,765168	-8,779312	10,960442
360,740979	880,000000	783,869215	369,783322	-8,779184	10,958909
360,837618	880,000000	783,808484	369,787406	-8,774558	10,965833
360,934254	880,000000	783,901204	369,799206	-8,774430	10,955263
361,030808	880,000000	783,999491	369,852759	-8,777972	10,944058
361,127497	880,000000	784,110297	369,889519	-8,777334	10,931426
361,224072	880,000000	784,210906	369,930363	-8,775866	10,919957
361,320687	880,000000	784,316618	369,985957	-8,778674	10,907906
361,417326	880,000000	784,327746	370,011598	-8,777270	10,906637
361,513876	880,000000	784,276744	369,980738	-8,774526	10,912451
361,610549	880,000000	784,196070	369,914479	-8,772452	10,921648
361,707111	880,000000	784,109370	369,885888	-8,773824	10,931532
361,803718	880,000000	784,011081	369,833698	-8,770857	10,942737
361,900410	880,000000	783,984191	369,804652	-8,772101	10,945802
361,996983	880,000000	783,979091	369,847313	-8,775898	10,946384
362,093559	880,000000	784,050489	369,899957	-8,776695	10,938244
362,190238	880,000000	784,084798	369,889065	-8,774813	10,934333
362,286845	880,000000	784,136261	369,902680	-8,771367	10,928466
362,383434	880,000000	784,062080	369,843228	-8,775898	10,936923
362,480073	880,000000	784,001809	369,754730	-8,774303	10,943794
362,576691	880,000000	783,948956	369,722054	-8,774622	10,949819
362,673303	880,000000	783,886369	369,671677	-8,774685	10,956954
362,769893	880,000000	783,842326	369,668047	-8,772580	10,961975
362,866475	880,000000	783,810802	369,631739	-8,773792	10,965569
362,963161	880,000000	783,821464	369,662601	-8,772133	10,964353
363,059765	880,000000	783,821928	369,629470	-8,774430	10,964300
363,156327	880,000000	783,924385	369,712523	-8,769517	10,952620
363,253015	880,000000	784,032408	369,739754	-8,776472	10,940306
363,349535	880,000000	784,202097	369,835513	-8,775068	10,920961
363,446246	880,000000	784,251707	369,855028	-8,773250	10,915305
363,542793	880,000000	784,246143	369,870912	-8,768943	10,915940
363,639383	880,000000	784,238725	369,899049	-8,770410	10,916785
363,736064	880,000000	784,167788	369,866373	-8,768687	10,924872
363,832592	880,000000	783,989291	369,745200	-8,777046	10,945221
363,929270	880,000000	783,800602	369,632193	-8,771655	10,966731
364,025876	880,000000	783,711592	369,616308	-8,775994	10,976878
364,122431	880,000000	783,649472	369,577277	-8,773824	10,983960
364,219110	880,000000	783,707884	369,640816	-8,776121	10,977301
364,315758	880,000000	783,737090	369,642177	-8,774398	10,973972
364,412331	880,000000	783,880342	369,677577	-8,771559	10,957641
364,508655	880,000000	783,967037	369,711162	-8,773218	10,947758
364,605311	880,000000	784,034262	369,712977	-8,772452	10,940094
364,701953	880,000000	784,126988	369,771522	-8,771750	10,929523
364,798532	880,000000	784,112615	369,787406	-8,771367	10,931162
364,895131	880,000000	784,126524	369,821444	-8,771304	10,929576
364,991818	880,000000	784,082943	369,813729	-8,766422	10,934544
365,088341	880,000000	784,014790	369,755638	-8,768017	10,942314
365,184681	880,000000	784,020817	369,795122	-8,767443	10,941627
365,281347	880,000000	784,028235	369,860020	-8,766805	10,940781
365,377914	880,000000	784,101952	369,885434	-8,771463	10,932377
365,474584	880,000000	784,026381	369,853666	-8,767922	10,940993
365,571137	880,000000	783,956838	369,830067	-8,770346	10,948920
365,667828	880,000000	783,882196	369,790583	-8,770634	10,957430
365,764460	880,000000	783,817292	369,731584	-8,771750	10,964829
365,861023	880,000000	783,796894	369,699816	-8,770602	10,967154
365,957616	880,000000	783,889614	369,720238	-8,769357	10,956584
366,054279	880,000000	783,966110	369,749284	-8,765593	10,947863
366,150862	880,000000	784,031944	369,789222	-8,768687	10,940358
366,247512	880,000000	784,164079	369,867735	-8,766805	10,925295
366,344107	880,000000	784,163615	369,820083	-8,767539	10,925348
366,440764	880,000000	784,194679	369,840505	-8,765497	10,921807
366,537346	880,000000	784,142752	369,835967	-8,766933	10,927726
366,633926	880,000000	784,225279	369,891334	-8,766582	10,918318
366,730582	880,000000	784,151097	369,890426	-8,765529	10,926775
366,827147	880,000000	784,106588	369,878627	-8,763838	10,931849
366,923766	880,000000	783,999954	369,858658	-8,770761	10,944005
367,020406	880,000000	783,911404	369,822806	-8,770091	10,954100
367,116730	880,000000	783,904450	369,846859	-8,771431	10,954893
367,213358	880,000000	783,995318	369,921741	-8,767603	10,944534
367,309972	880,000000	784,152488	369,994353	-8,766996	10,926616
367,406560	880,000000	784,258662	370,060156	-8,766263	10,914513
367,503224	880,000000	784,227598	369,975292	-8,766837	10,918054
367,599799	880,000000	784,183552	369,980284	-8,766486	10,923075
367,696235	880,000000	784,069498	369,912664	-8,765146	10,936077
367,792796	880,000000	783,963329	369,873181	-8,766741	10,948181
367,889466	880,000000	783,936902	369,889973	-8,766231	10,951193
367,985988	880,000000	783,956374	369,898595	-8,764795	10,948973
368,082609	880,000000	784,004591	369,933540	-8,763136	10,943477
368,179209	880,000000	784,069034	369,959408	-8,764540	10,936130
368,275895	880,000000	784,044926	369,928548	-8,764859	10,938878
368,372514	880,000000	784,014790	369,897688	-8,765752	10,942314
368,469156	880,000000	784,030553	369,934902	-8,764699	10,940517
368,565774	880,000000	784,039362	369,910849	-8,765816	10,939513
368,662332	880,000000	784,088043	369,961677	-8,763551	10,933963
368,758897	880,000000	784,071816	369,973477	-8,766933	10,935813
368,855548	880,000000	784,037044	369,929456	-8,763646	10,939777
368,952223	880,000000	784,020817	369,941709	-8,766709	10,941627
369,048814	880,000000	784,049098	369,939440	-8,761828	10,938403
369,145412	880,000000	784,034726	369,938078	-8,762753	10,940041
369,242045	880,000000	784,032871	369,922194	-8,761190	10,940253
369,338634	880,000000	784,058834	369,955778	-8,757680	10,937293
369,435204	880,000000	784,086652	369,971208	-8,759850	10,934122
369,531847	880,000000	784,088970	369,979376	-8,765146	10,933857
369,628441	880,000000	784,085261	369,972115	-8,764125	10,934280
369,725146	880,000000	784,157124	370,028843	-8,765944	10,926088
369,821686	880,000000	784,154342	370,010236	-8,761956	10,926405
369,918294	880,000000	784,179842	370,011598	-8,762498	10,923498
370,014941	880,000000	784,177524	370,007060	-8,758542	10,923762
370,111579	880,000000	784,184942	370,035650	-8,759148	10,922917
370,208157	880,000000	784,173815	370,041096	-8,759882	10,924185
370,304812	880,000000	784,210443	370,063787	-8,762785	10,920010
370,401367	880,000000	784,224816	370,071048	-8,762626	10,918371
370,498028	880,000000	784,236870	370,102815	-8,760935	10,916997
370,594580	880,000000	784,172888	370,034289	-8,763710	10,924291
370,691205	880,000000	784,092679	370,011598	-8,763742	10,933435
370,787822	880,000000	783,956838	369,931725	-8,765210	10,948920
370,884450	880,000000	783,888687	369,848220	-8,763838	10,956690
370,981129	880,000000	783,824246	369,819629	-8,761924	10,964036
371,077684	880,000000	783,907231	369,871366	-8,760424	10,954576
371,174277	880,000000	783,977237	369,882711	-8,763774	10,946595
371,270914	880,000000	784,026844	369,860020	-8,764986	10,940940
371,367570	880,000000	784,109370	369,909941	-8,762211	10,931532
371,464148	880,000000	784,148315	369,883165	-8,761254	10,927092
371,560788	880,000000	784,190970	369,921741	-8,763551	10,922229
371,657403	880,000000	784,159442	369,911303	-8,761445	10,925824
371,754047	880,000000	784,124670	369,896780	-8,763136	10,929788
371,850604	880,000000	784,088507	369,896780	-8,759818	10,933910
371,947242	880,000000	784,072280	369,899503	-8,759148	10,935760
372,043804	880,000000	783,990218	369,863197	-8,753501	10,945115
372,140465	880,000000	783,968428	369,880896	-8,757680	10,947599
372,237056	880,000000	783,988364	369,889519	-8,756787	10,945327
372,333748	880,000000	784,004591	369,900865	-8,761349	10,943477
372,430288	880,000000	784,029626	369,926279	-8,762243	10,940623
372,526913	880,000000	784,065325	369,956685	-8,760807	10,936553
372,623606	880,000000	784,139506	369,976653	-8,758478	10,928096
372,719914	880,000000	784,113079	369,937171	-8,757967	10,931109
372,816497	880,000000	784,102879	369,945340	-8,758797	10,932272
372,913174	880,000000	784,052807	369,896326	-8,759882	10,937980
373,009708	880,000000	784,049562	369,909487	-8,754011	10,938350
373,106383	880,000000	784,032408	369,909033	-8,756340	10,940306
373,202905	880,000000	784,059762	369,947609	-8,756085	10,937187
373,299590	880,000000	784,031017	369,938532	-8,754649	10,940464
373,396255	880,000000	784,027772	369,954870	-8,759084	10,940834
373,492831	880,000000	784,038435	369,938532	-8,758478	10,939618
373,589469	880,000000	784,038435	369,927187	-8,757393	10,939618
373,686027	880,000000	784,049562	369,919018	-8,754841	10,938350
373,782585	880,000000	784,024063	369,937625	-8,754107	10,941257
373,879318	880,000000	784,029162	369,961223	-8,758574	10,940675
373,975833	880,000000	784,105197	369,992991	-8,757106	10,932008
374,072207	880,000000	784,133015	370,013867	-8,757616	10,928836
374,168839	880,000000	784,284626	370,143658	-8,755287	10,911553
374,265514	880,000000	784,344437	370,204923	-8,757425	10,904734
374,362115	880,000000	784,302245	370,180417	-8,754298	10,909544
374,458635	880,000000	784,271644	370,145474	-8,755096	10,913033
374,555291	880,000000	784,119570	370,056526	-8,753277	10,930369
374,651965	880,000000	783,947102	369,938532	-8,756755	10,950030
374,748495	880,000000	783,851598	369,899957	-8,755830	10,960918
374,845120	880,000000	783,789012	369,897688	-8,757393	10,968053
374,941768	880,000000	783,818683	369,932632	-8,753788	10,964670
375,038326	880,000000	783,891469	369,930817	-8,757808	10,956373
375,134983	880,000000	783,958692	369,932632	-8,757808	10,948709
375,231656	880,000000	784,050026	369,947609	-8,757712	10,938297
375,328228	880,000000	784,121424	369,943070	-8,754745	10,930158
375,424821	880,000000	784,219252	369,974384	-8,754458	10,919005
375,521498	880,000000	784,334701	370,062879	-8,751810	10,905844
375,618059	880,000000	784,348610	370,059249	-8,747726	10,904258
375,714662	880,000000	784,286944	370,007967	-8,750278	10,911288
375,811290	880,000000	784,203952	369,984368	-8,755383	10,920750
375,907965	880,000000	784,087116	369,936263	-8,752065	10,934069
376,004506	880,000000	783,992073	369,882258	-8,754298	10,944904
376,101179	880,000000	783,879878	369,874542	-8,757521	10,957694
376,197720	880,000000	783,888223	369,885888	-8,758893	10,956743
376,294415	880,000000	783,905841	369,924917	-8,755096	10,954734
376,390992	880,000000	783,986046	369,946701	-8,755989	10,945591
376,487663	880,000000	784,171033	370,027481	-8,757393	10,924502
376,584223	880,000000	784,286017	370,093739	-8,753947	10,911394
376,680908	880,000000	784,320791	370,077855	-8,757202	10,907430
376,777408	880,000000	784,288799	370,047903	-8,749704	10,911077
376,874060	880,000000	784,159906	369,978015	-8,755287	10,925771
376,970655	880,000000	784,019426	369,940347	-8,753788	10,941785
377,067347	880,000000	783,969819	369,912210	-8,752639	10,947441
377,163906	880,000000	783,946175	369,893149	-8,752384	10,950136
377,260458	880,000000	784,036117	369,974838	-8,751778	10,939883
377,357150	880,000000	784,145533	370,017044	-8,754171	10,927409
377,453726	880,000000	784,126061	369,997075	-8,751363	10,929629
377,550364	880,000000	784,238725	370,056072	-8,754905	10,916785
377,646952	880,000000	784,264689	370,060156	-8,750310	10,913825
377,743533	880,000000	784,196070	370,028389	-8,752161	10,921648
377,840184	880,000000	784,084334	369,925825	-8,749513	10,934386
377,936841	880,000000	784,037971	369,897688	-8,751299	10,939671
378,033487	880,000000	783,986509	369,899503	-8,753947	10,945538
378,130065	880,000000	783,950811	369,884981	-8,749289	10,949608
378,226364	880,000000	783,970746	369,923102	-8,751906	10,947335
378,323063	880,000000	783,973528	369,907218	-8,751714	10,947018
378,419605	880,000000	784,031481	369,925825	-8,753277	10,940411
378,516199	880,000000	784,102879	369,962131	-8,753820	10,932272
378,612903	880,000000	784,123743	369,984822	-8,750470	10,929893
378,709490	880,000000	784,197461	370,030204	-8,751076	10,921489
378,806141	880,000000	784,183552	369,978015	-8,750278	10,923075
378,902445	880,000000	784,246607	370,027935	-8,751012	10,915887
378,999000	880,000000	784,222034	370,034289	-8,750183	10,918688
379,095653	880,000000	784,272108	370,073771	-8,753947	10,912980
379,192320	880,000000	784,232698	370,032474	-8,750342	10,917472
379,288933	880,000000	784,227134	370,049265	-8,753214	10,918107
379,385568	880,000000	784,141361	369,983915	-8,752895	10,927885
379,482123	880,000000	784,129306	369,971661	-8,756627	10,929259
379,578723	880,000000	784,146461	369,993899	-8,754841	10,927303
379,675380	880,000000	784,166861	370,012959	-8,752416	10,924978
379,771943	880,000000	784,233161	370,039281	-8,755160	10,917420
379,868599	880,000000	784,278599	370,047450	-8,756915	10,912240
379,965175	880,000000	784,263762	370,032927	-8,756819	10,913931
380,061765	880,000000	784,196997	370,020674	-8,755479	10,921542
380,158451	880,000000	784,149706	369,938986	-8,752384	10,926934
380,254998	880,000000	784,031944	369,883619	-8,752703	10,940358
380,351694	880,000000	784,031944	369,881350	-8,753852	10,940358
380,448234	880,000000	784,058371	369,866373	-8,754011	10,937346
380,544908	880,000000	784,132088	369,879988	-8,756245	10,928942
380,641540	880,000000	784,106125	369,851851	-8,754394	10,931902
380,738170	880,000000	784,104734	369,818267	-8,751618	10,932060
380,834747	880,000000	784,138115	369,823713	-8,750853	10,928255
380,931335	880,000000	784,101952	369,789676	-8,752512	10,932377
381,027992	880,000000	784,168715	369,821444	-8,747343	10,924766
381,124534	880,000000	784,251707	369,870004	-8,746609	10,915305
381,221242	880,000000	784,278135	369,914933	-8,749066	10,912293
381,317787	880,000000	784,265616	369,873635	-8,752065	10,913720
381,414429	880,000000	784,315227	369,934448	-8,749768	10,908064
381,511014	880,000000	784,294363	369,904949	-8,752480	10,910443
381,607657	880,000000	784,277208	369,896326	-8,750119	10,912398
381,704210	880,000000	784,218788	369,853212	-8,747949	10,919058
381,800851	880,000000	784,130233	369,829159	-8,749672	10,929153
381,897484	880,000000	784,059298	369,786045	-8,750725	10,937240
381,994158	880,000000	784,052807	369,747015	-8,753086	10,937980
382,090686	880,000000	784,079234	369,747015	-8,752512	10,934967
382,187311	880,000000	784,166861	369,782868	-8,753437	10,924978
382,283949	880,000000	784,224816	369,810098	-8,752767	10,918371
382,380610	880,000000	784,246607	369,828252	-8,754873	10,915887
382,477170	880,000000	784,242898	369,815544	-8,748747	10,916310
382,573857	880,000000	784,189579	369,765168	-8,745174	10,922388
382,670408	880,000000	784,127915	369,727500	-8,746418	10,929418
382,766991	880,000000	784,036580	369,707077	-8,749991	10,939830
382,863617	880,000000	783,973992	369,653977	-8,754713	10,946965
382,960285	880,000000	783,944320	369,655339	-8,753118	10,950347
383,056878	880,000000	783,976773	369,686200	-8,746227	10,946648
383,153498	880,000000	784,099634	369,732492	-8,749289	10,932642
383,250074	880,000000	784,125597	369,760176	-8,747088	10,929682
383,346748	880,000000	784,219716	369,796483	-8,750566	10,918952
383,443292	880,000000	784,319400	369,855935	-8,747279	10,907588
383,539960	880,000000	784,369011	369,874089	-8,749736	10,901933
383,636567	880,000000	784,282771	369,801929	-8,737612	10,911764
383,733210	880,000000	784,205343	369,780599	-8,746227	10,920591
383,829747	880,000000	784,189115	369,788768	-8,746641	10,922441
383,926416	880,000000	784,124670	369,766530	-8,748906	10,929788
384,023062	880,000000	784,052344	369,750646	-8,751459	10,938033
384,119601	880,000000	783,981410	369,706169	-8,752831	10,946119
384,216276	880,000000	783,940148	369,671224	-8,749066	10,950823
384,312799	880,000000	783,991609	369,722054	-8,749066	10,944957
384,409477	880,000000	784,070889	369,747923	-8,749321	10,935919
384,506110	880,000000	784,138115	369,786045	-8,751267	10,928255
384,602662	880,000000	784,161297	369,772884	-8,748205	10,925612
384,699367	880,000000	784,231307	369,830521	-8,753086	10,917631
384,795936	880,000000	784,346292	369,956231	-8,749672	10,904523
384,892600	880,000000	784,406568	369,981192	-8,747662	10,897651
384,989144	880,000000	784,350928	369,938986	-8,746897	10,903994
385,085809	880,000000	784,243361	369,860474	-8,746386	10,916257
385,182420	880,000000	784,168252	369,894965	-8,745269	10,924819
385,279046	880,000000	784,124670	369,864104	-8,746992	10,929788
385,375585	880,000000	784,042608	369,814183	-8,743993	10,939143
385,472189	880,000000	784,037508	369,814183	-8,746035	10,939724
385,568856	880,000000	784,105197	369,831882	-8,751172	10,932008
385,665513	880,000000	784,110761	369,823713	-8,747343	10,931373
385,762090	880,000000	784,148315	369,867735	-8,742494	10,927092
385,858701	880,000000	784,089434	369,779237	-8,747790	10,933805
385,955262	880,000000	784,107979	369,765168	-8,745525	10,931690
386,051940	880,000000	784,085261	369,747923	-8,745652	10,934280
386,148548	880,000000	784,097779	369,764715	-8,746737	10,932853
386,245106	880,000000	784,175670	369,811006	-8,746801	10,923974
386,341802	880,000000	784,238725	369,840505	-8,744759	10,916785
386,438343	880,000000	784,295290	369,908126	-8,745620	10,910337
386,534999	880,000000	784,260053	369,845043	-8,744855	10,914354
386,631564	880,000000	784,214152	369,842774	-8,743451	10,919587
386,727957	880,000000	784,131624	369,794214	-8,744057	10,928995
386,824587	880,000000	784,078307	369,773791	-8,744121	10,935073
386,921195	880,000000	784,043535	369,799206	-8,741505	10,939037
387,017836	880,000000	784,054662	369,816906	-8,741951	10,937769
387,114370	880,000000	784,062080	369,806014	-8,741122	10,936923
387,211015	880,000000	784,162224	369,852305	-8,743259	10,925506
387,307683	880,000000	784,262371	369,885888	-8,740803	10,914090
387,404243	880,000000	784,269326	369,891334	-8,740611	10,913297
387,500914	880,000000	784,311518	369,917656	-8,741600	10,908487
387,597502	880,000000	784,275353	369,903134	-8,744376	10,912610
387,694153	880,000000	784,296681	369,930363	-8,743674	10,910178
387,790715	880,000000	784,248925	369,895872	-8,741409	10,915623
387,887386	880,000000	784,204415	369,893603	-8,743578	10,920697
387,983983	880,000000	784,175206	369,886342	-8,741122	10,924027
388,080544	880,000000	784,115861	369,848674	-8,739686	10,930792
388,177219	880,000000	784,113079	369,910395	-8,741537	10,931109
388,273751	880,000000	784,068107	369,855028	-8,741217	10,936236
388,370433	880,000000	784,088507	369,870458	-8,739463	10,933910
388,466974	880,000000	784,088507	369,899957	-8,738984	10,933910
388,563648	880,000000	784,109370	369,902226	-8,741090	10,931532
388,660241	880,000000	784,084798	369,885434	-8,739973	10,934333
388,756872	880,000000	784,098706	369,918564	-8,740611	10,932747
388,853435	880,000000	784,097316	369,915387	-8,742143	10,932906
388,950106	880,000000	784,111688	369,958954	-8,739144	10,931268
389,046412	880,000000	784,082943	369,950785	-8,742653	10,934544
389,143072	880,000000	784,040753	369,904495	-8,740707	10,939354
389,239726	880,000000	784,046780	369,904495	-8,741792	10,938667
389,336287	880,000000	784,102415	369,918564	-8,739495	10,932325
389,432943	880,000000	784,152488	369,984822	-8,739431	10,926616
389,529488	880,000000	784,212761	370,014321	-8,737261	10,919745
389,626169	880,000000	784,314300	370,063787	-8,737804	10,908170
389,722695	880,000000	784,420941	370,126414	-8,737070	10,896013
389,819353	880,000000	784,421869	370,160450	-8,743036	10,895907
389,916003	880,000000	784,383848	370,135036	-8,741664	10,900241
390,012579	880,000000	784,261907	370,060156	-8,740579	10,914143
390,109203	880,000000	784,165933	370,022036	-8,741887	10,925084
390,205877	880,000000	784,109370	369,936263	-8,738793	10,931532
390,302454	880,000000	784,117715	369,954870	-8,740037	10,930580
390,399031	880,000000	784,059762	369,911756	-8,743100	10,937187
390,495718	880,000000	784,050953	369,868643	-8,742079	10,938191
390,592227	880,000000	784,108906	369,860020	-8,739431	10,931585
390,688955	880,000000	784,207197	369,869096	-8,740133	10,920380
390,785547	880,000000	784,250780	369,840959	-8,738857	10,915411
390,881858	880,000000	784,344901	369,880896	-8,739877	10,904681
390,978528	880,000000	784,402395	369,906310	-8,740037	10,898127
391,075087	880,000000	784,382921	369,871366	-8,735219	10,900347
391,171723	880,000000	784,392194	369,876358	-8,738793	10,899290
391,268287	880,000000	784,283235	369,791037	-8,733816	10,911711
391,364996	880,000000	784,227598	369,749738	-8,736878	10,918054
391,461502	880,000000	784,228525	369,756999	-8,738601	10,917948
391,558145	880,000000	784,092216	369,663962	-8,741249	10,933487
391,654778	880,000000	784,100561	369,679847	-8,743834	10,932536
391,751353	880,000000	784,106588	369,677123	-8,742494	10,931849
391,847795	880,000000	784,120033	369,670770	-8,737899	10,930316
391,944090	880,000000	784,121888	369,682570	-8,737772	10,930105
392,040741	880,000000	784,168252	369,694823	-8,741568	10,924819
392,137038	880,000000	784,184479	369,692100	-8,741217	10,922969
392,233681	880,000000	784,203488	369,696185	-8,738474	10,920802
392,330355	880,000000	784,257271	369,711615	-8,735028	10,914671
392,426963	880,000000	784,192824	369,646716	-8,739814	10,922018
392,523556	880,000000	784,177524	369,685747	-8,741568	10,923762
392,620214	880,000000	784,151561	369,676670	-8,740037	10,926722
392,716796	880,000000	784,120497	369,647624	-8,740707	10,930263
392,813347	880,000000	784,090361	369,629470	-8,739112	10,933699
392,910018	880,000000	784,042144	369,626293	-8,744089	10,939196
393,006599	880,000000	784,046317	369,637185	-8,739335	10,938720
393,103248	880,000000	784,043071	369,646262	-8,739877	10,939090
393,199830	880,000000	784,116324	369,656247	-8,736559	10,930739
393,296505	880,000000	784,088507	369,671677	-8,737867	10,933910
393,393013	880,000000	784,134406	369,706623	-8,733911	10,928678
393,489695	880,000000	784,192824	369,749284	-8,734390	10,922018
393,586292	880,000000	784,215079	369,757453	-8,734326	10,919481
393,682692	880,000000	784,172888	369,718877	-8,732890	10,924291
393,779219	880,000000	784,211834	369,759269	-8,731104	10,919851
393,875854	880,000000	784,251243	369,791945	-8,727722	10,915358
393,972497	880,000000	784,231770	369,751553	-8,732029	10,917578
394,069080	880,000000	784,178452	369,738846	-8,731072	10,923657
394,165870	880,000000	784,118643	369,760630	-8,732603	10,930475
394,262293	880,000000	784,096852	369,754730	-8,731199	10,932959
394,358967	880,000000	784,179842	369,817813	-8,731582	10,923498
394,455276	880,000000	784,183552	369,811460	-8,734039	10,923075
394,551985	880,000000	784,273962	369,878173	-8,733784	10,912768
394,648576	880,000000	784,358811	369,943070	-8,734167	10,903096
394,745135	880,000000	784,370402	369,917656	-8,735315	10,901774
394,841800	880,000000	784,372720	369,934902	-8,730625	10,901510
394,938343	880,000000	784,325427	369,915387	-8,730944	10,906901
395,034977	880,000000	784,275353	369,889065	-8,731391	10,912610
395,131626	880,000000	784,182624	369,849128	-8,730497	10,923181
395,228291	880,000000	784,206734	369,895419	-8,733337	10,920432
395,324809	880,000000	784,279990	369,933086	-8,737453	10,912081
395,421457	880,000000	784,251243	369,905857	-8,734709	10,915358
395,518117	880,000000	784,125133	369,814637	-8,730721	10,929735
395,614734	880,000000	784,163615	369,850036	-8,727275	10,925348
395,711291	880,000000	784,170106	369,806468	-8,741026	10,924608
395,807846	880,000000	784,165470	369,851397	-8,736145	10,925136
395,904524	880,000000	784,216470	369,845951	-8,734358	10,919322
396,001164	880,000000	784,223425	369,843228	-8,734135	10,918530
396,097800	880,000000	784,190043	369,790583	-8,736751	10,922335
396,194400	880,000000	784,153415	369,765168	-8,736145	10,926511
396,290723	880,000000	784,177061	369,770615	-8,734358	10,923815
396,387357	880,000000	784,216470	369,813275	-8,732157	10,919322
396,484013	880,000000	784,259125	369,831882	-8,729508	10,914460
396,580533	880,000000	784,254025	369,807829	-8,724436	10,915041
396,677152	880,000000	784,272108	369,820083	-8,730593	10,912980
396,773508	880,000000	784,238725	369,812367	-8,729317	10,916785
396,870130	880,000000	784,185870	369,802383	-8,725457	10,922811
396,966563	880,000000	784,180770	369,784230	-8,724276	10,923392
397,063157	880,000000	784,133479	369,747923	-8,725488	10,928783
397,159472	880,000000	784,235479	369,810552	-8,728296	10,917155
397,256135	880,000000	784,258198	369,827344	-8,730529	10,914565
397,352686	880,000000	784,292508	369,881350	-8,731295	10,910654
397,449340	880,000000	784,253098	369,797845	-8,728743	10,915147
397,545884	880,000000	784,249852	369,799660	-8,734900	10,915517
397,642584	880,000000	784,277208	369,810552	-8,733177	10,912398
397,739126	880,000000	784,214152	369,807375	-8,729955	10,919587
397,835788	880,000000	784,256807	369,873181	-8,730466	10,914724
397,932354	880,000000	784,301781	369,868643	-8,729030	10,909597
398,029028	880,000000	784,347683	369,907218	-8,732252	10,904364
398,125621	880,000000	784,336091	369,885434	-8,729540	10,905686
398,222260	880,000000	784,384776	369,940347	-8,730242	10,900136
398,318899	880,000000	784,372720	369,923556	-8,730753	10,901510
398,415475	880,000000	784,342583	369,894965	-8,732507	10,904946
398,512015	880,000000	784,234552	369,806921	-8,730019	10,917261
398,608663	880,000000	784,197924	369,786499	-8,729827	10,921437
398,705362	880,000000	784,153879	369,769707	-8,731104	10,926458
398,801902	880,000000	784,085725	369,726138	-8,730497	10,934227
398,898551	880,000000	784,129770	369,767438	-8,724818	10,929206
398,994959	880,000000	784,120033	369,780145	-8,726605	10,930316
399,091509	880,000000	784,140433	369,793306	-8,731423	10,927991
399,188126	880,000000	784,192361	369,805560	-8,728073	10,922071
399,284739	880,000000	784,346756	369,915841	-8,726860	10,904470
399,381427	880,000000	784,440879	369,941709	-8,728296	10,893740
399,477992	880,000000	784,455716	369,935809	-8,727626	10,892048
399,574558	880,000000	784,384312	369,852305	-8,728743	10,900188
399,671201	880,000000	784,258198	369,792853	-8,726733	10,914565
399,767781	880,000000	784,223888	369,782868	-8,731806	10,918477
399,864438	880,000000	784,263762	369,843228	-8,729189	10,913931
399,961027	880,000000	784,279062	369,882711	-8,729796	10,912187
400,057697	880,000000	784,309200	369,893603	-8,729923	10,908751
400,154228	880,000000	784,253098	369,863197	-8,731933	10,915147
400,250926	880,000000	784,221106	369,824621	-8,728679	10,918794
400,347497	880,000000	784,187261	369,761992	-8,726733	10,922652
400,444087	880,000000	784,288799	369,887250	-8,728264	10,911077
400,540761	880,000000	784,399149	369,950785	-8,728487	10,898497
400,637315	880,000000	784,385239	369,894511	-8,730625	10,900083
400,733916	880,000000	784,391267	369,912210	-8,728424	10,899396
400,830539	880,000000	784,322646	369,850489	-8,727084	10,907218
400,927213	880,000000	784,239652	369,781960	-8,730019	10,916680
401,023747	880,000000	784,130697	369,715700	-8,727754	10,929101
401,120427	880,000000	784,067180	369,716608	-8,724531	10,936342
401,217031	880,000000	784,094534	369,743838	-8,725010	10,933223
401,313612	880,000000	784,156197	369,770161	-8,724755	10,926194
401,410285	880,000000	784,320327	369,860928	-8,722681	10,907483
401,506892	880,000000	784,407031	369,885434	-8,725329	10,897598
401,603432	880,000000	784,473799	369,897234	-8,724978	10,889987
401,700042	880,000000	784,464526	369,884981	-8,723447	10,891044
401,796689	880,000000	784,298999	369,745200	-8,722330	10,909914
401,893284	880,000000	784,253098	369,772884	-8,723478	10,915147
401,989899	880,000000	784,190506	369,768799	-8,725903	10,922282
402,086529	880,000000	784,147852	369,722054	-8,725137	10,927145
402,183234	880,000000	784,214616	369,788768	-8,725233	10,919534
402,279821	880,000000	784,223888	369,739754	-8,726095	10,918477
402,376365	880,000000	784,206734	369,733854	-8,726605	10,920432
402,472999	880,000000	784,281844	369,766530	-8,727658	10,911870
402,569672	880,000000	784,309200	369,770161	-8,727881	10,908751
402,666253	880,000000	784,426505	369,872727	-8,726860	10,895378
402,762809	880,000000	784,408886	369,806014	-8,723191	10,897387
402,859505	880,000000	784,337019	369,772430	-8,725935	10,905580
402,956048	880,000000	784,237334	369,722961	-8,726860	10,916944
403,052670	880,000000	784,171497	369,742930	-8,725488	10,924449
403,149264	880,000000	784,118179	369,707985	-8,722553	10,930528
403,245937	880,000000	784,086188	369,716154	-8,722170	10,934175
403,342531	880,000000	784,118179	369,706623	-8,721660	10,930528
403,438893	880,000000	784,138579	369,740207	-8,722968	10,928202
403,535553	880,000000	784,206734	369,769707	-8,724117	10,920432
403,632144	880,000000	784,254489	369,768799	-8,723127	10,914988
403,728724	880,000000	784,266544	369,774699	-8,721149	10,913614
403,825378	880,000000	784,297145	369,811914	-8,727881	10,910126
403,921949	880,000000	784,258198	369,768345	-8,723319	10,914565
404,018606	880,000000	784,237798	369,764715	-8,724946	10,916891
404,115230	880,000000	784,218325	369,724323	-8,722266	10,919111
404,211834	880,000000	784,184942	369,742023	-8,722808	10,922917
404,308463	880,000000	784,188188	369,770161	-8,721468	10,922547
404,405007	880,000000	784,212297	369,803291	-8,723542	10,919798
404,501442	880,000000	784,117715	369,753823	-8,722362	10,930580
404,597953	880,000000	784,160833	369,771068	-8,718150	10,925665
404,694683	880,000000	784,209052	369,791945	-8,721373	10,920168
404,791272	880,000000	784,204879	369,813729	-8,721819	10,920644
404,887822	880,000000	784,366229	369,861835	-8,719299	10,902250
404,984535	880,000000	784,411668	369,910849	-8,723447	10,897070
405,081043	880,000000	784,372257	369,882711	-8,721851	10,901563
405,177747	880,000000	784,342119	369,860474	-8,721181	10,904998
405,274318	880,000000	784,251243	369,801929	-8,721532	10,915358
405,370979	880,000000	784,166397	369,758815	-8,716683	10,925031
405,467572	880,000000	784,087579	369,718877	-8,720448	10,934016
405,564138	880,000000	784,082479	369,743838	-8,726477	10,934597
405,660831	880,000000	784,077843	369,758361	-8,722362	10,935126
405,757383	880,000000	784,069961	369,763807	-8,721628	10,936024
405,853988	880,000000	784,133015	369,779691	-8,724723	10,928836
405,950649	880,000000	784,156197	369,797391	-8,722138	10,926194
406,047186	880,000000	784,170570	369,813275	-8,720990	10,924555
406,143592	880,000000	784,225279	369,831882	-8,720862	10,918318
406,240150	880,000000	784,279990	369,867281	-8,717512	10,912081
406,336800	880,000000	784,248462	369,846405	-8,716396	10,915675
406,433440	880,000000	784,281844	369,900865	-8,717066	10,911870
406,530090	880,000000	784,216934	369,840505	-8,718182	10,919270
406,626433	880,000000	784,177061	369,850036	-8,715056	10,923815
406,723050	880,000000	784,256807	369,899503	-8,718214	10,914724
406,819681	880,000000	784,223888	369,869550	-8,715534	10,918477
406,916238	880,000000	784,199779	369,886342	-8,714768	10,921225
407,012863	880,000000	784,162224	369,867281	-8,712408	10,925506
407,109508	880,000000	784,147388	369,843682	-8,715853	10,927198
407,206144	880,000000	784,171033	369,881350	-8,715726	10,924502
407,302708	880,000000	784,150170	369,857751	-8,719267	10,926881
407,399266	880,000000	784,137188	369,877265	-8,716938	10,928361
407,495923	880,000000	784,149242	369,873635	-8,714226	10,926986
407,592585	880,000000	784,127915	369,850489	-8,715598	10,929418
407,689130	880,000000	784,173815	369,897234	-8,713875	10,924185
407,785837	880,000000	784,213688	369,904495	-8,719905	10,919640
407,882397	880,000000	784,200706	369,892696	-8,717385	10,921119
407,978979	880,000000	784,194215	369,929909	-8,715694	10,921859
408,075632	880,000000	784,254953	369,934902	-8,709983	10,914935
408,172298	880,000000	784,271180	369,952601	-8,714290	10,913085
408,268869	880,000000	784,277671	369,948970	-8,711259	10,912345
408,365453	880,000000	784,233161	369,914479	-8,713141	10,917420
408,462051	880,000000	784,211834	369,936717	-8,711929	10,919851
408,558717	880,000000	784,121424	369,949878	-8,715598	10,930158
408,655257	880,000000	784,115397	369,933994	-8,713907	10,930845
408,751948	880,000000	784,078307	369,931725	-8,712503	10,935073
408,848580	880,000000	784,155733	369,973931	-8,709887	10,926246
408,945121	880,000000	784,172888	369,994806	-8,713301	10,924291
409,041778	880,000000	784,106588	369,947155	-8,712631	10,931849
409,138376	880,000000	784,119106	369,937171	-8,712918	10,930422
409,235049	880,000000	784,138579	369,968938	-8,710174	10,928202
409,331597	880,000000	784,164079	369,993445	-8,713078	10,925295
409,428191	880,000000	784,171033	369,998891	-8,710270	10,924502
409,524865	880,000000	784,181233	369,984368	-8,708643	10,923339
409,621492	880,000000	784,224352	369,996168	-8,711865	10,918424
409,718074	880,000000	784,222961	370,001160	-8,711450	10,918582
409,814742	880,000000	784,160833	369,977561	-8,711865	10,925665
409,911289	880,000000	784,203024	370,036104	-8,713397	10,920855
410,007948	880,000000	784,099170	369,953962	-8,714992	10,932695
410,104506	880,000000	784,133479	369,953055	-8,713556	10,928783
410,201140	880,000000	784,127915	369,949878	-8,714832	10,929418
410,297720	880,000000	784,126524	369,973477	-8,712152	10,929576
410,394401	880,000000	784,159906	369,987091	-8,713492	10,925771
410,490940	880,000000	784,137652	369,992537	-8,705676	10,928308
410,587616	880,000000	784,153879	369,992991	-8,710812	10,926458
410,684189	880,000000	784,167324	369,988453	-8,714705	10,924925
410,780880	880,000000	784,163151	369,988453	-8,708037	10,925401
410,877437	880,000000	784,168252	369,977561	-8,709440	10,924819
410,974058	880,000000	784,177061	369,979376	-8,715662	10,923815
411,070665	880,000000	784,131161	370,011598	-8,710174	10,929048
411,167269	880,000000	784,097316	369,999345	-8,708419	10,932906
411,263933	880,000000	784,165470	370,017951	-8,712982	10,925136
411,360517	880,000000	784,143679	370,039735	-8,712216	10,927621
411,457163	880,000000	784,144142	369,998891	-8,707781	10,927568
411,553781	880,000000	784,214152	370,058341	-8,710812	10,919587
411,650339	880,000000	784,291117	370,155004	-8,710940	10,910813
411,746978	880,000000	784,257271	370,101000	-8,708100	10,914671
411,843553	880,000000	784,266544	370,080578	-8,711833	10,913614
411,940239	880,000000	784,324036	370,109622	-8,711418	10,907060
412,036866	880,000000	784,442270	370,201292	-8,708834	10,893581
412,133403	880,000000	784,500692	370,224890	-8,706090	10,886921
412,230054	880,000000	784,423723	370,184955	-8,709472	10,895696
412,326605	880,000000	784,312445	370,080578	-8,710717	10,908381
412,423231	880,000000	784,213225	370,049719	-8,714705	10,919692
412,519887	880,000000	784,102879	369,964854	-8,712854	10,932272
412,616538	880,000000	783,997636	369,931725	-8,713620	10,944269
412,713096	880,000000	783,952202	369,906764	-8,711961	10,949449
412,809690	880,000000	783,993000	369,915387	-8,712950	10,944798
412,906338	880,000000	783,997173	369,911303	-8,711642	10,944322
413,003228	880,000000	784,108906	369,968485	-8,713556	10,931585
413,099846	880,000000	784,202097	370,003883	-8,711195	10,920961
413,196399	880,000000	784,307345	370,026120	-8,710493	10,908963
413,293071	880,000000	784,339337	370,004790	-8,709728	10,905316
413,389744	880,000000	784,360665	369,981646	-8,706952	10,902884
413,486363	880,000000	784,391267	370,031566	-8,704017	10,899396
413,582948	880,000000	784,365302	370,000252	-8,705771	10,902356
413,679522	880,000000	784,315691	370,004337	-8,707654	10,908011
413,776212	880,000000	784,170570	369,912664	-8,707048	10,924555
413,872754	880,000000	784,133479	369,902680	-8,706569	10,928783
413,969313	880,000000	784,072280	369,860474	-8,707398	10,935760
414,066047	880,000000	784,091288	369,871366	-8,704878	10,933593
414,162636	880,000000	784,110297	369,824621	-8,705931	10,931426
414,259195	880,000000	784,159906	369,851851	-8,711068	10,925771
414,355869	880,000000	784,179842	369,849128	-8,706537	10,923498
414,452420	880,000000	784,247534	369,915841	-8,709185	10,915781
414,549037	880,000000	784,252634	369,942163	-8,704750	10,915200
414,645627	880,000000	784,260053	369,921287	-8,706633	10,914354
414,742329	880,000000	784,202097	369,916748	-8,706601	10,920961
414,838949	880,000000	784,191897	369,921287	-8,706058	10,922124
414,935530	880,000000	784,149706	369,903134	-8,707781	10,926934
415,032119	880,000000	784,088043	369,886796	-8,709536	10,933963
415,128799	880,000000	784,054198	369,881804	-8,707526	10,937821
415,225410	880,000000	784,045389	369,887703	-8,708802	10,938826
415,321951	880,000000	784,078770	369,912210	-8,710812	10,935020
415,418626	880,000000	784,159906	369,973023	-8,709759	10,925771
415,515201	880,000000	784,234089	370,019767	-8,705484	10,917314
415,611763	880,000000	784,208588	370,001160	-8,707016	10,920221
415,708388	880,000000	784,240580	370,003429	-8,704942	10,916574
415,805028	880,000000	784,187261	369,967123	-8,702740	10,922652
415,901685	880,000000	784,171961	370,009329	-8,704368	10,924396
415,998236	880,000000	784,178915	369,986184	-8,703410	10,923604
416,094914	880,000000	784,109370	369,983461	-8,707048	10,931532
416,191499	880,000000	784,198852	370,034743	-8,707143	10,921331
416,288169	880,000000	784,166861	370,043365	-8,704272	10,924978
416,384781	880,000000	784,233625	370,079671	-8,706186	10,917367
416,481302	880,000000	784,304099	370,094193	-8,720256	10,909333
416,577712	880,000000	784,310591	370,126414	-8,710876	10,908593
416,674335	880,000000	784,222961	370,062426	-8,710110	10,918582
416,770907	880,000000	784,142288	369,984822	-8,709504	10,927779
416,867568	880,000000	784,079234	369,966669	-8,704144	10,934967
416,964129	880,000000	784,082016	369,977107	-8,700667	10,934650
417,060835	880,000000	784,112152	369,979376	-8,702294	10,931215
417,157411	880,000000	784,059762	369,947609	-8,706154	10,937187
417,253965	880,000000	784,095925	369,968031	-8,708196	10,933065
417,350609	880,000000	784,092216	369,968485	-8,706601	10,933487
417,447242	880,000000	784,139506	370,033381	-8,708419	10,928096
417,543852	880,000000	784,152488	369,994806	-8,706090	10,926616
417,640526	880,000000	784,203488	370,018859	-8,704463	10,920802
417,737053	880,000000	784,275817	370,049265	-8,703442	10,912557
417,833724	880,000000	784,220643	370,040188	-8,704304	10,918847
417,930318	880,000000	784,215543	370,041096	-8,701879	10,919428
418,026951	880,000000	784,184015	370,031112	-8,704974	10,923022
418,123245	880,000000	784,187724	370,048811	-8,703538	10,922599
418,219948	880,000000	784,180770	370,038373	-8,703602	10,923392
418,316470	880,000000	784,155270	370,058341	-8,705197	10,926299
418,413162	880,000000	784,199779	370,057887	-8,703825	10,921225
418,509720	880,000000	784,204415	370,060610	-8,704910	10,920697
418,606346	880,000000	784,158515	370,025666	-8,703793	10,925929
418,702928	880,000000	784,208125	370,046088	-8,705771	10,920274
418,799599	880,000000	784,229452	370,061518	-8,704431	10,917842
418,896143	880,000000	784,234089	370,085570	-8,702453	10,917314
418,992808	880,000000	784,286017	370,096008	-8,701847	10,911394
419,089362	880,000000	784,214152	370,066510	-8,703410	10,919587
419,185997	880,000000	784,178452	370,048357	-8,706537	10,923657
419,282608	880,000000	784,147388	370,037919	-8,706250	10,927198
419,379318	880,000000	784,151097	370,057887	-8,703283	10,926775
419,475930	880,000000	784,228061	370,095100	-8,704112	10,918001
419,572438	880,000000	784,175206	370,101454	-8,700220	10,924027
419,669077	880,000000	784,155733	370,102815	-8,706314	10,926246
419,765751	880,000000	784,132088	370,066510	-8,703825	10,928942
419,862310	880,000000	784,161297	370,110076	-8,705006	10,925612
419,958996	880,000000	784,187724	370,110530	-8,700443	10,922599
420,055539	880,000000	784,176133	370,114161	-8,703889	10,923921
420,152210	880,000000	784,090825	370,046542	-8,705580	10,933646
420,248792	880,000000	784,117715	370,068779	-8,696806	10,930580
420,345436	880,000000	784,150170	370,040188	-8,703889	10,926881
420,442036	880,000000	784,159906	370,060156	-8,701528	10,925771
420,538675	880,000000	784,127915	370,043819	-8,702166	10,929418
420,635250	880,000000	784,079698	370,046542	-8,702613	10,934914
420,731863	880,000000	784,143215	370,049265	-8,698593	10,927673
420,828470	880,000000	784,145070	370,098277	-8,699837	10,927462
420,925095	880,000000	784,139506	370,074679	-8,700188	10,928096
421,021429	880,000000	784,145070	370,091924	-8,701528	10,927462
421,118055	880,000000	784,180306	370,120968	-8,700411	10,923445
421,214730	880,000000	784,226670	370,156365	-8,701688	10,918160
421,311272	880,000000	784,215079	370,133221	-8,700667	10,919481
421,407961	880,000000	784,158051	370,111438	-8,695530	10,925982
421,504527	880,000000	784,106588	370,098731	-8,703059	10,931849
421,601107	880,000000	784,110297	370,087839	-8,701783	10,931426
421,697788	880,000000	784,164542	370,146381	-8,701688	10,925242
421,794422	880,000000	784,184479	370,145928	-8,699646	10,922969
421,890966	880,000000	784,258198	370,190401	-8,704017	10,914565
421,987616	880,000000	784,231770	370,148650	-8,700826	10,917578
422,084175	880,000000	784,255880	370,181779	-8,700379	10,914830
422,180839	880,000000	784,210443	370,175425	-8,700762	10,920010
422,277513	880,000000	784,134406	370,107353	-8,704272	10,928678
422,374039	880,000000	784,141824	370,095554	-8,700060	10,927832
422,470710	880,000000	784,103806	370,074679	-8,699933	10,932166
422,567271	880,000000	784,074134	370,053349	-8,705357	10,935549
422,663897	880,000000	784,087579	370,090108	-8,701879	10,934016
422,760473	880,000000	784,156661	370,121422	-8,700411	10,926141
422,857148	880,000000	784,259589	370,160450	-8,699709	10,914407
422,953788	880,000000	784,259589	370,155004	-8,701528	10,914407
423,050399	880,000000	784,235016	370,139120	-8,706633	10,917208
423,147032	880,000000	784,237798	370,133221	-8,699869	10,916891
423,243620	880,000000	784,196997	370,113253	-8,699582	10,921542
423,340162	880,000000	784,162688	370,111438	-8,703921	10,925454
423,436801	880,000000	784,114470	370,099639	-8,705516	10,930950
423,533457	880,000000	784,038435	370,056072	-8,703634	10,939618
423,630089	880,000000	784,047707	370,080124	-8,703506	10,938561
423,726663	880,000000	784,024063	370,076040	-8,703410	10,941257
423,823254	880,000000	784,126524	370,139120	-8,704144	10,929576
423,919945	880,000000	784,162224	370,155004	-8,686437	10,925506
424,016514	880,000000	784,196070	370,170433	-8,697444	10,921648
424,113105	880,000000	784,207661	370,157273	-8,698593	10,920327
424,209774	880,000000	784,193752	370,151827	-8,698114	10,921912
424,306337	880,000000	784,238725	370,194031	-8,696583	10,916785
424,402978	880,000000	784,172888	370,191762	-8,699071	10,924291
424,499502	880,000000	784,187724	370,192216	-8,702613	10,922599
424,596261	880,000000	784,162224	370,194485	-8,699231	10,925506
424,692854	880,000000	784,132552	370,187678	-8,701241	10,928889
424,789382	880,000000	784,134406	370,211730	-8,699422	10,928678
424,885987	880,000000	784,123743	370,232151	-8,700316	10,929893
424,982624	880,000000	784,218325	370,286154	-8,702517	10,919111
425,079292	880,000000	784,313372	370,364662	-8,700507	10,908276
425,175928	880,000000	784,398685	370,409587	-8,698784	10,898550
425,272474	880,000000	784,389412	370,379183	-8,700858	10,899607
425,369074	880,000000	784,255880	370,282524	-8,698401	10,914830
425,465758	880,000000	784,163151	370,216722	-8,697540	10,925401
425,562299	880,000000	784,204415	370,272540	-8,697029	10,920697
425,658903	880,000000	784,329137	370,366477	-8,699678	10,906478
425,755549	880,000000	784,382457	370,375553	-8,698976	10,900400
425,852147	880,000000	784,281844	370,270725	-8,701081	10,911870
425,948754	880,000000	784,190970	370,229428	-8,699709	10,922229
426,045397	880,000000	784,194215	370,212184	-8,700028	10,921859
426,142080	880,000000	784,170570	370,244858	-8,700252	10,924555
426,238598	880,000000	784,177061	370,218083	-8,699550	10,923815
426,335286	880,000000	784,183552	370,232151	-8,698688	10,923075
426,431831	880,000000	784,263298	370,284339	-8,697795	10,913984
426,528470	880,000000	784,326355	370,340156	-8,698752	10,906796
426,625089	880,000000	784,447370	370,406865	-8,698306	10,893000
426,721696	880,000000	784,370402	370,323820	-8,697253	10,901774
426,818363	880,000000	784,421869	370,349686	-8,697317	10,895907
426,914952	880,000000	784,444124	370,384175	-8,700730	10,893370
427,011824	880,000000	784,501620	370,432731	-8,698625	10,886815
427,108450	880,000000	784,522949	370,450429	-8,699358	10,884384
427,205096	880,000000	784,384776	370,354678	-8,701815	10,900136
427,301726	880,000000	784,268398	370,285247	-8,696232	10,913403
427,398311	880,000000	784,181697	370,261195	-8,697572	10,923287
427,495297	880,000000	784,112152	370,206738	-8,697604	10,931215
427,592001	880,000000	784,100097	370,196301	-8,698050	10,932589
427,688646	880,000000	784,198388	370,222621	-8,696934	10,921384
427,785337	880,000000	784,352783	370,317466	-8,696168	10,903783
427,881630	880,000000	784,436242	370,315651	-8,698369	10,894268
427,978273	880,000000	784,588327	370,421386	-8,702677	10,876931
428,074891	880,000000	784,573026	370,402327	-8,699965	10,878675
428,171521	880,000000	784,528513	370,359670	-8,694286	10,883750
428,268074	880,000000	784,507647	370,352409	-8,701113	10,886128
428,364744	880,000000	784,371793	370,248488	-8,697763	10,901616
428,461320	880,000000	784,317545	370,248942	-8,697859	10,907800
428,557962	880,000000	784,300854	370,231244	-8,699901	10,909703
428,654536	880,000000	784,282308	370,247127	-8,699039	10,911817
428,751136	880,000000	784,204879	370,188132	-8,699422	10,920644
428,847779	880,000000	784,233625	370,200839	-8,701273	10,917367
428,944370	880,000000	784,288335	370,208553	-8,703506	10,911130
429,040942	880,000000	784,310127	370,203108	-8,701624	10,908646
429,137670	880,000000	784,418623	370,268456	-8,698433	10,896277
429,234226	880,000000	784,422796	370,218991	-8,696679	10,895801
429,330857	880,000000	784,471945	370,272086	-8,700156	10,890198
429,427418	880,000000	784,420941	370,200839	-8,698561	10,896013
429,524030	880,000000	784,375966	370,151827	-8,695275	10,901140
429,620740	880,000000	784,337019	370,129136	-8,697795	10,905580
429,717310	880,000000	784,278599	370,104630	-8,699486	10,912240
429,813886	880,000000	784,189115	370,055618	-8,699358	10,922441
429,910512	880,000000	784,123279	370,018405	-8,703155	10,929946
430,007112	880,000000	784,146924	370,011598	-8,697859	10,927251
430,103739	880,000000	784,164079	370,014775	-8,701688	10,925295
430,200325	880,000000	784,278135	370,059249	-8,699678	10,912293
430,296957	880,000000	784,294826	370,061972	-8,697444	10,910390
430,393588	880,000000	784,350928	370,069687	-8,698625	10,903994
430,490190	880,000000	784,465453	370,129136	-8,698274	10,890938
430,586561	880,000000	784,518775	370,171341	-8,693009	10,884860
430,683182	880,000000	784,464062	370,135490	-8,699039	10,891097
430,779747	880,000000	784,438097	370,111438	-8,698242	10,894057
430,876460	880,000000	784,317545	370,064241	-8,698657	10,907800
430,973062	880,000000	784,228525	370,032927	-8,695339	10,917948
431,069676	880,000000	784,190043	370,041096	-8,694988	10,922335
431,166009	880,000000	784,214616	370,041550	-8,699805	10,919534
431,262638	880,000000	784,177988	370,029751	-8,698019	10,923709
431,359215	880,000000	784,257734	370,072410	-8,693552	10,914618
431,455859	880,000000	784,312909	370,086024	-8,698688	10,908328
431,552522	880,000000	784,295754	370,067418	-8,698720	10,910284
431,649014	880,000000	784,231307	370,019313	-8,696647	10,917631
431,745643	880,000000	784,249852	370,057434	-8,697923	10,915517
431,842331	880,000000	784,311518	370,129590	-8,698369	10,908487
431,938882	880,000000	784,332846	370,090562	-8,697476	10,906056
432,035526	880,000000	784,294363	370,101454	-8,693488	10,910443
432,132148	880,000000	784,260980	370,069233	-8,693329	10,914248
432,228717	880,000000	784,241043	370,065602	-8,695913	10,916521
432,325087	880,000000	784,236407	370,071502	-8,699805	10,917050
432,421739	880,000000	784,251707	370,116883	-8,697859	10,915305
432,518288	880,000000	784,202097	370,109169	-8,696264	10,920961
432,614985	880,000000	784,203488	370,105992	-8,696072	10,920802
432,711589	880,000000	784,198388	370,101908	-8,695434	10,921384
432,808201	880,000000	784,167788	370,111438	-8,689213	10,924872
432,904810	880,000000	784,241043	370,149558	-8,696710	10,916521
433,001451	880,000000	784,220643	370,143205	-8,696742	10,918847
433,097961	880,000000	784,215079	370,158634	-8,696774	10,919481
433,194588	880,000000	784,226207	370,178148	-8,698529	10,918212
433,291286	880,000000	784,199779	370,140482	-8,694988	10,921225
433,387885	880,000000	784,196997	370,135490	-8,694158	10,921542
433,484254	880,000000	784,214616	370,150466	-8,696647	10,919534
433,580890	880,000000	784,158515	370,123691	-8,693648	10,925929
433,677495	880,000000	784,180770	370,154550	-8,692754	10,923392
433,774007	880,000000	784,203024	370,125506	-8,694956	10,920855
433,870613	880,000000	784,223888	370,144112	-8,694892	10,918477
433,967312	880,000000	784,206270	370,139574	-8,693520	10,920485
434,063971	880,000000	784,176597	370,130498	-8,696072	10,923868
434,160564	880,000000	784,154342	370,115976	-8,700379	10,926405
434,257158	880,000000	784,084798	370,109622	-8,694605	10,934333
434,353969	880,000000	784,094070	370,151827	-8,695626	10,933276
434,450670	880,000000	784,086652	370,159542	-8,694190	10,934122
434,547262	880,000000	784,123279	370,151827	-8,696009	10,929946
434,643919	880,000000	784,176597	370,189947	-8,698082	10,923868
434,727702	880,000000	784,161297	370,193124	-8,694956	10,925612
434,824304	880,000000	784,229452	370,213999	-8,695211	10,917842
434,920947	880,000000	784,215543	370,221714	-8,694924	10,919428
435,017494	880,000000	784,205343	370,213545	-8,693488	10,920591
435,113846	880,000000	784,202097	370,197208	-8,691893	10,920961
435,210576	880,000000	784,199315	370,181779	-8,698433	10,921278
435,307103	880,000000	784,105197	370,173156	-8,695307	10,932008
435,403754	880,000000	784,089897	370,187678	-8,697380	10,933752
435,500375	880,000000	784,106125	370,194939	-8,696296	10,931902
435,596935	880,000000	784,061616	370,182232	-8,692882	10,936976
435,693649	880,000000	784,056980	370,166803	-8,692722	10,937504
435,790193	880,000000	784,029626	370,155458	-8,692659	10,940623
435,886782	880,000000	784,087116	370,218537	-8,691925	10,934069
435,983406	880,000000	784,102879	370,199931	-8,694094	10,932272
436,079995	880,000000	784,121888	370,211276	-8,694605	10,930105
436,176364	880,000000	784,104270	370,230790	-8,692116	10,932113
436,272998	880,000000	784,126988	370,260287	-8,694445	10,929523
436,369593	880,000000	784,092216	370,266641	-8,696647	10,933487
436,466190	880,000000	784,066252	370,280708	-8,696870	10,936447
436,562903	880,000000	784,069498	370,294776	-8,690329	10,936077
436,646241	880,000000	784,069961	370,298407	-8,690744	10,936024
436,742794	880,000000	784,108906	370,345148	-8,689915	10,931585
436,839444	880,000000	784,155733	370,376460	-8,693424	10,926246
436,936001	880,000000	784,114470	370,345148	-8,689085	10,930950
437,032686	880,000000	784,160833	370,386444	-8,693137	10,925665
437,129299	880,000000	784,095925	370,368292	-8,684331	10,933065
437,225891	880,000000	784,102415	370,354678	-8,691510	10,932325
437,322550	880,000000	784,156197	370,391889	-8,690744	10,926194
437,419407	880,000000	784,241507	370,442261	-8,689021	10,916468
437,515794	880,000000	784,222497	370,399604	-8,689500	10,918635
437,612270	880,000000	784,151561	370,389167	-8,688160	10,926722
437,708981	880,000000	784,117715	370,340156	-8,693233	10,930580
437,805596	880,000000	784,075525	370,307483	-8,696040	10,935390
437,902160	880,000000	784,062543	370,308390	-8,693839	10,936870
437,998746	880,000000	783,995782	370,290692	-8,691414	10,944481
438,095451	880,000000	783,986509	370,269363	-8,693616	10,945538
438,192058	880,000000	783,942002	370,265733	-8,693616	10,950612
438,288611	880,000000	783,967037	370,282070	-8,692180	10,947758
438,385288	880,000000	784,007372	370,293869	-8,693903	10,943160
438,481817	880,000000	784,113079	370,362846	-8,694158	10,931109
438,578484	880,000000	784,132552	370,352409	-8,693329	10,928889
438,675101	880,000000	784,216934	370,399150	-8,691957	10,919270
438,771661	880,000000	784,270717	370,426378	-8,693297	10,913138
438,868336	880,000000	784,270253	370,425924	-8,692563	10,913191
438,964978	880,000000	784,265616	370,420479	-8,691638	10,913720
439,061537	880,000000	784,253562	370,415487	-8,695211	10,915094
439,158235	880,000000	784,192824	370,408226	-8,695370	10,922018
439,254747	880,000000	784,150170	370,391436	-8,694094	10,926881
439,351333	880,000000	784,074598	370,378276	-8,691733	10,935496
439,447998	880,000000	784,027308	370,341518	-8,698720	10,940887
439,544597	880,000000	783,978164	370,281162	-8,694924	10,946489
439,641285	880,000000	783,998100	370,257111	-8,695626	10,944217
439,737861	880,000000	783,992073	370,247581	-8,694637	10,944904
439,834490	880,000000	784,022208	370,263918	-8,690904	10,941468
439,931080	880,000000	784,049562	370,262556	-8,694413	10,938350
440,027663	880,000000	784,086652	370,250304	-8,698657	10,934122
440,124337	880,000000	784,123279	370,277078	-8,694669	10,929946
440,220895	880,000000	784,105661	370,252573	-8,692371	10,931955
440,317556	880,000000	784,117252	370,280255	-8,689819	10,930633
440,414164	880,000000	784,101488	370,261195	-8,691669	10,932430
440,510771	880,000000	784,037508	370,237143	-8,693967	10,939724
440,607380	880,000000	784,155733	370,334257	-8,688958	10,926246
440,703943	880,000000	784,132088	370,321097	-8,690138	10,928942
440,800638	880,000000	784,098706	370,276624	-8,689277	10,932747
440,897213	880,000000	784,053271	370,273448	-8,691701	10,937927
440,993897	880,000000	784,037044	370,265733	-8,691223	10,939777
441,090483	880,000000	783,984191	370,252573	-8,692914	10,945802
441,187067	880,000000	783,984191	370,282977	-8,695721	10,945802
441,283639	880,000000	784,084334	370,339249	-8,692308	10,934386
441,380264	880,000000	784,112152	370,329719	-8,697253	10,931215
441,476941	880,000000	784,092216	370,336980	-8,698369	10,933487
441,573538	880,000000	784,018499	370,282524	-8,695115	10,941891
441,670205	880,000000	783,974919	370,243043	-8,691574	10,946859
441,766747	880,000000	783,991609	370,244404	-8,691925	10,944957
441,863418	880,000000	784,010154	370,272086	-8,694509	10,942842
441,959971	880,000000	783,962401	370,255295	-8,692882	10,948286
442,056642	880,000000	784,075989	370,296138	-8,691893	10,935337
442,153197	880,000000	784,095925	370,299314	-8,688830	10,933065
442,249883	880,000000	784,165006	370,327904	-8,697508	10,925189
442,346440	880,000000	784,155270	370,338795	-8,693233	10,926299
442,443047	880,000000	784,085725	370,296138	-8,693456	10,934227
442,539744	880,000000	784,056053	370,261649	-8,691414	10,937610
442,636320	880,000000	783,970746	370,207192	-8,689628	10,947335
442,732900	880,000000	783,967037	370,229882	-8,690649	10,947758
442,829560	880,000000	783,943393	370,210822	-8,696647	10,950453
442,926121	880,000000	783,980946	370,194939	-8,691446	10,946172
443,022772	880,000000	784,007836	370,221714	-8,692499	10,943107
443,119347	880,000000	784,029162	370,227613	-8,693935	10,940675
443,216007	880,000000	784,022208	370,212184	-8,692659	10,941468
443,312563	880,000000	784,094070	370,244858	-8,692116	10,933276
443,409240	880,000000	784,133479	370,282524	-8,690393	10,928783
443,505830	880,000000	784,117252	370,274355	-8,690106	10,930633
443,602388	880,000000	784,069498	370,257564	-8,688830	10,936077
443,699087	880,000000	784,015717	370,223075	-8,692371	10,942208
443,795724	880,000000	783,991146	370,190401	-8,687043	10,945009
443,892299	880,000000	784,012936	370,222168	-8,691350	10,942525
443,988857	880,000000	784,164542	370,377368	-8,687394	10,925242
444,085514	880,000000	784,288335	370,449068	-8,691542	10,911130
444,182155	880,000000	784,325427	370,405957	-8,689468	10,906901
444,278785	880,000000	784,227598	370,325635	-8,690680	10,918054
444,375360	880,000000	784,136724	370,282977	-8,688511	10,928413
444,471923	880,000000	784,092679	370,275717	-8,690329	10,933435
444,568579	880,000000	784,155270	370,347871	-8,688511	10,926299
444,665218	880,000000	784,112152	370,336072	-8,695594	10,931215
444,761793	880,000000	784,141824	370,341064	-8,695275	10,927832
444,858424	880,000000	784,139970	370,345602	-8,694254	10,928043
444,955014	880,000000	784,096388	370,269363	-8,696519	10,933012
445,051655	880,000000	783,998563	370,203561	-8,701592	10,944164
445,148294	880,000000	783,913722	370,160903	-8,697859	10,953836
445,244885	880,000000	783,910477	370,149558	-8,695402	10,954206
445,341531	880,000000	784,038435	370,235328	-8,696519	10,939618
445,438073	880,000000	784,124670	370,263464	-8,692052	10,929788
445,534781	880,000000	784,113079	370,235328	-8,692882	10,931109
445,631312	880,000000	784,089434	370,208100	-8,694828	10,933805
445,727951	880,000000	784,195143	370,266187	-8,692627	10,921754
445,824531	880,000000	784,279526	370,289785	-8,695945	10,912134
445,921207	880,000000	784,273498	370,322912	-8,693201	10,912821
446,017777	880,000000	784,314763	370,371015	-8,694700	10,908117
446,114367	880,000000	784,304563	370,393251	-8,694094	10,909280
446,211044	880,000000	784,262835	370,343333	-8,693839	10,914037
446,307674	880,000000	784,175206	370,290692	-8,692659	10,924027
446,404276	880,000000	784,037971	370,205830	-8,694828	10,939671
446,500828	880,000000	783,946638	370,137305	-8,697061	10,950083
446,597539	880,000000	783,908159	370,092831	-8,695115	10,954470
446,694098	880,000000	783,936439	370,082847	-8,691478	10,951246
446,790704	880,000000	784,012008	370,111892	-8,693967	10,942631
446,887397	880,000000	783,982337	370,058795	-8,690968	10,946014
446,983959	880,000000	784,043071	370,081486	-8,691382	10,939090
447,080546	880,000000	784,099634	370,121875	-8,690010	10,932642
447,176966	880,000000	784,059762	370,068325	-8,691701	10,937187
447,273541	880,000000	784,078307	370,078763	-8,690042	10,935073
447,370099	880,000000	784,062080	370,104177	-8,692212	10,936923
447,466720	880,000000	784,058834	370,090562	-8,689245	10,937293
447,563423	880,000000	784,026844	370,056526	-8,690808	10,940940
447,660006	880,000000	784,010154	370,074679	-8,691382	10,942842
447,756658	880,000000	784,005518	370,080578	-8,693584	10,943371
447,852980	880,000000	784,056980	370,107807	-8,690521	10,937504
447,949586	880,000000	784,053271	370,094193	-8,689245	10,937927
448,046162	880,000000	783,986973	370,064241	-8,689691	10,945485
448,142857	880,000000	783,937366	370,056072	-8,687075	10,951140
448,239455	880,000000	783,872924	370,040642	-8,691478	10,958487
448,336029	880,000000	783,829346	370,025666	-8,689947	10,963455
448,432615	880,000000	783,862725	370,022036	-8,689979	10,959649
448,529272	880,000000	783,924849	370,081486	-8,684874	10,952567
448,625853	880,000000	783,924849	370,112799	-8,690808	10,952567
448,722492	880,000000	783,924385	370,084663	-8,688830	10,952620
448,819053	880,000000	784,003663	370,130498	-8,685384	10,943582
448,915748	880,000000	784,109370	370,179056	-8,687809	10,931532
449,012306	880,000000	784,109834	370,180417	-8,687490	10,931479
449,108995	880,000000	784,122352	370,194485	-8,687075	10,930052
449,205559	880,000000	784,097779	370,190401	-8,681364	10,932853
449,302184	880,000000	784,034262	370,162719	-8,686916	10,940094
449,398847	880,000000	783,993927	370,157273	-8,687267	10,944692
449,495386	880,000000	784,004127	370,191309	-8,689691	10,943530
449,592001	880,000000	783,998563	370,213091	-8,689691	10,944164
449,688658	880,000000	783,952202	370,182686	-8,685193	10,949449
449,785217	880,000000	783,963792	370,169072	-8,690776	10,948128
449,881873	880,000000	784,032871	370,206284	-8,687618	10,940253
449,978466	880,000000	784,076916	370,230336	-8,689277	10,935232
450,075122	880,000000	784,059298	370,208553	-8,691287	10,937240
450,171788	880,000000	784,120033	370,237143	-8,687011	10,930316
450,268302	880,000000	784,103343	370,238051	-8,684778	10,932219
450,364950	880,000000	784,130697	370,287516	-8,686660	10,929101
450,461610	880,000000	784,179379	370,296138	-8,685320	10,923551
450,558155	880,000000	784,147852	370,287062	-8,689181	10,927145
450,654755	880,000000	784,086652	370,254842	-8,686597	10,934122
450,751369	880,000000	784,056980	370,233513	-8,683215	10,937504
450,848064	880,000000	784,052807	370,248488	-8,685320	10,937980
450,944638	880,000000	784,027308	370,193578	-8,685320	10,940887
451,041223	880,000000	784,012472	370,200839	-8,689309	10,942578
451,137815	880,000000	784,043535	370,216268	-8,686756	10,939037
451,234524	880,000000	784,061616	370,202654	-8,686533	10,936976
451,331049	880,000000	784,235016	370,331080	-8,686150	10,917208
451,427759	880,000000	784,328673	370,351048	-8,688096	10,906531
451,524342	880,000000	784,318936	370,351048	-8,681141	10,907641
451,620889	880,000000	784,280917	370,289785	-8,685320	10,911975
451,717543	880,000000	784,233161	370,266187	-8,684108	10,917420
451,814200	880,000000	784,195606	370,292507	-8,687458	10,921701
451,910768	880,000000	784,220643	370,332442	-8,685289	10,918847
452,007109	880,000000	784,292508	370,372830	-8,685799	10,910654
452,103765	880,000000	784,348610	370,393251	-8,688639	10,904258
452,200329	880,000000	784,394512	370,452244	-8,685735	10,899026
452,296991	880,000000	784,457571	370,486278	-8,685959	10,891837
452,393550	880,000000	784,318936	370,363300	-8,683757	10,907641
452,490206	880,000000	784,222034	370,302037	-8,686533	10,918688
452,586848	880,000000	784,088970	370,245312	-8,686565	10,933857
452,683407	880,000000	784,063934	370,233967	-8,685225	10,936711
452,780024	880,000000	784,052344	370,253480	-8,686501	10,938033
452,876650	880,000000	784,105661	370,248035	-8,685671	10,931955
452,973239	880,000000	784,147388	370,269817	-8,686916	10,927198
453,069900	880,000000	784,224352	370,335618	-8,685990	10,918424
453,166563	880,000000	784,246143	370,322004	-8,685544	10,915940
453,263073	880,000000	784,304099	370,329719	-8,684619	10,909333
453,359681	880,000000	784,257271	370,308844	-8,687905	10,914671
453,456293	880,000000	784,257271	370,314744	-8,685959	10,914671
453,552950	880,000000	784,235016	370,340156	-8,683949	10,917208
453,649605	880,000000	784,168715	370,331988	-8,683470	10,924766
453,746199	880,000000	784,184942	370,331080	-8,686533	10,922917
453,842842	880,000000	784,205806	370,383267	-8,676100	10,920538
453,939401	880,000000	784,166397	370,368746	-8,682609	10,925031
454,036075	880,000000	784,158515	370,349232	-8,683023	10,925929
454,132681	880,000000	784,140897	370,351955	-8,683821	10,927938
454,229239	880,000000	784,099170	370,318828	-8,684682	10,932695
454,325847	880,000000	784,142288	370,346963	-8,689277	10,927779
454,422525	880,000000	784,135333	370,315651	-8,684427	10,928572
454,519075	880,000000	784,170570	370,356947	-8,683725	10,924555
454,615684	880,000000	784,191433	370,370561	-8,683693	10,922177
454,712389	880,000000	784,197924	370,363300	-8,681173	10,921437
454,808983	879,955086	784,226670	370,369653	-8,682545	10,913039
454,905542	879,472292	784,202561	370,356493	-8,683566	10,860749
455,002217	878,988914	784,151097	370,307029	-8,684778	10,811511
455,098814	878,505932	784,053271	370,193578	-8,683789	10,767603
455,195434	878,022829	783,816828	370,044273	-8,684140	10,739484
455,292099	877,539505	783,519671	369,841413	-8,682226	10,718261
455,388615	877,056925	783,164591	369,649893	-8,682194	10,703726
455,485273	876,573634	782,669104	369,366234	-8,685831	10,705116
455,581947	876,090263	782,168111	369,102081	-8,690106	10,707125
455,678441	875,607796	781,664395	368,852442	-8,692786	10,709548
455,775049	875,124756	781,081046	368,572382	-8,698146	10,720983
455,871702	874,641492	780,529739	368,321362	-8,702070	10,728740
455,968317	874,158413	780,029453	368,076689	-8,706505	10,730701
456,064980	873,675100	779,600549	367,837454	-8,713365	10,724499
456,161591	873,192045	779,196695	367,631806	-8,719458	10,715470
456,258163	872,709183	779,006822	367,539194	-8,725457	10,682069
456,354789	872,226054	778,756295	367,398912	-8,726031	10,655553
456,451383	871,743086	778,520600	367,196883	-8,726286	10,627363
456,548038	871,259809	778,107122	366,919026	-8,726254	10,619406
456,644639	870,776803	777,729793	366,647515	-8,733465	10,607359
456,741205	870,293976	777,285836	366,395064	-8,733879	10,602928
456,837865	869,810675	776,859975	366,152140	-8,737261	10,596380
456,934430	869,327848	776,351774	365,825654	-8,741824	10,599272
457,031105	868,844474	775,896386	365,592246	-8,745748	10,596082
457,127724	868,361378	775,572923	365,411963	-8,755830	10,577884
457,224381	867,878097	775,112063	365,103154	-8,759084	10,575328
457,320938	867,395310	774,727587	364,870176	-8,760839	10,564121
457,417556	866,912219	774,276066	364,601765	-8,764125	10,560521
457,514185	866,429075	773,870385	364,333344	-8,766007	10,551691
457,610814	865,945928	773,418952	364,069455	-8,762306	10,548075
457,707376	865,463119	773,066071	363,867784	-8,773920	10,533264
457,804021	864,979894	772,690095	363,627043	-8,773856	10,521037
457,900580	864,497101	772,425128	363,456248	-8,776217	10,496205
457,997219	864,013906	772,098681	363,218674	-8,783523	10,478336
458,093861	863,530694	771,732497	362,975639	-8,785980	10,464994
458,190484	863,047582	771,269724	362,660364	-8,790542	10,462676
458,287024	862,564881	770,779264	362,360975	-8,789681	10,463560
458,383663	862,081687	770,367431	362,146080	-8,796508	10,455425
458,480334	861,598330	770,014792	361,915730	-8,800209	10,440523
458,576907	861,115465	769,657097	361,704456	-8,806239	10,426254
458,673568	860,632161	769,205167	361,410025	-8,810897	10,422677
458,770130	860,149352	768,801333	361,158749	-8,813226	10,413674
458,866758	859,666210	768,472379	360,946089	-8,816289	10,396097
458,963401	859,182997	768,090324	360,687072	-8,816640	10,384565
459,060057	858,699716	767,654257	360,418047	-8,822415	10,379182
459,156647	858,216767	767,256569	360,183551	-8,824967	10,369463
459,253187	857,734063	766,814118	359,861333	-8,827073	10,364874
459,349812	857,250939	766,508861	359,689084	-8,829562	10,344597
459,446467	856,767665	766,231793	359,471835	-8,840313	10,321089
459,543118	856,284408	765,957975	359,253670	-8,836932	10,297213
459,639625	855,801874	765,547971	358,946864	-8,839452	10,288945
459,736247	855,318765	765,120923	358,645045	-8,841111	10,282554
459,832923	854,835383	764,637139	358,345940	-8,847173	10,282600
459,929541	854,352296	764,166330	358,053187	-8,848768	10,281200
460,026155	853,869225	763,762028	357,831341	-8,851321	10,272220
460,122744	853,386281	763,281620	357,507652	-8,854479	10,271931
460,219332	852,903339	762,834024	357,264421	-8,862583	10,267902
460,315971	852,420145	762,462599	357,014361	-8,862041	10,255160
460,412653	851,936737	762,094434	356,763838	-8,867273	10,242022
460,509158	851,454212	761,698622	356,497846	-8,865231	10,232137
460,605848	850,970760	761,340667	356,276861	-8,872473	10,217831
460,702427	850,487864	760,976745	356,010850	-8,882842	10,204268
460,799099	850,004504	760,614697	355,726185	-8,886224	10,190438
460,895639	849,521804	760,249450	355,465611	-8,888426	10,177048
460,992281	849,038594	759,892533	355,202754	-8,888202	10,162651
461,088952	848,555238	759,544405	354,950346	-8,895445	10,147235
461,185484	848,072580	759,167257	354,680647	-8,898412	10,135207
461,282123	847,589383	758,726523	354,405934	-8,899114	10,130366
461,378747	847,106265	758,277535	354,085725	-8,905750	10,126475
461,475323	846,623386	757,962256	353,915153	-8,906420	10,107369
461,571980	846,140099	757,720741	353,752765	-8,906643	10,079807
461,668640	845,656799	757,294435	353,450267	-8,912418	10,073310
461,765181	845,174097	756,823009	353,104993	-8,911525	10,072024
461,861855	844,690725	756,307401	352,761523	-8,914588	10,075699
461,958466	844,207670	755,793693	352,438053	-8,925467	10,079193
462,055028	843,724862	755,304458	352,154152	-8,929710	10,079926
462,151701	843,241495	754,855809	351,856588	-8,936602	10,075968
462,248317	842,758417	754,493790	351,619530	-8,946046	10,062168
462,344923	842,275383	754,170944	351,420230	-8,943525	10,043906
462,441552	841,792238	753,876212	351,176786	-8,944004	10,022427
462,538093	841,309535	753,531768	350,899203	-8,946779	10,006665
462,634724	840,826380	753,211293	350,658015	-8,949491	9,988120
462,731368	840,343162	752,882093	350,402711	-8,953798	9,970562
462,827949	839,860255	752,493990	350,100976	-8,954564	9,959754
462,924614	839,376932	752,123412	349,799227	-8,958648	9,946901
463,021154	838,894232	751,845843	349,631280	-8,961998	9,923516
463,117850	838,410752	751,584861	349,417812	-8,966656	9,898152
463,214460	837,927699	751,186283	349,126957	-8,971729	9,888522
463,311018	837,444911	750,747702	348,800129	-8,973803	9,883482
463,407728	836,961360	750,231400	348,422299	-8,980407	9,887215
463,504281	836,478595	749,699514	348,066301	-8,983693	9,892815
463,600906	835,995471	749,100065	347,675682	-8,984363	9,906076
463,697447	835,512765	748,587169	347,348327	-8,990808	9,909518
463,794122	835,029391	748,130440	347,053740	-8,996583	9,906480
463,890716	834,546421	747,629609	346,761872	-9,000379	9,908517
463,987372	834,063140	747,229534	346,529643	-9,008579	9,899031
464,083942	833,580289	746,937089	346,324273	-9,013747	9,877325
464,180615	833,096924	746,721445	346,066072	-9,021468	9,846805
464,277138	832,614309	746,566960	345,880725	-9,021149	9,809398
464,373839	832,130807	746,356390	345,584706	-9,020415	9,778284
464,470382	831,648090	746,071815	345,225822	-9,021149	9,755695
464,567015	831,164926	745,763813	344,942071	-9,025616	9,735727
464,663616	830,681922	745,529837	344,682449	-9,031135	9,707338
464,760215	830,198927	745,130405	344,335358	-9,033528	9,697811
464,856822	829,715889	744,786618	344,051113	-9,034007	9,681937
464,953483	829,232583	744,373464	343,756833	-9,037006	9,673940
465,050133	828,749335	743,878555	343,389647	-9,037006	9,675269
465,146782	828,266091	743,391050	343,049777	-9,044312	9,675755
465,243341	827,783297	742,880166	342,703054	-9,049098	9,678957
465,339980	827,300100	742,322486	342,298444	-9,056883	9,687448
465,436573	826,817133	741,854894	341,974920	-9,063870	9,685695
465,533223	826,333884	741,330862	341,613100	-9,067634	9,690345
465,629758	825,851211	740,867044	341,270855	-9,068017	9,688195
465,726389	825,368055	740,574082	341,010628	-9,077365	9,666513
465,823031	824,884844	740,306392	340,803714	-9,079248	9,641944
465,919643	824,401787	740,038257	340,520677	-9,080364	9,617442
466,016187	823,919067	739,721934	340,220307	-9,087192	9,598473
466,112841	823,435797	739,341823	339,863400	-9,091212	9,586713
466,209478	822,952610	739,051711	339,609039	-9,092233	9,564702
466,306048	822,469760	738,766666	339,367888	-9,094785	9,542153
466,402669	821,986654	738,348540	339,039196	-9,098550	9,534745
466,499312	821,503441	737,914848	338,696809	-9,102985	9,529100
466,595948	821,020258	737,556452	338,446959	-9,102506	9,514874
466,692597	820,537016	737,115951	338,100890	-9,110738	9,510001
466,789106	820,054470	736,701643	337,825024	-9,110929	9,502222
466,885728	819,571362	736,297005	337,536378	-9,113864	9,493277
466,982403	819,087984	735,841027	337,202570	-9,124680	9,490153
467,078965	818,605177	735,323632	336,865550	-9,121585	9,494096
467,175673	818,121634	734,859493	336,504795	-9,129912	9,491884
467,272228	817,638860	734,414660	336,161807	-9,137921	9,487559
467,368843	817,155786	733,996006	335,873079	-9,141175	9,480215
467,465448	816,672761	733,579222	335,591635	-9,148736	9,472663
467,562084	816,189582	733,238578	335,311090	-9,154958	9,456414
467,658655	815,706723	732,900251	335,057903	-9,157638	9,439938
467,755294	815,223530	732,515651	334,719391	-9,154160	9,428698
467,851944	814,740278	732,179209	334,438348	-9,157319	9,411962
467,948500	814,257499	731,867540	334,145883	-9,164146	9,392455
468,045138	813,774309	731,507313	333,870287	-9,167783	9,378437
468,141805	813,290973	731,139782	333,600153	-9,170304	9,365236
468,238343	812,808284	730,733789	333,301256	-9,172760	9,356492
468,335003	812,324984	730,376398	333,014666	-9,174898	9,342139
468,431616	811,841922	730,004373	332,769135	-9,183512	9,329481
468,528240	811,358799	729,574657	332,488907	-9,189287	9,323392
468,624816	810,875918	729,143147	332,211860	-9,192350	9,317536
468,721454	810,392729	728,710302	331,872264	-9,195796	9,311797
468,818079	809,909603	728,377794	331,665940	-9,197423	9,294626
468,914723	809,426384	727,982113	331,403460	-9,204952	9,284647
469,011299	808,943505	727,533805	331,085271	-9,206228	9,280706
469,107966	808,460168	727,096986	330,755192	-9,212928	9,275403
469,204530	807,977348	726,728422	330,502256	-9,219214	9,262378
469,301089	807,494554	726,319602	330,220998	-9,223106	9,253945
469,397719	807,011403	725,904408	329,924657	-9,225627	9,246197
469,494394	806,528030	725,493827	329,649306	-9,235453	9,237899
469,591052	806,044742	725,023327	329,277125	-9,237687	9,236441
469,687607	805,561965	724,576213	328,909485	-9,240079	9,232376
469,784173	805,079136	724,119073	328,605306	-9,244482	9,229447
469,880778	804,596109	723,691716	328,331712	-9,247513	9,223101
469,977466	804,112669	723,351322	328,073178	-9,253224	9,206794
470,074073	803,629636	722,946450	327,776260	-9,254660	9,197883
470,170722	803,146388	722,625778	327,556529	-9,258106	9,179349
470,267251	802,663746	722,296895	327,269174	-9,267773	9,161821
470,363880	802,180600	721,957514	327,031603	-9,269304	9,145432
470,460538	801,697308	721,612670	326,742391	-9,274409	9,129649
470,557101	801,214496	721,293001	326,502511	-9,274760	9,111050
470,653793	800,731033	720,941802	326,258507	-9,282321	9,095972
470,750420	800,247902	720,492781	325,921725	-9,281077	9,092084
470,846942	799,765288	720,079004	325,626966	-9,286437	9,084236
470,943592	799,282040	719,636919	325,341329	-9,289627	9,079544
471,040256	798,798719	719,158764	325,012255	-9,290967	9,078955
471,136815	798,315924	718,756528	324,766350	-9,301336	9,069771
471,233422	797,832890	718,320962	324,478835	-9,309121	9,064360
471,330100	797,349498	717,933876	324,191760	-9,311131	9,053381
471,426638	796,866809	717,489702	323,873124	-9,311929	9,048990
471,523287	796,383564	717,103596	323,587385	-9,316810	9,037916
471,619937	795,900316	716,670005	323,302543	-9,322872	9,032255
471,716509	795,417456	716,314572	323,005339	-9,326286	9,017729
471,813157	794,934216	716,001191	322,776250	-9,334326	8,998365
471,909796	794,451022	715,721632	322,554010	-9,340101	8,975150
472,006339	793,968305	715,343431	322,255387	-9,340324	8,963236
472,102975	793,485127	714,926895	321,951714	-9,349704	8,955638
472,199550	793,002249	714,604469	321,693302	-9,354745	8,937347
472,296230	792,518849	714,304441	321,469638	-9,357297	8,916443
472,392854	792,035729	713,869728	321,191530	-9,361828	8,910924
472,489412	791,552939	713,436881	320,881840	-9,366454	8,905231
472,586058	791,069709	712,983071	320,568927	-9,369804	8,901877
472,682701	790,586494	712,492785	320,252790	-9,376217	8,902683
472,779246	790,103770	711,948688	319,889503	-9,381513	8,909679
472,875872	789,620642	711,480411	319,569658	-9,385660	8,907986
472,972520	789,137402	711,008527	319,263976	-9,392010	8,906692
473,069055	788,654724	710,593727	318,969257	-9,400209	8,898954
473,165715	788,171423	710,256527	318,726237	-9,410036	8,882298
473,262371	787,688143	709,922088	318,445671	-9,413481	8,865330
473,358996	787,205018	709,642874	318,192552	-9,418905	8,842084
473,455614	786,721928	709,314407	317,938502	-9,422766	8,824457
473,552237	786,238815	709,006945	317,655139	-9,423180	8,804433
473,648808	785,755959	708,653888	317,435853	-9,421968	8,789636
473,745354	785,273229	708,276684	317,129565	-9,428859	8,777606
473,841996	784,790019	707,797808	316,810435	-9,431954	8,777112
473,938656	784,306721	707,315330	316,490823	-9,440313	8,777019
474,035228	783,823860	706,849314	316,189047	-9,447811	8,775098
474,131888	783,340561	706,401121	315,905111	-9,453841	8,771096
474,228538	782,857309	705,925616	315,587721	-9,458467	8,770213
474,325096	782,374521	705,549985	315,341761	-9,467177	8,757997
474,421739	781,891306	705,251415	315,092581	-9,470591	8,736948
474,518298	781,408509	704,916855	314,854838	-9,473941	8,720048
474,614972	780,925138	704,551327	314,584555	-9,478758	8,706615
474,711500	780,442501	704,092858	314,238200	-9,488840	8,703859
474,808155	779,959227	703,689567	313,968793	-9,488266	8,694741
474,904745	779,476274	703,229355	313,652171	-9,497072	8,692149
475,001419	778,992906	702,843446	313,384099	-9,504282	8,681038
475,098063	778,509686	702,433422	313,059182	-9,506675	8,672694
475,194608	778,026961	702,063973	312,834154	-9,516246	8,659781
475,291264	777,543681	701,735090	312,592154	-9,521702	8,642179
475,387875	777,060624	701,410328	312,388643	-9,525148	8,624134
475,484429	776,577856	700,978104	312,065937	-9,534368	8,618372
475,581109	776,094457	700,540907	311,760167	-9,537910	8,613105
475,677678	775,611611	700,049560	311,434659	-9,548024	8,614074
475,774303	775,128483	699,617906	311,119670	-9,547736	8,608206
475,870950	774,645252	699,144859	310,850511	-9,551756	8,607045
475,967507	774,162463	698,743327	310,587294	-9,558680	8,597782
476,064123	773,679383	698,305866	310,301588	-9,562604	8,592581
476,160828	773,195858	697,893476	309,979168	-9,567134	8,584472
476,257418	772,712909	697,538464	309,774603	-9,571123	8,569887
476,353959	772,230204	697,164819	309,532872	-9,578716	8,557454
476,450669	771,746656	696,800301	309,215433	-9,581938	8,543885
476,547183	771,264087	696,474942	308,979631	-9,594668	8,525962
476,643821	770,780897	696,098644	308,729131	-9,603442	8,513777
476,740474	770,297632	695,681881	308,419425	-9,606250	8,506196
476,837026	769,814872	695,324292	308,170265	-9,609855	8,491926
476,933718	769,331410	694,987199	307,961013	-9,617161	8,475240
477,030365	768,848173	694,560973	307,682909	-9,624435	8,468741
477,126898	768,365512	694,074745	307,356592	-9,621181	8,469147
477,223505	767,882474	693,623127	307,033919	-9,633369	8,465566
477,320112	767,399438	693,192011	306,800273	-9,637676	8,459647
477,416807	766,915963	692,779573	306,564775	-9,642972	8,451548
477,513346	766,433269	692,403542	306,283810	-9,647375	8,439389
477,610021	765,949897	691,940703	306,027618	-9,656436	8,437048
477,706680	765,466601	691,544275	305,728244	-9,662976	8,427145
477,803227	764,983864	691,104694	305,433437	-9,668559	8,422225
477,899803	764,500983	690,659240	305,122991	-9,676249	8,417959
477,996472	764,017638	690,245639	304,838239	-9,683938	8,410008
478,093012	763,534938	689,863427	304,576430	-9,686235	8,398552
478,189653	763,051733	689,514871	304,342163	-9,693509	8,383202
478,286297	762,568517	689,155432	304,092262	-9,697433	8,369092
478,382978	762,085110	688,771936	303,840045	-9,695104	8,357702
478,479579	761,602106	688,380745	303,619053	-9,696157	8,347235
478,576106	761,119470	687,935067	303,299716	-9,704995	8,343022
478,672756	760,636220	687,502600	303,024465	-9,722861	8,337233
478,769331	760,153344	687,127400	302,777685	-9,727264	8,324958
478,866013	759,669937	686,723612	302,521695	-9,732624	8,315881
478,962570	759,187149	686,287156	302,237648	-9,744716	8,310599
479,059196	758,704020	685,863451	301,998625	-9,752437	8,303825
479,155771	758,221144	685,505167	301,769240	-9,753235	8,289621
479,252414	757,737928	685,169156	301,549953	-9,768836	8,272840
479,349006	757,254970	684,715120	301,250191	-9,774005	8,269543
479,445647	756,771765	684,333306	301,013857	-9,781151	8,257984
479,542304	756,288481	683,851650	300,721865	-9,787979	8,257799
479,638848	755,805759	683,440393	300,439505	-9,790021	8,249652
479,735523	755,322387	683,003296	300,151602	-9,804218	8,244376
479,832162	754,839190	682,602088	299,926688	-9,805303	8,235030
479,928769	754,356155	682,203632	299,662660	-9,805654	8,225388
480,025395	753,873027	681,801121	299,383889	-9,812960	8,216197
480,121923	753,390387	681,380945	299,092211	-9,821192	8,209076
480,218597	752,907015	681,034301	298,907714	-9,829072	8,193489
480,315244	752,423782	680,680875	298,675353	-9,837718	8,178691
480,411765	751,941177	680,343348	298,455399	-9,858073	8,162153
480,508442	751,457789	679,969100	298,193091	-9,869814	8,149711
480,605056	750,974718	679,443380	297,809715	-9,862476	8,154573
480,701614	750,491932	679,007965	297,551036	-9,862604	8,149172
480,798281	750,008595	678,552177	297,239397	-9,882800	8,146032
480,894922	749,525388	678,120460	296,946603	-9,886660	8,140162
480,991516	749,042418	677,782184	296,735278	-9,891254	8,123667
481,088095	748,559526	677,355061	296,443818	-9,893200	8,117309
481,184702	748,076489	676,925705	296,165686	-9,894796	8,111189
481,281330	747,593350	676,566649	295,915622	-9,904495	8,097044
481,377976	747,110119	676,186763	295,643430	-9,916236	8,085263
481,474525	746,627377	675,793759	295,385954	-9,937676	8,075032
481,571199	746,144003	675,415287	295,144119	-9,940643	8,063074
481,667807	745,660967	674,989252	294,850667	-9,953373	8,056575
481,764463	745,177685	674,554640	294,581606	-9,969772	8,051027
481,861004	744,694981	674,137281	294,316207	-9,969357	8,043578
481,957626	744,211868	673,787467	294,095946	-9,976121	8,028382
482,054279	743,728605	673,364275	293,814375	-9,990988	8,021534
482,150835	743,245827	672,982342	293,576101	-9,986043	8,010037
482,247519	742,762405	672,588204	293,313380	-9,991116	7,999859
482,344148	742,279260	672,128863	292,988403	-10,010578	7,997145
482,440689	741,796554	671,688131	292,712721	-10,032114	7,992360
482,537345	741,313274	671,241545	292,427331	-10,051129	7,988177
482,633971	740,830146	670,832130	292,152981	-10,046120	7,979774
482,730554	740,347232	670,433160	291,885061	-10,052405	7,970204
482,827212	739,863942	670,029237	291,619884	-10,066794	7,961156
482,923738	739,381311	669,619909	291,324240	-10,078599	7,952800
483,020413	738,897936	669,234605	291,067777	-10,095093	7,941620
483,116970	738,415152	668,837558	290,796989	-10,091073	7,931846
483,213634	737,931831	668,455023	290,543248	-10,114332	7,920356
483,310291	737,448547	668,066630	290,283485	-10,116087	7,909539
483,406917	736,965413	667,689578	290,031544	-10,104792	7,897445
483,503455	736,482726	667,293542	289,794348	-10,107153	7,887567
483,600053	735,999735	666,926045	289,529903	-10,117810	7,874401
483,696724	735,516378	666,521462	289,271433	-10,144833	7,865420
483,793282	735,033590	666,053558	288,987090	-10,152362	7,863724
483,889930	734,550349	665,593383	288,719338	-10,161104	7,861094
483,986610	734,066951	665,197942	288,442788	-10,164646	7,851067
484,083150	733,584250	664,805243	288,198072	-10,182193	7,840807
484,179807	733,100964	664,403522	287,921933	-10,187298	7,831508
484,276359	732,618204	663,948905	287,650847	-10,196008	7,828300
484,373031	732,134846	663,537291	287,409757	-10,209344	7,820121
484,469651	731,651743	663,128421	287,096124	-10,211482	7,811659
484,566277	731,168617	662,759376	286,851290	-10,249225	7,798654
484,662884	730,685582	662,357794	286,599505	-10,263614	7,789368
484,759431	730,202844	661,942222	286,336607	-10,276567	7,781711
484,856065	729,719674	661,543409	286,043185	-10,293126	7,772094
484,952728	729,236361	661,149144	285,786242	-10,297624	7,761943
485,049262	728,753692	660,738629	285,500156	-10,299539	7,753717
485,145883	728,270584	660,345773	285,239464	-10,328700	7,743428
485,242550	727,787250	660,007187	285,033297	-10,338558	7,726927
485,339133	727,304334	659,610311	284,779033	-10,351703	7,717119
485,435722	726,821392	659,153348	284,445217	-10,347619	7,714157
485,532414	726,337931	658,737998	284,205233	-10,361593	7,706392
485,629038	725,854812	658,297821	283,899094	-10,390978	7,701497
485,725574	725,372128	657,908287	283,676174	-10,415991	7,690878
485,822211	724,888947	657,471334	283,394954	-10,426360	7,685608
485,918788	724,406062	657,042093	283,072994	-10,429359	7,679492
486,015479	723,922606	656,606105	282,790323	-10,444195	7,674081
486,112124	723,439380	656,213517	282,502068	-10,452905	7,663748
486,208651	722,956744	655,759068	282,180926	-10,510046	7,660535
486,305309	722,473456	655,394087	281,918060	-10,518979	7,647048
486,401923	721,990384	655,059841	281,678774	-10,535761	7,630082
486,498481	721,507596	654,672319	281,427431	-10,564667	7,619222
486,595134	721,024328	654,300629	281,158934	-10,584671	7,606502
486,691809	720,540957	653,914057	280,847814	-10,594274	7,595467
486,788407	720,057965	653,529768	280,596854	-10,608121	7,584214
486,885056	719,574719	653,133763	280,354669	-10,635495	7,574269
486,981621	719,091896	652,692633	280,034190	-10,665422	7,569516
487,078295	718,608526	652,234829	279,737295	-10,671898	7,566601
487,174840	718,125799	651,854254	279,486228	-10,689350	7,554956
487,271445	717,642776	651,489953	279,277758	-10,674355	7,541422
487,368159	717,159205	651,045327	278,988653	-10,689574	7,536982
487,464669	716,676653	650,629619	278,681906	-10,775302	7,529362
487,561239	716,193806	650,241919	278,421003	-10,776291	7,518515
487,657921	715,710393	649,876809	278,170734	-10,819968	7,505029
487,754581	715,227093	649,439516	277,878723	-10,853979	7,499784
487,851153	714,744235	649,019399	277,580187	-10,944524	7,492631
487,947800	714,260998	648,603823	277,276053	-10,993051	7,484918
488,044321	713,778395	648,130071	276,983011	-11,052011	7,483909
488,140971	713,295146	647,766885	276,723325	-11,143067	7,470222
488,237628	712,811861	647,314397	276,406101	-11,122712	7,466711
488,334173	712,329137	646,894420	276,114813	-11,119426	7,459558
488,430791	711,846044	646,538069	275,854574	-11,197847	7,445109
488,527438	711,362810	646,161892	275,585957	-11,305685	7,432905
488,624133	710,879337	645,822268	275,354431	-11,306196	7,416506
488,720716	710,396419	645,440269	275,088543	-11,305653	7,405001
488,817230	709,913851	645,063253	274,806384	-11,305653	7,392968
488,913903	709,430484	644,671378	274,565503	-11,305622	7,382538
489,010574	708,947129	644,261940	274,298139	-11,306068	7,374111
489,107083	708,464586	643,859742	274,010783	-11,305430	7,364952
489,203783	707,981087	643,438632	273,754503	-11,307472	7,357840
489,300316	707,498420	642,992303	273,463369	-11,305653	7,353697
489,397031	707,014844	642,592886	273,180096	-11,305909	7,344103
489,493596	706,532021	642,122272	272,880069	-11,304920	7,342711
489,590269	706,048653	641,731921	272,613452	-11,305430	7,332107
489,686809	705,565953	641,310044	272,358884	-11,304505	7,325174
489,783467	705,082666	641,006723	272,139599	-11,305877	7,304658
489,880027	704,599866	640,550640	271,871507	-11,305781	7,301612
489,976672	704,116642	640,138299	271,591303	-11,304920	7,293531
490,073329	703,633353	639,745810	271,331516	-11,305334	7,283180
490,169904	703,150479	639,317747	271,047995	-11,305941	7,276931
490,266561	702,667196	638,843755	270,718884	-11,305558	7,275872
490,363154	702,184230	638,386465	270,436687	-11,305398	7,272945
490,459751	701,701244	637,941819	270,108888	-11,305558	7,268574
490,556406	701,217970	637,539094	269,845687	-11,305590	7,259392
490,652927	700,735363	637,118825	269,537807	-11,305398	7,252285
490,749571	700,252145	636,723354	269,268496	-11,304888	7,242282
490,846146	699,769269	636,349524	269,047071	-11,305366	7,229851
490,942794	699,286030	635,924372	268,755838	-11,305366	7,223229
491,039448	698,802760	635,595618	268,549721	-11,306132	7,205614
491,136087	698,319563	635,225901	268,291002	-11,305462	7,192678
491,232695	697,836527	634,819729	268,023878	-11,305877	7,183915
491,329284	697,353578	634,420784	267,699938	-11,305430	7,174338
491,425946	696,870268	634,071839	267,476972	-11,306036	7,159021
491,522539	696,387306	633,618910	267,201376	-11,309482	7,155597
491,619063	695,904686	633,196623	266,923887	-11,305494	7,148719
491,715752	695,421238	632,776611	266,654747	-11,305622	7,141488
491,812370	694,938151	632,330516	266,366481	-11,305622	7,137270
491,908937	694,455315	631,869144	266,133608	-11,305526	7,134824
492,005616	693,971922	631,441108	265,845746	-11,304569	7,128513
492,102236	693,488820	630,984293	265,593721	-11,306770	7,125516
492,198756	693,006220	630,622011	265,355646	-11,306036	7,111800
492,295447	692,522766	630,233647	265,093783	-11,305685	7,100959
492,391975	692,040123	629,830005	264,822105	-11,305909	7,091954
492,488595	691,557024	629,466430	264,583021	-11,306834	7,078328
492,585227	691,073865	629,099723	264,361158	-11,305717	7,065052
492,681859	690,590703	628,781625	264,132749	-11,305653	7,046235
492,778423	690,107883	628,401005	263,893594	-11,305526	7,034584
492,875041	689,624793	628,041999	263,663275	-11,305941	7,020439
492,971958	689,140210	627,591240	263,366250	-11,305749	7,016583
493,068586	688,657071	627,105422	263,026747	-11,305685	7,016888
493,165201	688,173993	626,687553	262,757627	-11,306419	7,009454
493,261834	687,690830	626,254865	262,498274	-11,305526	7,003700
493,358414	687,207929	625,794767	262,248222	-11,305653	7,001101
493,455062	686,724688	625,362579	261,984612	-11,305398	6,995281
493,551602	686,241992	624,941657	261,700440	-11,305717	6,988238
493,648309	685,758453	624,574718	261,471771	-11,305494	6,974946
493,744926	685,275372	624,153838	261,185203	-11,305622	6,967855
493,841499	684,792507	623,758610	260,933143	-11,305972	6,957864
493,938127	684,309363	623,386331	260,698330	-11,305494	6,945226
494,034784	683,826082	623,002829	260,408865	-11,305972	6,933851
494,131407	683,342966	622,578437	260,128703	-11,305334	6,927156
494,227991	682,860044	622,138783	259,816750	-11,305430	6,922224
494,324553	682,377235	621,720281	259,528110	-11,302622	6,914893
494,421222	681,893892	621,291911	259,252981	-11,305685	6,908626
494,517828	681,410859	620,871205	259,008653	-11,305813	6,901521
494,614400	680,927998	620,438835	258,734864	-11,305845	6,895765
494,711063	680,444686	620,045137	258,465249	-11,305494	6,885549
494,807601	679,961993	619,649212	258,242804	-11,309099	6,875657
494,904263	679,478687	619,233084	257,946956	-11,306100	6,867999
495,000891	678,995546	618,833603	257,697349	-11,305526	6,858462
495,097484	678,512580	618,441779	257,446781	-11,305781	6,848071
495,194159	678,029207	618,066149	257,176547	-11,305781	6,835789
495,290668	677,546659	617,637969	256,905347	-11,305781	6,829591
495,387329	677,063353	617,239912	256,617747	-11,305909	6,819872
495,483936	676,580320	616,773589	256,322627	-11,305271	6,817967
495,580603	676,096984	616,353560	256,083604	-11,305398	6,810750
495,677200	675,613998	615,925467	255,813212	-11,305558	6,804492
495,773819	675,130906	615,486615	255,539512	-11,305717	6,799449
495,870388	674,648061	615,064852	255,312574	-11,305622	6,792486
495,967013	674,164933	614,666465	255,078595	-11,304920	6,782825
496,063669	673,681654	614,300881	254,797788	-11,305972	6,769408
496,160215	673,198923	613,921840	254,557203	-11,305558	6,757587
496,256842	672,715792	613,505093	254,276333	-11,305909	6,750020
496,353425	672,232874	613,135516	254,055357	-11,304441	6,737099
496,450057	671,749713	612,709825	253,786132	-11,306387	6,730547
496,546705	671,266475	612,316932	253,510788	-11,305622	6,720248
496,643269	670,783655	611,940669	253,294892	-11,304696	6,708100
496,739926	670,300372	611,505607	253,020426	-11,305590	6,702603
496,836541	669,817297	611,111869	252,780124	-11,305334	6,692419
496,933163	669,334185	610,710515	252,519652	-11,305653	6,683098
497,029823	668,850883	610,251270	252,242752	-11,305494	6,680356
497,126448	668,367758	609,777684	251,952697	-11,308046	6,679268
497,222971	667,885144	609,346314	251,667292	-11,305622	6,673427
497,319607	667,401967	608,910028	251,381384	-11,305685	6,668081
497,416203	666,918987	608,557691	251,151226	-11,305143	6,653188
497,512849	666,435756	608,115158	250,838999	-11,305398	6,648548
497,609511	665,952444	607,703163	250,609255	-11,308429	6,640418
497,706104	665,469481	607,324842	250,343381	-11,305302	6,628489
497,802728	664,986358	607,018338	250,166115	-11,305781	6,608354
497,899332	664,503338	606,597415	249,887995	-11,305334	6,601275
497,995944	664,020281	606,181894	249,584511	-11,305653	6,593576
498,092542	663,537289	605,735880	249,303038	-11,305972	6,589361
498,189148	663,054262	605,365264	249,096602	-11,305845	6,576546
498,285795	662,571024	604,942168	248,816947	-11,305909	6,569690
498,382396	662,088022	604,499799	248,531627	-11,305909	6,565057
498,479028	661,604862	604,074048	248,284759	-11,305494	6,558513
498,575622	661,121892	603,642035	248,011108	-11,305909	6,552704
498,672229	660,638857	603,175499	247,711605	-11,305749	6,550823
498,768873	660,155636	602,752944	247,425680	-11,305558	6,543907
498,865480	659,672601	602,316949	247,136903	-11,305972	6,538544
498,962114	659,189428	601,888598	246,882373	-11,305590	6,532295
499,058640	658,706800	601,465198	246,595877	-11,305207	6,525543
499,155248	658,223761	601,098773	246,355851	-11,305749	6,512249
499,251887	657,740567	600,752991	246,116740	-11,305749	6,496584
499,348535	657,257326	600,356095	245,861630	-11,305622	6,486740
499,445163	656,774185	599,957421	245,586287	-11,306802	6,477111
499,541788	656,291061	599,544859	245,330180	-11,305398	6,469067
499,638344	655,808282	599,196437	245,117754	-11,305845	6,453750
499,734992	655,325039	598,766865	244,836214	-11,305845	6,447632
499,831577	654,842117	598,351658	244,562162	-11,305494	6,439912
499,928230	654,358852	597,968749	244,299361	-11,304537	6,428472
500,024794	653,876032	597,528465	244,013022	-11,305845	6,423623
500,121461	653,392693	597,123615	243,744047	-11,305813	6,414675
500,218055	652,909727	596,764060	243,557346	-11,305622	6,400606
500,314708	652,426460	596,289303	243,278442	-11,305941	6,399636
500,411252	651,943741	595,862532	243,005621	-11,305781	6,393258
500,507955	651,460224	595,392743	242,790165	-11,305877	6,391693
500,604471	650,977643	594,909077	242,457063	-11,306292	6,391817
500,701128	650,494361	594,481460	242,192618	-11,305558	6,385471
500,797802	650,010991	594,023379	241,917791	-11,305972	6,382588
500,894442	649,527791	593,586829	241,613750	-11,305398	6,377270
500,991039	649,044803	593,220659	241,382163	-11,305430	6,363952
501,087579	648,562104	592,855396	241,118542	-11,306547	6,350565
501,184236	648,078818	592,452499	240,884554	-11,305653	6,341400
501,280854	647,595731	592,028552	240,582266	-11,305622	6,334658
501,377497	647,112513	591,613134	240,302074	-11,305590	6,326929
501,474071	646,629644	591,191456	240,043045	-11,305430	6,319953
501,570616	646,146920	590,811465	239,764204	-11,305590	6,308242
501,667286	645,663570	590,383540	239,517837	-11,305749	6,301923
501,763847	645,180763	589,998644	239,277099	-11,309003	6,290762
501,860528	644,697360	589,571642	238,996285	-11,305717	6,284332
501,957082	644,214588	589,119115	238,684809	-11,305111	6,280884
502,040422	643,797888	588,768753	238,489704	-11,305143	6,273321
502,137065	643,314676	588,318046	238,222469	-11,306100	6,269616
502,233713	642,831433	587,902745	237,971233	-11,305877	6,261870
502,330272	642,348642	587,428322	237,677542	-11,307791	6,260916
502,426939	641,865305	587,009464	237,445581	-11,305972	6,253566
502,523565	641,382173	586,607192	237,193322	-11,306036	6,244348
502,620190	640,899048	586,202245	236,952356	-11,305622	6,235436
502,716814	640,415928	585,775807	236,708065	-11,305302	6,228974
502,813355	639,933226	585,374018	236,477429	-11,304920	6,219750
502,909938	639,450309	584,918939	236,192995	-11,306100	6,216576
503,006589	638,967054	584,538224	235,954763	-11,305622	6,204887
503,103213	638,483935	584,111835	235,712734	-11,305462	6,198419
503,199839	638,000807	583,675604	235,458885	-11,306036	6,193073
503,296506	637,517471	583,291337	235,230021	-11,305685	6,181779
503,393047	637,034765	582,825124	234,991226	-11,305845	6,179899
503,489669	636,551655	582,436847	234,771759	-11,305271	6,169088
503,586324	636,068378	582,011859	234,480996	-11,305685	6,162443
503,682882	635,585588	581,566730	234,234105	-11,305590	6,158150
503,779547	635,102267	581,213860	234,078782	-11,305653	6,143278
503,876089	634,619554	580,788903	233,824297	-11,305845	6,136694
503,972756	634,136219	580,335299	233,515954	-11,306196	6,133305
504,069416	633,652921	579,880811	233,236382	-11,305558	6,130020
504,166041	633,169795	579,379769	232,936471	-11,307472	6,132063
504,262599	632,687006	578,913665	232,679983	-11,305334	6,130161
504,359166	632,204172	578,499510	232,424415	-11,306674	6,122331
504,455823	631,720885	578,118048	232,206619	-11,305590	6,110723
504,552464	631,237678	577,754055	231,993057	-11,305239	6,097133
504,649058	630,754709	577,433495	231,811137	-11,304920	6,078618
504,745715	630,271427	577,060114	231,572969	-11,305622	6,066090
504,842279	629,788607	576,622720	231,300278	-11,305813	6,060911
504,938953	629,305235	576,149522	231,039848	-11,305494	6,059751
505,035453	628,822735	575,700062	230,760956	-11,305622	6,055985
505,132114	628,339430	575,250612	230,507092	-11,304441	6,052125
505,228737	627,856317	574,834745	230,255095	-11,305781	6,044459
505,325336	627,373322	574,435449	230,020569	-11,305749	6,034918
505,422008	626,889958	574,021836	229,799737	-11,306451	6,026966
505,518567	626,407163	573,605993	229,528282	-11,305749	6,019333
505,615227	625,923865	573,144054	229,262476	-11,305781	6,016898
505,711771	625,441143	572,760903	229,031175	-11,305015	6,005547
505,808478	624,957611	572,370596	228,868449	-11,305717	5,994920
505,905033	624,474835	571,932852	228,616771	-11,305494	5,989786
506,001642	623,991792	571,469604	228,333369	-11,305813	5,987529
506,098277	623,508616	571,058731	228,107667	-11,305366	5,979287
506,194829	623,025857	570,668452	227,881473	-11,305717	5,968744
506,291485	622,542575	570,246403	227,648162	-11,305334	5,961764
506,388115	622,059423	569,788557	227,397319	-11,306898	5,958879
506,484708	621,576459	569,320425	227,104324	-11,304473	5,957188
506,581357	621,093216	568,917194	226,868107	-11,305717	5,948066
506,677989	620,610055	568,402982	226,584525	-11,305653	5,951606
506,774529	620,127353	567,981416	226,307070	-11,305685	5,944637
506,871191	619,644045	567,588944	226,101566	-11,305302	5,934282
506,967833	619,160833	567,165599	225,835429	-11,308908	5,927457
507,064380	618,678099	566,792828	225,644572	-11,306164	5,914921
507,161056	618,194722	566,340407	225,361341	-11,306451	5,911392
507,257686	617,711570	565,986887	225,174242	-11,305558	5,896614
507,354239	617,228803	565,598915	224,973866	-11,306004	5,885807
507,450886	616,745569	565,203340	224,713309	-11,302782	5,875814
507,547568	616,262162	564,793898	224,456993	-11,305622	5,867382
507,644111	615,779443	564,332107	224,205393	-11,305366	5,864996
507,740720	615,296401	563,881508	223,934342	-11,305398	5,861298
507,837387	614,813065	563,430019	223,681275	-11,305590	5,857667
507,934021	614,329893	563,017016	223,476531	-11,306770	5,849668
508,030552	613,847241	562,593726	223,209205	-11,305590	5,842901
508,127159	613,364206	562,168203	222,973615	-11,305622	5,836344
508,223771	612,881143	561,741341	222,720466	-11,305015	5,829937
508,320376	612,398120	561,319405	222,473459	-11,305334	5,822973
508,417030	611,914850	560,890314	222,222638	-11,305845	5,816797
508,513610	611,431951	560,524761	222,000723	-11,305207	5,803420
508,610236	610,948820	560,143551	221,719037	-11,305685	5,791801
508,706815	610,465924	559,769950	221,484280	-11,305622	5,779341
508,803458	609,982712	559,416933	221,269425	-11,305653	5,764499
508,900128	609,499362	558,999489	221,005698	-11,306164	5,756985
508,996679	609,016604	558,578916	220,726293	-11,305526	5,749896
509,093357	608,533213	558,174452	220,514707	-11,305494	5,740899
509,189955	608,050227	557,748962	220,245696	-11,305526	5,734344
509,286587	607,567066	557,301551	220,004184	-11,304983	5,730269
509,383109	607,084454	556,838931	219,736079	-11,305239	5,727990
509,479801	606,600995	556,355285	219,447069	-11,305653	5,728011
509,576438	606,117808	555,920408	219,211191	-11,305653	5,722504
509,672963	605,635184	555,476137	218,965328	-11,305622	5,718131
509,769578	605,152112	555,026946	218,725618	-11,303931	5,714269
509,866228	604,668861	554,603258	218,491586	-11,305590	5,707479
509,962847	604,185764	554,140647	218,237123	-11,306355	5,705143
510,059472	603,702639	553,701303	217,982165	-11,305590	5,700152
510,156047	603,219763	553,256142	217,716741	-11,304792	5,695853
510,252700	602,736499	552,827536	217,460319	-11,305462	5,689622
510,349319	602,253407	552,361348	217,181081	-11,305398	5,687695
510,445879	601,770607	551,994483	216,984460	-11,306068	5,674478
510,542588	601,287060	551,590931	216,756005	-11,304473	5,665359
510,639113	600,804435	551,188273	216,516610	-11,305781	5,656242
510,735784	600,321078	550,798143	216,285273	-11,305972	5,645615
510,832409	599,837953	550,412486	216,069124	-11,305462	5,634503
510,929039	599,354804	549,998641	215,840132	-11,305047	5,626602
511,025663	598,871684	549,582560	215,572640	-11,304664	5,618960
511,122221	598,388893	549,100708	215,290397	-11,305430	5,618853
511,218860	597,905698	548,685966	215,095570	-11,305622	5,611049
511,315450	597,422748	548,258248	214,839902	-11,305590	5,604753
511,412024	596,939881	547,809052	214,581364	-11,305462	5,600915
511,508680	596,456601	547,403253	214,390301	-11,305813	5,592082
511,605351	595,973245	546,984477	214,155497	-11,307217	5,584720
511,701954	595,490228	546,568383	213,944446	-11,305941	5,577090
511,798524	595,007382	546,116494	213,730530	-11,305558	5,573561
511,895150	594,524250	545,622544	213,485225	-11,305558	5,574794
511,991707	594,041464	545,074452	213,218033	-11,305590	5,582239
512,088382	593,558091	544,538883	212,985532	-11,306993	5,588190
512,185021	593,074895	543,961698	212,758723	-11,306196	5,598904
512,281665	592,591676	543,379584	212,562810	-11,305558	5,610179
512,378198	592,109011	542,731241	212,350717	-11,306164	5,629066
512,474790	591,626049	542,103472	212,152405	-11,305622	5,645574
512,571464	591,142679	541,486432	211,991655	-11,307663	5,660812
512,668107	590,659466	540,945003	211,826143	-11,305143	5,667449
512,764674	590,176632	540,416991	211,657769	-11,305334	5,672599
512,861339	589,693303	539,995023	211,552651	-11,305622	5,665604
512,957866	589,210668	539,538146	211,384266	-11,306100	5,662668
513,054516	588,727419	539,244596	211,277713	-11,305462	5,641042
513,151157	588,244214	538,907637	211,131198	-11,305462	5,624370
513,247806	587,760968	538,674493	211,021785	-11,305494	5,595858
513,344350	587,278251	538,497732	210,915698	-11,305941	5,560979
513,440989	586,795055	538,303965	210,783443	-11,306579	5,527984
513,537558	586,312209	538,107064	210,622162	-11,305494	5,495387
513,634167	585,829167	537,898079	210,431375	-11,306674	5,464144
513,730834	585,345832	537,690435	210,259612	-11,305717	5,432715
513,827490	584,862549	537,385679	210,067381	-11,305845	5,412363
513,923999	584,380007	537,068836	209,887514	-11,306579	5,393473
514,020728	583,896361	536,689784	209,662906	-11,305558	5,381550
514,117280	583,413598	536,218534	209,420678	-11,305462	5,380237
514,213959	582,930204	535,657319	209,166062	-11,305590	5,389109
514,310567	582,447167	535,102805	208,950935	-11,305079	5,397257
514,407125	581,964373	534,505312	208,682487	-11,304760	5,410333
514,503728	581,481360	533,934658	208,447820	-11,305845	5,420324
514,600287	580,998563	533,321020	208,168392	-11,305749	5,435240
514,696966	580,515172	532,732431	207,956548	-11,306228	5,447232
514,793645	580,031774	532,216786	207,737077	-11,305622	5,450909
514,890214	579,548932	531,659499	207,524737	-11,308780	5,459395
514,986762	579,066190	531,114730	207,305245	-11,305685	5,466466
515,083427	578,582864	530,628140	207,085742	-11,305781	5,466839
515,180083	578,099586	530,137060	206,863848	-11,305909	5,467728
515,276688	577,616561	529,667008	206,669087	-11,305749	5,466249
515,373242	577,133789	529,284690	206,458126	-11,305685	5,454797
515,469855	576,650724	528,886695	206,288589	-11,305877	5,445099
515,566557	576,167214	528,527640	206,060466	-11,305015	5,430911
515,663098	575,684510	528,281401	205,916157	-11,305622	5,403954
515,759786	575,201069	528,017698	205,758984	-11,305430	5,378904
515,856352	574,718242	527,711456	205,544650	-11,305877	5,358774
515,953000	574,235002	527,446848	205,369841	-11,305143	5,333850
516,049624	573,751879	527,150446	205,158347	-11,305685	5,312563
516,146206	573,268969	526,835232	204,928266	-11,304888	5,293446
516,242753	572,786234	526,492252	204,730093	-11,305685	5,277514
516,339392	572,303038	526,103143	204,493800	-11,305526	5,266788
516,436040	571,819801	525,705516	204,261307	-11,305781	5,257028
516,532681	571,336595	525,279668	204,035474	-11,305334	5,250490
516,629222	570,853888	524,847090	203,818685	-11,305717	5,244775
516,725861	570,370697	524,393004	203,570438	-11,305111	5,241457
516,822533	569,887337	523,867248	203,295972	-11,305366	5,246290
516,919067	569,404667	523,323559	203,008148	-11,306164	5,253246
517,015706	568,921468	522,789253	202,802756	-11,305781	5,259073
517,112354	568,438228	522,248655	202,520626	-11,305302	5,265611
517,208974	567,955131	521,747003	202,300441	-11,301729	5,267727
517,305612	567,471938	521,202778	202,027343	-11,305047	5,274684
517,402217	566,988914	520,712284	201,812382	-11,306100	5,275536
517,498789	566,506054	520,267911	201,576441	-11,305717	5,271148
517,595450	566,022751	519,812322	201,383391	-11,305622	5,267989
517,692064	565,539680	519,340139	201,107867	-11,304026	5,266748
517,788605	565,056977	518,959333	200,940069	-11,305302	5,255131
517,885268	564,573658	518,539536	200,689792	-11,305462	5,247890
517,981850	564,090752	518,203956	200,491471	-11,305207	5,231095
518,078499	563,607505	517,823112	200,264061	-11,305366	5,219421
518,175141	563,124296	517,488407	200,061913	-11,305079	5,202491
518,271747	562,641266	517,124118	199,842594	-11,305877	5,188955
518,368269	562,158654	516,788048	199,615162	-11,305462	5,172249
518,464916	561,675419	516,426424	199,396305	-11,305877	5,158385
518,561589	561,192057	516,033867	199,135480	-11,305622	5,148034
518,658111	560,709446	515,628748	198,929006	-11,305271	5,139200
518,754767	560,226164	515,202100	198,683901	-11,305909	5,132743
518,851368	559,743159	514,817117	198,471215	-11,306004	5,121569
518,948050	559,259752	514,400296	198,229909	-11,305526	5,113978
519,044592	558,777042	513,947601	198,016734	-11,304983	5,110556
519,141253	558,293736	513,486816	197,733444	-11,305877	5,107989
519,237886	557,810568	512,969080	197,518824	-11,305526	5,111930
519,334445	557,327776	512,482248	197,271289	-11,305813	5,112390
519,431089	556,844557	512,029015	197,022791	-11,305877	5,108972
519,527670	556,361649	511,518374	196,780011	-11,310599	5,112133
519,624310	555,878452	511,064197	196,541516	-11,306164	5,108825
519,720918	555,395411	510,625243	196,321618	-11,305653	5,103799
519,817592	554,912038	510,158019	196,061168	-11,304856	5,101958
519,914105	554,429473	509,718124	195,856046	-11,305494	5,097094
520,010779	553,946107	509,272377	195,635178	-11,308940	5,092805
520,107421	553,462893	508,875940	195,379956	-11,305526	5,082913
520,203965	552,980173	508,528818	195,199150	-11,306387	5,067454
520,300637	552,496816	508,111715	194,972064	-11,305334	5,059902
520,397281	552,013597	507,715223	194,707761	-11,305622	5,050015
520,493823	551,530885	507,367157	194,516447	-11,305781	5,034665
520,590458	551,047708	507,000236	194,300320	-11,304664	5,021412
520,687119	550,564405	506,620738	194,056993	-11,305845	5,009578
520,783635	550,081823	506,206231	193,827020	-11,305653	5,001818
520,880265	549,598674	505,772860	193,587023	-11,305909	4,996143
520,976920	549,115399	505,363693	193,367061	-11,306132	4,987695
521,073578	548,632111	504,911880	193,109877	-11,305781	4,984106
521,170125	548,149374	504,470361	192,879409	-11,305749	4,979407
521,266741	547,666295	504,020740	192,645120	-11,305653	4,975593
521,363365	547,183173	503,547308	192,368357	-11,305845	4,974489
521,459965	546,700173	503,092695	192,141695	-11,305749	4,971252
521,556626	546,216870	502,607985	191,903098	-11,306260	4,971413
521,653268	545,733659	502,183837	191,699811	-11,305462	4,964680
521,749782	545,251090	501,776273	191,459776	-11,306100	4,956129
521,846498	544,767510	501,336365	191,225942	-11,305302	4,951151
521,943038	544,284809	500,908551	191,020260	-11,305845	4,944893
522,039724	543,801381	500,471284	190,747764	-11,305972	4,939631
522,136265	543,318677	500,036235	190,516784	-11,305366	4,934198
522,232916	542,835422	499,653619	190,287710	-11,305398	4,922726
522,329546	542,352270	499,218341	190,026657	-11,302654	4,917268
522,426128	541,869361	498,854786	189,831463	-11,305398	4,903662
522,522765	541,386175	498,448325	189,601427	-11,305717	4,894915
522,619405	540,902975	498,047580	189,363276	-11,305813	4,885515
522,716041	540,419797	497,620864	189,125599	-11,304888	4,879078
522,812556	539,937221	497,202544	188,890307	-11,305813	4,871753
522,909248	539,453759	496,791288	188,640695	-11,305909	4,863522
523,005776	538,971122	496,365216	188,397286	-11,305685	4,857073
523,102436	538,487821	495,959168	188,180126	-11,305749	4,848266
523,199024	538,004879	495,535179	187,936714	-11,305590	4,841546
523,295646	537,521769	495,140165	187,703323	-11,305398	4,831503
523,392254	537,038728	494,641842	187,428408	-11,305781	4,833245
523,488927	536,555364	494,193496	187,160173	-11,305430	4,829253
523,585477	536,072617	493,746866	186,903393	-11,305749	4,825136
523,682119	535,589403	493,316713	186,686704	-11,304728	4,819087
523,778795	535,106024	492,885157	186,464764	-11,305622	4,813179
523,875357	534,623217	492,464724	186,208937	-11,305653	4,806068
523,972023	534,139884	492,003975	185,950246	-11,305398	4,803494
524,068528	533,657360	491,613855	185,741670	-11,305622	4,792960
524,165235	533,173826	491,169996	185,471047	-11,311045	4,788437
524,261793	532,691034	490,770388	185,248630	-11,305558	4,778954
524,358415	532,207923	490,341647	185,020486	-11,305685	4,772755
524,455089	531,724554	489,906594	184,748910	-11,305622	4,767247
524,551693	531,241535	489,539538	184,528404	-11,305015	4,754028
524,648318	530,758410	489,122758	184,298354	-11,306068	4,746464
524,744827	530,275863	488,728773	184,054463	-11,306100	4,736368
524,841499	529,792503	488,351771	183,834915	-11,305845	4,724243
524,938155	529,309225	487,951902	183,583391	-11,305653	4,714735
525,034699	528,826506	487,558271	183,341413	-11,305558	4,704579
525,131346	528,343269	487,128781	183,056484	-11,305143	4,698452
525,227903	527,860483	486,682686	182,830261	-11,305430	4,694269
525,324548	527,377261	486,274632	182,573017	-11,305590	4,685700
525,421159	526,894206	485,840568	182,337730	-11,305590	4,680115
525,517857	526,410716	485,426634	182,094809	-11,305590	4,672185
525,614380	525,928100	484,998787	181,814666	-11,305462	4,665942
525,711033	525,444837	484,551199	181,571274	-11,305398	4,661875
525,807655	524,961725	484,093278	181,322635	-11,305558	4,659003
525,904217	524,478914	483,634211	181,092373	-11,305590	4,656296
526,000904	523,995479	483,185873	180,823460	-11,305558	4,652295
526,097548	523,512262	482,760591	180,572445	-11,304983	4,645690
526,194123	523,029387	482,256413	180,294712	-11,305366	4,648119
526,290757	522,546217	481,835572	180,050387	-11,305526	4,641014
526,387383	522,063086	481,386476	179,762166	-11,305972	4,637133
526,484030	521,579848	480,922123	179,502103	-11,304601	4,634981
526,580607	521,096967	480,506609	179,277833	-11,306164	4,627301
526,677147	520,614266	480,054324	179,014918	-11,306036	4,623833
526,773784	520,131081	479,649541	178,771093	-11,306068	4,614896
526,870458	519,647708	479,270521	178,543735	-11,305972	4,602999
526,967022	519,164888	478,847111	178,311133	-11,303771	4,596227
527,063679	518,681603	478,432879	178,078298	-11,305909	4,588355
527,160238	518,198811	477,994876	177,781535	-11,305494	4,583249
527,256858	517,715712	477,598556	177,555867	-11,306515	4,573356
527,353499	517,232504	477,223749	177,311598	-11,305622	4,560998
527,450040	516,749799	476,835483	177,066381	-11,305334	4,550232
527,546723	516,266385	476,487338	176,851941	-11,305590	4,534811
527,643285	515,783577	476,059827	176,577397	-11,305717	4,528507
527,739996	515,300022	475,655399	176,331722	-11,305143	4,519487
527,836596	514,817018	475,252758	176,120877	-11,305526	4,510326
527,933165	514,334174	474,821863	175,841824	-11,305207	4,504403
528,029770	513,851149	474,356883	175,585200	-11,305302	4,502346
528,126446	513,367772	473,974849	175,365310	-11,306068	4,490793
528,223008	512,884962	473,496852	175,081991	-11,305366	4,490244
528,319614	512,401932	473,051134	174,835883	-11,306706	4,485991
528,416252	511,918738	472,650700	174,591930	-11,305462	4,476556
528,512811	511,435944	472,218200	174,342023	-11,305622	4,470823
528,609523	510,952383	471,793992	174,062080	-11,305398	4,464057
528,706049	510,469757	471,348030	173,806707	-11,305143	4,459877
528,802705	509,986475	470,954306	173,593069	-11,305334	4,449667
528,899350	509,503248	470,511252	173,314110	-11,305239	4,445088
528,995993	509,020033	470,083888	173,068063	-11,305972	4,438721
529,092631	508,536845	469,682083	172,866130	-11,305398	4,429443
529,189215	508,053927	469,263682	172,575997	-11,305558	4,422088
529,285739	507,571304	468,832721	172,356439	-11,302144	4,416198
529,382367	507,088163	468,423283	172,111144	-11,305685	4,407796
529,479032	506,604840	467,997698	171,848458	-11,305877	4,401214
529,575568	506,122158	467,533543	171,540496	-11,305015	4,399102
529,672181	505,639095	467,111988	171,306436	-11,305972	4,392090
529,768854	505,155731	466,710611	171,057133	-11,309418	4,382744
529,865468	504,672658	466,330310	170,825000	-11,305845	4,371028
529,962044	504,189778	465,867488	170,569045	-11,305366	4,368741
530,058706	503,706471	465,428881	170,316438	-11,304888	4,363645
530,155247	503,223764	465,021215	170,049545	-11,306036	4,355091
530,251871	502,740644	464,630141	169,771705	-11,304920	4,344597
530,348570	502,257148	464,224713	169,562025	-11,305526	4,335698
530,445146	501,774270	463,792822	169,307560	-11,305334	4,329885
530,541781	501,291095	463,378867	169,043578	-11,306164	4,321994
530,638334	500,808329	462,943830	168,780086	-11,305334	4,316553
530,735006	500,324968	462,528076	168,532808	-11,305909	4,308846
530,831664	499,841680	462,112318	168,251716	-11,305717	4,301147
530,928169	499,359157	461,685793	168,020424	-11,305813	4,294763
531,024805	498,875976	461,278102	167,785808	-11,305845	4,286158
531,121477	498,392615	460,865025	167,518098	-11,305398	4,278145
531,218108	497,909462	460,446787	167,268981	-11,304792	4,270745
531,314666	497,426671	459,965304	166,967009	-11,305558	4,270596
531,411319	496,943407	459,585855	166,759356	-11,305877	4,258761
531,507877	496,460614	459,161549	166,502661	-11,306355	4,252093
531,604542	495,977288	458,729166	166,227409	-11,305813	4,246286
531,701082	495,494592	458,310234	165,981221	-11,305239	4,239017
531,797707	495,011465	457,870664	165,696004	-11,305590	4,234051
531,894378	494,528109	457,459572	165,448894	-11,305207	4,225813
531,991050	494,044752	457,020216	165,222986	-11,305302	4,220797
532,087609	493,561957	456,590946	164,967574	-11,307855	4,214695
532,184207	493,078966	456,168399	164,679809	-11,305877	4,207805
532,280836	492,595821	455,708391	164,413484	-11,305622	4,205167
532,377461	492,112694	455,279327	164,210718	-11,305366	4,199004
532,474025	491,629877	454,812799	163,925626	-11,306164	4,197147
532,570686	491,146570	454,408618	163,678627	-11,306164	4,188127
532,667316	490,663420	453,928393	163,415226	-11,305717	4,187793
532,763934	490,180328	453,475523	163,139472	-11,305685	4,184348
532,860482	489,697592	453,060104	162,888004	-11,305526	4,176674
532,957124	489,214378	452,640641	162,672950	-11,305653	4,169406
533,053783	488,731086	452,233507	162,371086	-11,305749	4,160724
533,150392	488,248038	451,806624	162,129423	-11,305845	4,154321
533,246932	487,765338	451,371881	161,900620	-11,305717	4,148854
533,343565	487,282177	451,002634	161,665410	-11,305558	4,135868
533,440241	486,798797	450,555311	161,403582	-11,305558	4,131757
533,536858	486,315708	450,162716	161,166742	-11,305622	4,121441
533,633398	485,833012	449,705501	160,903525	-11,305877	4,118536
533,729996	485,350020	449,255902	160,608234	-11,306036	4,114729
533,826699	484,866507	448,804946	160,386188	-11,305941	4,111018
533,923306	484,383471	448,338944	160,143000	-11,306674	4,109076
534,019868	483,900662	447,883699	159,872020	-11,305877	4,105934
534,116481	483,417594	447,459180	159,653827	-11,305366	4,099259
534,213138	482,934310	446,989772	159,402376	-11,305143	4,097677
534,309672	482,451642	446,565229	159,160687	-11,305430	4,091051
534,406431	481,967845	446,120925	158,884325	-11,303516	4,086549
534,502940	481,485298	445,685135	158,654081	-11,305462	4,081219
534,599607	481,001966	445,261000	158,442148	-11,306579	4,074470
534,696144	480,519280	444,824284	158,160148	-11,305653	4,069229
534,792804	480,035979	444,425707	157,945874	-11,305909	4,059571
534,889362	479,553190	444,016793	157,701923	-11,304537	4,051149
534,985999	479,070004	443,627617	157,519508	-11,306068	4,040432
535,082655	478,586723	443,189498	157,239493	-11,305462	4,035284
535,179294	478,103529	442,790643	156,998925	-11,305909	4,025669
535,275870	477,620649	442,380552	156,765024	-11,305685	4,017371
535,372532	477,137341	441,945081	156,528531	-11,305175	4,011918
535,469157	476,654215	441,520816	156,291107	-11,305845	4,005207
535,565738	476,171308	441,118985	156,019281	-11,305462	3,995965
535,662279	475,688603	440,686158	155,792581	-11,305430	3,990279
535,758918	475,205408	440,322462	155,551421	-11,305909	3,976656
535,855538	474,722309	439,877928	155,315265	-11,305845	3,972259
535,952166	474,239168	439,454480	155,037837	-11,305653	3,965454
536,048805	473,755977	439,048528	154,785827	-11,307089	3,956649
536,145425	473,272873	438,626393	154,573700	-11,305398	3,949699
536,241985	472,790074	438,223776	154,337865	-11,305909	3,940558
536,338590	472,307048	437,784762	154,076904	-11,306004	3,935541
536,435240	471,823800	437,373351	153,828303	-11,305398	3,927351
536,531899	471,340503	436,945528	153,602968	-11,305622	3,921027
536,628524	470,857379	436,492979	153,357495	-11,305749	3,917542
536,725150	470,374250	436,018171	153,097341	-11,301219	3,916593
536,821688	469,891559	435,562656	152,820852	-11,305526	3,913495
536,918360	469,408198	435,104646	152,631642	-11,306036	3,910605
537,015430	468,922852	434,674468	152,382703	-11,305781	3,904316
537,112105	468,439475	434,216636	152,153463	-11,305494	3,901404
537,208726	467,956370	433,819439	151,900778	-11,307089	3,891610
537,305257	467,473717	433,346507	151,635557	-11,305462	3,890502
537,401962	466,990192	432,942078	151,444302	-11,305717	3,881485
537,498484	466,507578	432,498757	151,156380	-11,305302	3,877006
537,595159	466,024205	432,098780	150,954026	-11,306068	3,867498
537,691795	465,541024	431,669120	150,677296	-11,310407	3,861397
537,788393	465,058036	431,252471	150,453660	-11,305845	3,853834
537,884924	464,575381	430,851757	150,235966	-11,305622	3,844493
537,981604	464,091980	430,396856	149,957423	-11,305239	3,841244
538,078247	463,608765	429,977666	149,733853	-11,306004	3,833945
538,174794	463,126030	429,566320	149,459392	-11,306355	3,825807
538,271470	462,642648	429,154053	149,241078	-11,306068	3,817700
538,368049	462,159755	428,681064	148,979695	-11,306068	3,816571
538,464737	461,676314	428,245141	148,741067	-11,305526	3,811154
538,561334	461,193330	427,810316	148,474295	-11,306036	3,805664
538,657861	460,710696	427,404696	148,232878	-11,305590	3,796884
538,754515	460,227427	426,969596	148,005921	-11,305622	3,791393
538,851138	459,744308	426,524125	147,768102	-11,306036	3,787101
538,947711	459,261445	426,133949	147,534566	-11,305749	3,776535
539,044326	458,778371	425,678528	147,283311	-11,305845	3,773382
539,140993	458,295036	425,229151	147,014106	-11,305845	3,769511
539,237605	457,811975	424,796390	146,774734	-11,305558	3,763777
539,334270	457,328650	424,380698	146,558092	-11,305590	3,756067
539,430805	456,845977	423,919313	146,309073	-11,306164	3,753640
539,527462	456,362689	423,499067	146,106190	-11,305175	3,746453
539,624013	455,879934	423,049996	145,835234	-11,305717	3,742613
539,720688	455,396558	422,662996	145,595989	-11,306260	3,731626
539,817323	454,913384	422,238396	145,374024	-11,305526	3,724949
539,913881	454,430594	421,833122	145,127266	-11,305175	3,716112
540,010490	453,947552	421,387088	144,871320	-11,308557	3,711893
540,107146	453,464269	420,994589	144,650374	-11,305590	3,701543
540,203772	452,981138	420,568530	144,410786	-11,305558	3,695037
540,300348	452,498262	420,115432	144,155633	-11,305271	3,691643
540,396948	452,015259	419,686839	143,918226	-11,305334	3,685440
540,493639	451,531803	419,229175	143,679429	-11,303835	3,682500
540,590198	451,049011	418,816958	143,473484	-11,305526	3,674454
540,686872	450,565638	418,372291	143,216082	-11,305685	3,670042
540,783383	450,083083	417,940427	142,985156	-11,306036	3,664263
540,880043	449,599785	417,485790	142,705858	-11,306004	3,660996
540,976707	449,116463	417,068053	142,501190	-11,305941	3,653519
541,073271	448,633646	416,638576	142,222429	-11,305398	3,647438
541,169865	448,150677	416,199160	142,001525	-11,304664	3,642473
541,266487	447,667566	415,769398	141,754215	-11,305813	3,636391
541,363101	447,184494	415,342760	141,528878	-11,305239	3,629958
541,459786	446,701070	414,900773	141,272661	-11,305717	3,625234
541,556331	446,218347	414,454473	141,058227	-11,306132	3,621082
541,652953	445,735234	414,001607	140,821174	-11,305526	3,617633
541,749599	445,252005	413,599632	140,609383	-11,305494	3,608371
541,846238	444,768810	413,137913	140,363658	-11,305494	3,605922
541,942772	444,286142	412,739937	140,152622	-11,305877	3,596267
542,039428	443,802860	412,303395	139,905538	-11,305685	3,590939
542,136079	443,319604	411,906266	139,675221	-11,305239	3,581121
542,232619	442,836906	411,442614	139,410520	-11,305749	3,578949
542,329249	442,353757	411,044751	139,184031	-11,307536	3,569227
542,425873	441,870637	410,602225	138,954741	-11,305622	3,564599
542,522529	441,387353	410,183113	138,694612	-11,305590	3,557283
542,619095	440,904523	409,743228	138,474567	-11,305430	3,552388
542,715763	440,421184	409,331949	138,282813	-11,306132	3,544173
542,812357	439,938213	408,870578	138,049625	-11,304824	3,541710
542,909013	439,454935	408,438715	137,788911	-11,305941	3,535849
543,005603	438,971983	408,021481	137,566142	-11,305813	3,528357
543,102227	438,488864	407,594519	137,328802	-11,305717	3,521955
543,198789	438,006053	407,166172	137,096200	-11,305813	3,515746
543,295482	437,522591	406,730125	136,880338	-11,305207	3,510341
543,392024	437,039880	406,279155	136,641435	-11,305590	3,506723
543,488690	436,556550	405,827926	136,419742	-11,305207	3,503063
543,585238	436,073810	405,361995	136,167485	-11,305590	3,501147
543,681905	435,590475	404,966433	135,928437	-11,306004	3,491141
543,778463	435,107687	404,511718	135,714825	-11,305813	3,487940
543,875106	434,624469	404,056969	135,466896	-11,305749	3,484695
543,971715	434,141427	403,644165	135,241342	-11,305398	3,476688
544,068339	433,658304	403,202441	135,002882	-11,305781	3,471968
544,164971	433,175143	402,783709	134,749405	-11,305462	3,464623
544,261542	432,692291	402,343726	134,528875	-11,305717	3,459736
544,358198	432,209008	401,918838	134,311427	-11,305749	3,453079
544,454957	431,725216	401,493467	134,100820	-11,305622	3,446419
544,551381	431,243094	401,099678	133,855927	-11,306355	3,436349
544,648038	430,759808	400,655506	133,609890	-11,307823	3,431890
544,744614	430,276931	400,192555	133,337104	-11,305462	3,429619
544,841246	429,793768	399,806134	133,146342	-11,305558	3,418590
544,937897	429,310515	399,353733	132,914494	-11,305653	3,415073
545,034442	428,827790	398,933600	132,674221	-11,305845	3,407938
545,131133	428,344335	398,522021	132,449947	-11,308940	3,399744
545,227697	427,861517	398,117870	132,246599	-11,305590	3,390776
545,324248	427,378761	397,649751	132,009935	-11,305877	3,389107
545,420905	426,895475	397,236277	131,779641	-11,305749	3,381149
545,517565	426,412173	396,828874	131,540926	-11,305909	3,372496
545,614190	425,929050	396,354328	131,305529	-11,301570	3,371518
545,710808	425,445960	395,967658	131,107472	-11,305366	3,360526
545,807336	424,963322	395,522199	130,881516	-11,305207	3,356288
545,903973	424,480137	395,060433	130,635883	-11,305653	3,353846
546,000634	423,996831	394,607674	130,415850	-11,305430	3,350364
546,097258	423,513712	394,141769	130,137682	-11,305334	3,348402
546,193893	423,030533	393,740036	129,954059	-11,305813	3,339117
546,290469	422,547653	393,297126	129,720042	-11,305398	3,334560
546,387099	422,064503	392,866621	129,503171	-11,305430	3,328559
546,483730	421,581349	392,442642	129,266167	-11,305558	3,321813
546,580278	421,098611	392,017052	129,048648	-11,305590	3,315298
546,676934	420,615328	391,545068	128,826703	-11,305526	3,314010
546,773530	420,132350	391,097250	128,593305	-11,305781	3,310001
546,870190	419,649051	390,664101	128,360406	-11,305015	3,304284
546,966730	419,166352	390,209432	128,112779	-11,306547	3,301089
547,063404	418,682982	389,785044	127,916249	-11,305462	3,294365
547,160036	418,199819	389,354971	127,673603	-11,305207	3,288313
547,256649	417,716757	388,945684	127,446446	-11,305526	3,279902
547,353181	417,234093	388,552209	127,235006	-11,305526	3,269735
547,449855	416,750726	388,112320	127,010481	-11,304090	3,264778
547,546498	416,267510	387,700235	126,802371	-11,305845	3,256669
547,643024	415,784878	387,238786	126,554965	-11,305813	3,254254
547,739690	415,301552	386,844977	126,344569	-11,305526	3,244050
547,836350	414,818249	386,397047	126,105417	-11,305334	3,240017
547,932840	414,335801	385,974211	125,869340	-11,308397	3,233221
548,029581	413,852096	385,556100	125,633529	-11,305749	3,225743
548,126157	413,369215	385,132302	125,414825	-11,305526	3,219008
548,222718	412,886411	384,706665	125,170189	-11,306419	3,212491
548,319356	412,403221	384,307038	124,979369	-11,305239	3,202965
548,416015	411,919923	383,830397	124,744848	-11,305526	3,202206
548,512623	411,436883	383,380442	124,463372	-11,305972	3,198434
548,609189	410,954054	382,979374	124,330599	-11,305526	3,189114
548,705801	410,470995	382,489724	124,079339	-11,306196	3,189865
548,802466	409,987668	381,996413	123,861532	-11,305462	3,191003
548,899039	409,504805	381,577817	123,652398	-11,305781	3,183677
548,995703	409,021487	381,124533	123,414787	-11,306164	3,180253
549,092294	408,538532	380,689796	123,200568	-11,305781	3,174756
549,188874	408,055628	380,268170	122,975165	-11,306004	3,167770
549,285512	407,572439	379,827485	122,744654	-11,305717	3,162925
549,382152	407,089241	379,431182	122,552702	-11,305207	3,153019
549,478784	406,606082	379,003584	122,305437	-11,306132	3,146685
549,575315	406,123427	378,556242	122,059375	-11,305622	3,142659
549,672024	405,639880	378,119748	121,819417	-11,305334	3,137295
549,768606	405,156969	377,690252	121,601897	-11,308940	3,131206
549,865252	404,673738	377,293595	121,401905	-11,305175	3,121336
549,961772	404,191141	376,870393	121,177205	-11,305877	3,114565
550,058465	403,707674	376,434242	120,966998	-11,305653	3,109171
550,155111	403,224446	376,003051	120,727660	-11,305462	3,103239
550,251626	402,741871	375,602213	120,506313	-11,305941	3,093921
550,348268	402,258660	375,142852	120,280098	-11,305494	3,091202
550,444922	401,775392	374,698200	120,069069	-11,305590	3,086800
550,541466	401,292671	374,280277	119,826592	-11,305909	3,079413
550,638134	400,809330	373,862554	119,651983	-11,305366	3,071932
550,734784	400,326078	373,425529	119,442430	-11,305558	3,066663
550,831352	399,843242	372,973052	119,218686	-11,305909	3,063202
550,927910	399,360450	372,516689	118,994039	-11,305781	3,060189
551,024584	398,877078	372,127215	118,812758	-11,305398	3,049484
551,121242	398,393789	371,645161	118,552288	-11,305877	3,049344
551,217801	397,910997	371,195969	118,339608	-11,305430	3,045513
551,314443	397,427785	370,784866	118,113446	-11,305079	3,037293
551,411068	396,944660	370,343333	117,906875	-11,305909	3,032551
551,507700	396,461499	369,916295	117,700562	-11,305877	3,026153
551,604276	395,978619	369,462225	117,469362	-11,305558	3,022869
551,700934	395,495330	368,996552	117,247505	-11,305717	3,020861
551,797454	395,012730	368,514734	117,043599	-11,305622	3,020772
551,894127	394,529365	367,989984	116,794335	-11,305526	3,025489
551,990670	394,046651	367,514452	116,588388	-11,305622	3,024671
552,087300	393,563498	367,016414	116,356872	-11,307632	3,026368
552,183974	393,080129	366,542858	116,190293	-11,305781	3,025249
552,280586	392,597069	366,061098	115,976045	-11,305749	3,025101
552,377157	392,114213	365,594744	115,745774	-11,306196	3,023219
552,473800	391,630998	365,134036	115,536231	-11,306292	3,020654
552,570426	391,147871	364,708495	115,316948	-11,304824	3,014089
552,666966	390,665168	364,264761	115,124430	-11,306068	3,009646
552,763606	390,181970	363,850069	114,922866	-11,305430	3,001837
552,860258	389,698708	363,450343	114,719932	-11,306132	2,992314
552,956884	389,215578	363,013571	114,516556	-11,305909	2,987029
553,053509	388,732455	362,617432	114,308091	-11,306993	2,977113
553,150051	388,249743	362,228313	114,115220	-11,305653	2,966443
553,246774	387,766129	361,795782	113,917724	-11,305302	2,960620
553,343308	387,283462	361,392986	113,674253	-11,305590	2,951514
553,439958	386,800208	360,998573	113,501427	-11,305622	2,941386
553,536528	386,317362	360,593914	113,291923	-11,305398	2,932473
553,633152	385,834238	360,180597	113,096842	-11,305685	2,924515
553,729792	385,351041	359,748622	112,902711	-11,305334	2,918676
553,826399	384,868004	359,332301	112,666579	-11,305749	2,911070
553,922975	384,385126	358,948228	112,499889	-11,305622	2,899806
554,019593	383,902033	358,494358	112,284005	-11,306164	2,896475
554,116267	383,418664	358,086373	112,096463	-11,305941	2,887881
554,212825	382,935873	357,633584	111,872970	-11,306292	2,884461
554,309474	382,452631	357,192814	111,675029	-11,305239	2,879619
554,406064	381,969679	356,779524	111,459710	-11,305526	2,871678
554,502735	381,486325	356,317330	111,265528	-11,306164	2,869265
554,599290	381,003552	355,869884	111,080181	-11,305526	2,865238
554,695942	380,520292	355,434005	110,847075	-11,304856	2,859837
554,792607	380,036963	354,988322	110,650409	-11,305590	2,855545
554,889209	379,553954	354,515548	110,449126	-11,305749	2,854378
554,985715	379,071425	354,040922	110,221667	-11,305239	2,853477
555,082348	378,588261	353,611752	110,049875	-11,305813	2,847322
555,179025	378,104873	353,176643	109,824553	-11,305047	2,841818
555,275674	377,621629	352,735819	109,611774	-11,306292	2,836982
555,372222	377,138889	352,302246	109,411767	-11,302431	2,831377
555,468865	376,655674	351,845896	109,194171	-11,306292	2,828315
555,565497	376,172517	351,432288	109,002319	-11,305334	2,820386
555,662017	375,689916	350,997496	108,781297	-11,305749	2,814936
555,758684	375,206582	350,546520	108,556828	-11,305685	2,811247
555,855339	374,723303	350,141026	108,407429	-11,305909	2,802380
555,951880	374,240598	349,669057	108,169573	-11,305717	2,801156
556,048531	373,757344	349,235290	107,951431	-11,306004	2,795514
556,145175	373,274126	348,796032	107,764340	-11,305143	2,790503
556,241732	372,791341	348,382467	107,575880	-11,305653	2,782612
556,338437	372,307814	347,943609	107,367067	-11,305845	2,777519
556,435039	371,824805	347,497892	107,182350	-11,305845	2,773268
556,531566	371,342169	347,026876	106,956919	-11,305526	2,771943
556,628191	370,859047	346,593165	106,745167	-11,305622	2,766310
556,724848	370,375762	346,154189	106,573239	-11,306068	2,761259
556,821497	369,892515	345,744558	106,364770	-11,305526	2,752867
556,918009	369,409953	345,244723	106,119080	-11,305941	2,754836
557,014650	368,926749	344,838451	105,939344	-11,305207	2,746066
557,111274	368,443632	344,405279	105,734646	-11,306004	2,740372
557,207916	367,960418	343,962739	105,513088	-11,303484	2,735735
557,304542	367,477291	343,540670	105,324622	-11,305845	2,728775
557,401100	366,994499	343,115383	105,174788	-11,306355	2,722219
557,497751	366,511246	342,671616	104,963005	-11,305558	2,717718
557,594407	366,027964	342,198199	104,697385	-11,305462	2,716593
557,690958	365,545210	341,762342	104,494669	-11,304090	2,711247
557,787633	365,061837	341,349013	104,316704	-11,306196	2,703262
557,884240	364,578800	340,922667	104,102011	-11,305430	2,696799
557,980869	364,095653	340,502902	103,902824	-11,305717	2,689574
558,077465	363,612675	340,053252	103,706891	-11,305494	2,685774
558,174026	363,129870	339,608355	103,524839	-11,305590	2,681453
558,270619	362,646906	339,177787	103,334488	-11,305302	2,675480
558,367314	362,163432	338,730775	103,101425	-11,305462	2,671323
558,463876	361,680618	338,299460	102,947836	-11,306068	2,665452
558,560518	361,197408	337,882479	102,756385	-11,305717	2,657902
558,657065	360,714677	337,446087	102,566339	-11,305909	2,652619
558,753744	360,231279	336,996894	102,363611	-11,305398	2,648720
558,850408	359,747960	336,569559	102,177989	-11,305239	2,642338
558,947016	359,264921	336,153368	101,967913	-11,305143	2,634717
559,043606	358,781972	335,692673	101,777941	-11,305685	2,632180
559,140253	358,298737	335,297632	101,598373	-11,305972	2,622126
559,236785	357,816073	334,869945	101,411435	-11,305781	2,615859
559,333467	357,332665	334,409604	101,196824	-11,305334	2,613229
559,429993	356,850033	333,958123	100,968160	-11,305941	2,609678
559,526637	356,366815	333,512083	100,807580	-11,305941	2,605439
559,623211	355,883943	333,062127	100,621175	-11,305972	2,601687
559,719911	355,400445	332,638836	100,416103	-11,305558	2,594823
559,816537	354,917314	332,200677	100,201825	-11,305462	2,589697
559,913098	354,434508	331,760430	100,021470	-11,304728	2,584845
560,009771	353,951143	331,303257	99,851969	-11,305143	2,581859
560,106351	353,468246	330,830067	99,639593	-11,305622	2,580752
560,202961	352,985194	330,387883	99,426315	-11,305175	2,576093
560,299610	352,501952	329,924657	99,208909	-11,305558	2,573812
560,396233	352,018835	329,468470	99,055378	-11,305207	2,570742
560,492865	351,535673	329,002196	98,836626	-11,301761	2,568816
560,589424	351,052879	328,529258	98,641635	-11,305685	2,567693
560,685997	350,570014	328,075462	98,463484	-11,305909	2,564379
560,782667	350,086663	327,617515	98,253778	-11,305813	2,561483
560,879307	349,603467	327,188310	98,087179	-11,305494	2,555328
560,975931	349,120345	326,739650	97,893406	-11,306100	2,551399
561,072503	348,637486	326,282497	97,712551	-11,305845	2,548469
561,169151	348,154247	325,836727	97,509365	-11,305526	2,544197
561,265708	347,671460	325,416282	97,342822	-11,305302	2,537090
561,362365	347,188174	324,978890	97,134372	-11,305590	2,531858
561,458919	346,705405	324,556086	96,946437	-11,304983	2,525022
561,555568	346,222158	324,124332	96,736872	-11,304983	2,519152
561,652216	345,738918	323,733457	96,610681	-11,305462	2,508623
561,748841	345,255794	323,296599	96,395389	-11,306036	2,503348
561,845398	344,773008	322,887138	96,222479	-11,305590	2,494989
561,942027	344,289866	322,435569	96,050963	-11,306164	2,491390
562,038667	343,806667	322,006596	95,851146	-11,306292	2,485208
562,135307	343,323464	321,584215	95,663774	-11,305334	2,478274
562,231868	342,840662	321,171174	95,457314	-11,305877	2,470322
562,328521	342,357395	320,718524	95,280329	-11,306260	2,466831
562,425044	341,874782	320,249588	95,067228	-11,305015	2,465272
562,521738	341,391312	319,785178	94,893033	-11,306036	2,463099
562,618383	340,908083	319,310425	94,735646	-11,305366	2,462133
562,714924	340,425381	318,888481	94,564235	-11,305941	2,455207
562,811541	339,942294	318,431711	94,392375	-11,306228	2,452207
562,908169	339,459154	317,983134	94,187401	-11,306802	2,448266
563,004748	338,976261	317,547100	93,998085	-11,304632	2,442924
563,101375	338,493123	317,143300	93,812693	-11,305972	2,433880
563,198032	338,009841	316,723665	93,641804	-11,305462	2,426624
563,294674	337,526629	316,306279	93,479895	-11,307440	2,419120
563,391278	337,043611	315,889310	93,275684	-11,305653	2,411590
563,487836	336,560819	315,510774	93,131733	-11,306355	2,399705
563,584516	336,077422	315,071968	92,919271	-11,305622	2,394622
563,681146	335,594268	314,640216	92,703147	-11,305239	2,388762
563,777651	335,111743	314,238200	92,531640	-11,305941	2,379584
563,874376	334,628120	313,841185	92,345201	-11,305558	2,369711
563,970924	334,145378	313,444818	92,182451	-11,305972	2,359864
564,067533	333,662336	313,015644	92,002701	-11,305494	2,353723
564,164206	333,178971	312,563278	91,791246	-11,305972	2,350189
564,260831	332,695846	312,122779	91,584633	-11,305526	2,345330
564,357406	332,212968	311,728764	91,421467	-11,305079	2,335199
564,453954	331,730228	311,272125	91,235332	-11,306004	2,332224
564,550648	331,246760	310,806031	91,005551	-11,305494	2,330243
564,647199	330,764003	310,372443	90,840350	-11,304888	2,324638
564,743848	330,280759	309,938348	90,663901	-11,305781	2,319035
564,840505	329,797474	309,465441	90,470922	-11,305143	2,317852
564,937129	329,314353	308,994541	90,254524	-11,305685	2,316459
565,033657	328,831714	308,592405	90,122441	-11,305877	2,307281
565,130350	328,348251	308,103498	89,890449	-11,305239	2,307902
565,226884	327,865582	307,664552	89,741616	-11,305111	2,302917
565,323514	327,382428	307,223946	89,553517	-11,305941	2,298067
565,420147	326,899266	306,730956	89,343383	-11,305653	2,299187
565,516696	326,416521	306,282663	89,125685	-11,305972	2,295260
565,613365	325,933173	305,793906	88,953237	-11,307568	2,295876
565,709978	325,450112	305,352384	88,777124	-11,305685	2,291141
565,806599	324,967003	304,917467	88,598264	-11,305717	2,285647
565,903233	324,483833	304,429441	88,386814	-11,306132	2,286201
565,999891	324,000544	304,008651	88,245625	-11,305398	2,279076
566,096450	323,517751	303,564607	88,061973	-11,305877	2,274658
566,193096	323,034519	303,102126	87,875806	-11,306483	2,272293
566,289626	322,551871	302,702315	87,680238	-11,306004	2,262849
566,386307	322,068466	302,236729	87,501894	-11,305558	2,260818
566,482865	321,585675	301,790386	87,312084	-11,305685	2,256663
566,579516	321,102422	301,374329	87,140644	-11,305749	2,249003
566,676098	320,619509	300,919135	86,922625	-11,305749	2,245843
566,772772	320,136141	300,536770	86,800082	-11,305877	2,234328
566,869323	319,653385	300,078932	86,600210	-11,305781	2,231488
566,965985	319,170074	299,674620	86,438210	-11,305685	2,222482
567,062652	318,686739	299,205619	86,241799	-11,305877	2,220848
567,159176	318,204122	298,761858	86,041498	-11,305558	2,216418
567,255819	317,720904	298,344726	85,876079	-11,306036	2,208884
567,352455	317,237726	297,918565	85,723055	-11,305366	2,202384
567,449013	316,754937	297,456903	85,502132	-11,303197	2,199976
567,545690	316,271548	297,049729	85,336734	-11,305653	2,191287
567,642275	315,788627	296,645725	85,193823	-11,305526	2,182291
567,738888	315,305561	296,220025	84,982562	-11,305909	2,175751
567,835549	314,822257	295,779299	84,809385	-11,305941	2,170897
567,932094	314,339529	295,356705	84,637592	-11,307057	2,164042
568,028692	313,856540	294,934744	84,451355	-11,305494	2,157085
568,125317	313,373416	294,499823	84,265814	-11,305334	2,151590
568,221987	312,890065	294,113687	84,118350	-11,305877	2,140507
568,318594	312,407030	293,671505	83,946811	-11,305685	2,135850
568,415170	311,924148	293,279962	83,794311	-11,305079	2,125437
568,511814	311,440929	292,818525	83,593432	-11,305207	2,122954
568,608488	310,957560	292,400820	83,385910	-11,305909	2,115468
568,705011	310,474946	291,979596	83,240994	-11,305366	2,108470
568,801693	309,991537	291,564078	83,089891	-11,305590	2,100730
568,898237	309,508817	291,105141	82,888580	-11,305877	2,098019
568,994831	309,025846	290,658126	82,707223	-11,305334	2,093920
569,091559	308,542206	290,208736	82,521057	-11,305590	2,090016
569,188182	308,059089	289,781657	82,355072	-11,305462	2,083627
569,284755	307,576225	289,305359	82,184506	-11,305972	2,082879
569,381320	307,093400	288,898227	82,016696	-11,305590	2,074250
569,477896	306,610522	288,421550	81,802585	-11,305909	2,073543
569,574533	306,127337	287,986122	81,624469	-11,305462	2,068099
569,671157	305,644215	287,533538	81,462863	-11,305845	2,064617
569,767807	305,160967	287,083652	81,261835	-11,304441	2,060814
569,864439	304,677805	286,630921	81,080984	-11,305590	2,057345
569,961063	304,194683	286,176961	80,888218	-11,305685	2,054020
570,057683	303,711586	285,713221	80,696833	-11,305398	2,051814
570,154276	303,228620	285,285919	80,536394	-11,305845	2,045468
570,250840	302,745798	284,829656	80,365874	-11,306100	2,042440
570,347462	302,262689	284,397360	80,174730	-11,305494	2,036647
570,444123	301,779385	283,927074	79,968007	-11,304888	2,035164
570,540766	301,296172	283,509434	79,815145	-11,306323	2,027688
570,637391	300,813045	283,038067	79,613471	-11,305941	2,026347
570,733948	300,330258	282,617975	79,415698	-11,307249	2,019200
570,830570	299,847149	282,186479	79,259866	-11,305749	2,013316
570,927213	299,363935	281,767178	79,088224	-11,305845	2,006030
571,023790	298,881051	281,299898	78,855629	-11,305813	2,004251
571,120475	298,397625	280,859390	78,703472	-11,305430	1,999359
571,217015	297,914927	280,430615	78,552691	-11,305653	1,993212
571,313623	297,431886	280,030022	78,391371	-11,305558	1,983812
571,410297	296,948517	279,535100	78,186516	-11,306292	1,985130
571,506825	296,465875	279,107496	78,029325	-11,305685	1,978855
571,603474	295,982630	278,668699	77,854263	-11,305845	1,973788
571,700147	295,499263	278,217314	77,675995	-11,306068	1,970142
571,796670	295,016648	277,777438	77,543326	-11,305909	1,965270
571,893306	294,533469	277,330994	77,348335	-11,305143	1,961082
571,989986	294,050072	276,858736	77,175342	-11,305653	1,959812
572,086557	293,567214	276,450162	77,026179	-11,305430	1,951344
572,183115	293,084425	275,992119	76,841274	-11,305749	1,948523
572,279740	292,601301	275,511026	76,671035	-11,305909	1,948291
572,376372	292,118139	275,023111	76,468719	-11,306068	1,948833
572,473029	291,634854	274,606580	76,295502	-11,306068	1,941223
572,569574	291,152130	274,161893	76,128015	-11,305685	1,936887
572,666210	290,668948	273,714340	75,990542	-11,305558	1,932825
572,762865	290,185673	273,226072	75,786855	-11,305813	1,933394
572,859421	289,702896	272,797625	75,662672	-11,305685	1,927201
572,956112	289,219438	272,333565	75,464943	-11,305813	1,924990
573,052675	288,736623	271,894043	75,326784	-11,304313	1,920054
573,149294	288,253531	271,423072	75,143947	-11,305653	1,918672
573,245925	287,770376	270,981991	74,974170	-11,305781	1,913876
573,342574	287,287129	270,518746	74,809433	-11,306068	1,911596
573,439196	286,804020	270,091218	74,659131	-11,305717	1,905259
573,535747	286,321265	269,662452	74,479500	-11,305972	1,899105
573,632391	285,838046	269,247099	74,364711	-11,306323	1,891368
573,728967	285,355167	268,771424	74,157355	-11,305590	1,890547
573,825591	284,872046	268,331952	73,983909	-11,305526	1,885571
573,922297	284,388515	267,901708	73,829708	-11,305653	1,879496
574,018859	283,905707	267,460446	73,644345	-11,306228	1,874760
574,115517	283,422416	267,010722	73,453481	-11,305526	1,870933
574,212123	282,939383	266,550202	73,279801	-11,306004	1,868367
574,308628	282,456859	266,098210	73,121929	-11,305175	1,864886
574,405321	281,973394	265,698540	72,993614	-11,305462	1,855333
574,501883	281,490586	265,257335	72,829782	-11,305877	1,850591
574,598576	281,007119	264,810454	72,648534	-11,305334	1,846420
574,695190	280,524051	264,369315	72,487447	-11,306260	1,841640
574,791734	280,041332	263,926695	72,314215	-11,305494	1,837069
574,888390	279,558049	263,504508	72,180622	-11,301857	1,830104
574,985022	279,074890	263,063357	72,047258	-11,305845	1,825315
575,081550	278,592248	262,607430	71,863478	-11,305079	1,822269
575,178206	278,108969	262,132750	71,675570	-11,306068	1,821289
575,274880	277,625598	261,676641	71,535324	-11,305685	1,818181
575,371424	277,142879	261,207374	71,322889	-11,305462	1,816648
575,468005	276,659973	260,768356	71,208764	-11,305845	1,811644
575,564725	276,176376	260,307077	71,030698	-11,305909	1,809100
575,661283	275,693587	259,853645	70,851254	-11,306036	1,805753
575,757883	275,210586	259,437026	70,721538	-11,305941	1,798186
575,854547	274,727266	258,983425	70,552629	-11,308621	1,794798
575,951190	274,244049	258,524127	70,327336	-11,304728	1,792071
576,047718	273,761411	258,088575	70,221448	-11,305845	1,786703
576,144342	273,278291	257,622322	70,052758	-11,306355	1,784781
576,240921	272,795394	257,179119	69,930822	-11,305845	1,780255
576,337561	272,312196	256,766696	69,764187	-11,305717	1,772187
576,434225	271,828876	256,288483	69,608781	-11,305813	1,771605
576,530881	271,345596	255,824907	69,446265	-11,305749	1,769358
576,627446	270,862768	255,374341	69,269761	-11,306068	1,765681
576,724104	270,379480	254,912221	69,113884	-11,305015	1,763268
576,820662	269,896690	254,473648	68,984136	-11,305494	1,758227
576,917250	269,413750	253,999642	68,800972	-11,305366	1,757208
577,013915	268,930427	253,578457	68,681075	-11,305526	1,750125
577,110492	268,447538	253,170543	68,562322	-11,306100	1,741577
577,207114	267,964430	252,715946	68,373641	-11,306770	1,738327
577,303755	267,481227	252,261494	68,213842	-11,305909	1,735050
577,400335	266,998326	251,801798	68,079029	-11,305717	1,732404
577,497007	266,514964	251,390759	67,916928	-11,305558	1,724159
577,593630	266,031851	250,970270	67,767663	-11,305845	1,717020
577,690169	265,549153	250,499064	67,625730	-11,304601	1,715710
577,786778	265,066112	250,090608	67,509934	-11,305590	1,707207
577,883456	264,582718	249,634938	67,340476	-11,305558	1,704047
577,980031	264,099843	249,213897	67,218940	-11,305590	1,696998
578,076695	263,616524	248,737173	67,065525	-11,304856	1,696246
578,173285	263,133574	248,276545	66,967144	-11,306164	1,693701
578,269911	262,650447	247,824041	66,783906	-11,305717	1,690210
578,366470	262,167649	247,374031	66,617403	-11,305909	1,686472
578,463147	261,684264	246,898341	66,465343	-11,306100	1,685595
578,559723	261,201385	246,444161	66,303873	-11,305558	1,682324
578,656379	260,718103	245,995531	66,156389	-11,305717	1,678373
578,752937	260,235313	245,607433	66,049041	-11,305622	1,667578
578,849612	259,751941	245,134674	65,912329	-11,305653	1,666368
578,946151	259,269243	244,687675	65,715510	-11,306036	1,662299
579,042770	258,786152	244,236360	65,562958	-11,305334	1,658676
579,139459	258,302704	243,777200	65,422787	-11,305430	1,655907
579,235982	257,820088	243,334649	65,249574	-11,305845	1,651340
579,332650	257,336752	242,859790	65,099756	-11,305781	1,650374
579,429311	256,853443	242,439653	64,944883	-11,305622	1,643172
579,525844	256,370781	242,016149	64,823046	-11,305366	1,636428
579,622497	255,887517	241,557267	64,683764	-11,306132	1,633648
579,719157	255,404213	241,100888	64,535299	-11,305813	1,630579
579,815688	254,921559	240,674557	64,420102	-11,305302	1,624158
579,912348	254,438258	240,203411	64,257856	-11,305877	1,622773
580,008902	253,955489	239,753370	64,105470	-11,304441	1,619042
580,105573	253,472134	239,284637	63,955372	-11,305590	1,617375
580,202125	252,989375	238,859401	63,788283	-11,304983	1,610817
580,298797	252,506015	238,425372	63,683848	-11,306962	1,605193
580,395435	252,022823	237,956149	63,509399	-11,305207	1,603601
580,491994	251,540032	237,496972	63,358126	-11,309482	1,600909
580,588618	251,056910	237,054451	63,214421	-11,305334	1,596280
580,685261	250,573696	236,626708	63,061756	-11,304920	1,589957
580,781887	250,090565	236,158559	62,923317	-11,305813	1,588249
580,878446	249,607770	235,723350	62,771555	-11,305558	1,582824
580,975101	249,124493	235,264706	62,637007	-11,305653	1,580016
581,071709	248,641454	234,846805	62,487067	-11,305526	1,572590
581,168293	248,158533	234,396027	62,324030	-11,305845	1,568926
581,264971	247,675144	233,966415	62,220463	-11,305877	1,562795
581,361620	247,191902	233,502259	62,070961	-11,306068	1,560619
581,458227	246,708863	233,057856	61,932475	-11,305781	1,556215
581,554750	246,226250	232,642901	61,820854	-11,305430	1,548502
581,651437	245,742817	232,184885	61,671789	-11,305941	1,545604
581,747978	245,260112	231,735767	61,529608	-11,305558	1,541775
581,844620	244,776902	231,252542	61,377541	-11,305685	1,541777
581,941244	244,293778	230,799719	61,233505	-11,305366	1,538323
582,037901	243,810497	230,298357	61,092679	-11,305941	1,540384
582,134421	243,327896	229,890531	60,932775	-11,305622	1,531860
582,231110	242,844452	229,445516	60,806636	-11,305558	1,527479
582,327685	242,361577	228,977250	60,656825	-11,308238	1,525813
582,424328	241,878360	228,508429	60,511600	-11,305972	1,524172
582,520971	241,395143	228,071941	60,376708	-11,305717	1,518845
582,617580	240,912102	227,609827	60,259734	-11,305653	1,516459
582,714137	240,429317	227,138879	60,113567	-11,305749	1,515110
582,810745	239,946274	226,636367	59,938890	-11,308333	1,517329
582,907370	239,463151	226,183959	59,780060	-11,306196	1,513828
583,004012	238,979940	225,745922	59,666276	-11,305622	1,508678
583,100578	238,497109	225,283898	59,503060	-11,305717	1,506306
583,197252	238,013742	224,849039	59,399608	-11,305685	1,500776
583,293798	237,531011	224,396583	59,245340	-11,306451	1,497325
583,390430	237,047848	223,930551	59,108997	-11,305781	1,495372
583,487130	236,564349	223,489091	58,956089	-11,305590	1,490579
583,583675	236,081625	223,051120	58,841804	-11,305494	1,485478
583,680304	235,598481	222,616403	58,706126	-11,306004	1,479957
583,776943	235,115286	222,157677	58,551810	-11,305334	1,477167
583,873558	234,632208	221,722831	58,430144	-11,305972	1,471669
583,970115	234,149423	221,286263	58,299961	-11,305558	1,466400
584,066772	233,666139	220,829709	58,135495	-11,305462	1,463353
584,163427	233,182866	220,392540	58,022548	-11,305334	1,458097
584,260019	232,699904	219,952225	57,893720	-11,305781	1,453235
584,356560	232,217202	219,528697	57,774547	-11,305909	1,446490
584,453189	231,734057	219,058597	57,635350	-11,306004	1,445002
584,549831	231,250845	218,634238	57,515933	-11,305494	1,438293
584,646486	230,767570	218,212435	57,393747	-11,305175	1,431285
584,743026	230,284869	217,759001	57,253374	-11,305909	1,427949
584,839710	229,801449	217,346109	57,146822	-11,305685	1,419909
584,936247	229,318763	216,860736	56,993543	-11,305909	1,420215
585,032933	228,835337	216,466259	56,893652	-11,305781	1,410075
585,129478	228,352609	216,015203	56,747490	-11,307408	1,406464
585,226176	227,869120	215,578342	56,625948	-11,305717	1,401149
585,322734	227,386331	215,094619	56,459506	-11,305558	1,401255
585,419391	226,903047	214,631030	56,326435	-11,305813	1,399010
585,516016	226,419922	214,225132	56,233648	-11,306323	1,390206
585,612643	225,936785	213,740276	56,082140	-11,304250	1,390402
585,709277	225,453616	213,278415	55,965853	-11,305941	1,387973
585,805829	224,970855	212,848117	55,830214	-11,305175	1,381992
585,902504	224,487479	212,332170	55,648502	-11,305653	1,385705
585,999065	224,004675	211,880839	55,562592	-11,305781	1,382117
586,095722	223,521392	211,421606	55,422317	-11,305845	1,379376
586,192246	223,038770	210,925213	55,248398	-11,305717	1,380946
586,288884	222,555582	210,523915	55,162239	-11,305845	1,371610
586,385551	222,072244	210,040021	55,008109	-11,305653	1,371673
586,482124	221,589379	209,604135	54,879082	-11,305653	1,366318
586,578686	221,106570	209,149880	54,756498	-11,305558	1,363063
586,675329	220,623354	208,707952	54,629296	-11,305494	1,358356
586,771919	220,140403	208,271692	54,533889	-11,305685	1,353033
586,868586	219,657068	207,819916	54,384315	-11,305207	1,349435
586,965193	219,174035	207,384758	54,290969	-11,305558	1,343978
587,062121	218,689395	206,904323	54,178486	-11,305398	1,343498
587,158715	218,206426	206,438363	54,053548	-11,305494	1,341559
587,255347	217,723266	206,017364	53,893328	-11,306196	1,334473
587,351937	217,240315	205,563464	53,773903	-11,305334	1,331161
587,448486	216,757568	205,084513	53,637868	-11,306866	1,330728
587,545167	216,274167	204,630051	53,518194	-11,305430	1,327429
587,641777	215,791113	204,189366	53,391132	-11,304983	1,322599
587,738424	215,307882	203,754123	53,298424	-11,305590	1,317129
587,835031	214,824844	203,270716	53,168117	-11,305909	1,317171
587,931584	214,342082	202,819673	53,033878	-11,307568	1,313555
588,028227	213,858867	202,397667	52,924773	-11,305813	1,306577
588,124874	213,375628	201,955849	52,827886	-11,304664	1,301855
588,221433	212,892834	201,511853	52,680700	-11,306260	1,297432
588,318072	212,409638	201,039223	52,541576	-11,305749	1,296227
588,414690	211,926549	200,583719	52,422285	-11,306611	1,293083
588,511310	211,443451	200,135812	52,291677	-11,305590	1,289071
588,607977	210,960114	199,690258	52,185291	-11,306196	1,284764
588,704485	210,477575	199,260172	52,065743	-11,305717	1,278784
588,801107	209,994463	198,791195	51,946647	-11,306164	1,277173
588,897764	209,511182	198,363439	51,794533	-11,305334	1,270843
588,994326	209,028369	197,955928	51,731975	-11,306260	1,262258
589,090951	208,545246	197,518347	51,632708	-11,305813	1,257066
589,187575	208,062125	197,034954	51,484258	-11,305590	1,257097
589,284248	207,578760	196,586354	51,360038	-11,305175	1,253134
589,380805	207,095975	196,121034	51,233730	-11,305653	1,251143
589,477452	206,612741	195,646627	51,128196	-11,305909	1,250137
589,574109	206,129453	195,165517	50,979005	-11,305749	1,249889
589,670617	205,646915	194,753084	50,867679	-11,305366	1,241897
589,767256	205,163718	194,276464	50,761427	-11,305526	1,241147
589,863899	204,680507	193,831791	50,628139	-11,305334	1,236754
589,960462	204,197690	193,404994	50,517019	-11,305590	1,230367
590,057184	203,714078	192,903745	50,395262	-11,306196	1,232378
590,153696	203,231521	192,451148	50,292673	-11,306292	1,228963
590,250321	202,748396	192,033611	50,191927	-11,303037	1,221486
590,346986	202,265068	191,556411	50,039638	-11,305717	1,220787
590,443619	201,781906	191,086832	49,884098	-11,305494	1,219238
590,540242	201,298790	190,632990	49,782399	-11,305749	1,215901
590,636801	200,815995	190,161956	49,662893	-11,305590	1,214560
590,733476	200,332622	189,718831	49,556324	-11,307249	1,209972
590,830101	199,849496	189,289300	49,461538	-11,305175	1,203862
590,926628	199,366859	188,845683	49,314491	-11,304345	1,199414
591,023284	198,883579	188,395377	49,211596	-11,305717	1,195655
591,119941	198,400295	187,930509	49,113318	-11,305366	1,193556
591,216493	197,917536	187,514319	48,991676	-11,305430	1,185967
591,313059	197,434705	187,074262	48,872568	-11,306164	1,181091
591,409776	196,951120	186,636589	48,759926	-11,305717	1,175857
591,506358	196,468211	186,186504	48,687525	-11,305334	1,172114
591,603018	195,984910	185,737374	48,568391	-11,305653	1,168219
591,699608	195,501958	185,283949	48,425648	-11,304952	1,164853
591,796136	195,019320	184,845561	48,334026	-11,306164	1,159809
591,892767	194,536166	184,371378	48,182929	-11,305558	1,158786
591,989402	194,052988	183,920109	48,077868	-11,306068	1,155148
592,086084	193,569578	183,448800	47,965394	-11,305558	1,153769
592,182710	193,086448	183,017348	47,848744	-11,306706	1,147877
592,279286	192,603569	182,579222	47,756158	-11,305590	1,142776
592,375826	192,120872	182,109127	47,625601	-11,305366	1,141339
592,472493	191,637536	181,631406	47,497810	-11,305941	1,140699
592,569119	191,154406	181,229099	47,407052	-11,302654	1,131485
592,665782	190,671091	180,733982	47,312815	-11,306738	1,132831
592,762343	190,188283	180,317141	47,197731	-11,306036	1,125310
592,858969	189,705155	179,857364	47,073141	-11,305909	1,122648
592,955594	189,222031	179,414781	46,942055	-11,305972	1,118027
593,052233	188,738836	178,946207	46,824854	-11,300517	1,116360
593,148769	188,256157	178,505803	46,741001	-11,305972	1,111540
593,245442	187,772792	178,063984	46,645327	-11,305845	1,106804
593,342000	187,290002	177,606916	46,497054	-11,306164	1,103872
593,438642	186,806788	177,117905	46,399277	-11,305430	1,104533
593,535291	186,323543	176,706677	46,281333	-11,303292	1,096323
593,631813	185,840937	176,205071	46,189798	-11,305749	1,098489
593,728469	185,357656	175,769320	46,069517	-11,305462	1,093070
593,825121	184,874396	175,320474	46,012038	-11,306355	1,089147
593,921688	184,391559	174,874993	45,865548	-11,305111	1,084889
594,018352	183,908242	174,430968	45,743383	-11,305972	1,080409
594,114997	183,425014	173,996507	45,667807	-11,305813	1,074850
594,211518	182,942409	173,538230	45,533566	-11,305717	1,072076
594,308141	182,459296	173,100964	45,448703	-11,305366	1,066850
594,404755	181,976226	172,670879	45,330904	-11,305685	1,060810
594,501411	181,492943	172,170738	45,203355	-11,305622	1,062731
594,598050	181,009748	171,742147	45,116614	-11,305558	1,056506
594,694575	180,527126	171,306913	45,042856	-11,305717	1,051104
594,791249	180,043756	170,814752	44,915045	-11,305526	1,052107
594,887829	179,560853	170,387691	44,812277	-11,305813	1,045740
594,984520	179,077400	169,937312	44,700684	-11,305494	1,041970
595,081110	178,594450	169,502458	44,607412	-11,305462	1,036487
595,177631	178,111845	169,046437	44,467026	-11,305813	1,033457
595,274257	177,628714	168,583072	44,380235	-11,305430	1,031203
595,370935	177,145324	168,121896	44,282993	-11,306515	1,028671
595,467578	176,662108	167,693870	44,180174	-11,305430	1,022379
595,564117	176,179414	167,265170	44,082220	-11,305909	1,016224
595,660774	175,696128	166,768881	43,954080	-11,305653	1,017706
595,757439	175,212804	166,352413	43,882343	-11,305813	1,010085
595,853988	174,730059	165,903844	43,790403	-11,303643	1,006189
595,950617	174,246916	165,440801	43,685220	-11,305845	1,003897
596,047233	173,763833	164,988283	43,576313	-11,305207	1,000413
596,143867	173,280666	164,543432	43,482724	-11,305334	0,996045
596,240416	172,797920	164,083876	43,383554	-11,306004	0,993401
596,337065	172,314675	163,591063	43,272762	-11,305845	0,994492
596,433676	171,831618	163,139710	43,140123	-11,305207	0,990877
596,530271	171,348645	162,703637	43,085995	-11,305717	0,985531
596,626879	170,865606	162,267379	42,974479	-11,305877	0,980198
596,723531	170,382346	161,802396	42,846920	-11,305271	0,978114
596,820105	169,899476	161,366010	42,732360	-11,305941	0,972815
596,916776	169,416120	160,908043	42,647305	-11,305526	0,969921
597,013407	168,932964	160,500775	42,555039	-11,305462	0,961270
597,109923	168,450387	160,043163	42,475318	-11,305494	0,958424
597,206630	167,966851	159,571117	42,315394	-11,305526	0,957114
597,303189	167,484055	159,135260	42,250535	-11,306004	0,951763
597,399809	167,000953	158,668100	42,138709	-11,305909	0,949945
597,496434	166,517831	158,233793	42,036405	-11,305909	0,944380
597,593090	166,034549	157,810000	41,950371	-11,305685	0,937599
597,689681	165,551597	157,347791	41,811772	-11,306164	0,935234
597,786359	165,068207	156,932908	41,777818	-11,305526	0,927424
597,882892	164,585538	156,477246	41,665714	-11,305462	0,924345
597,979535	164,102327	156,000053	41,548948	-11,305909	0,923659
598,076090	163,619550	155,553794	41,474742	-11,306547	0,919496
598,172746	163,136268	155,104047	41,377034	-11,304377	0,915673
598,269344	162,653280	154,675253	41,286996	-11,305430	0,909495
598,365950	162,170248	154,233714	41,179966	-11,305972	0,904765
598,462625	161,686876	153,763310	41,080371	-11,306036	0,903287
598,559225	161,203874	153,292750	40,956565	-11,305366	0,901868
598,655798	160,721008	152,879182	40,893261	-11,306004	0,893968
598,752460	160,237698	152,451929	40,811797	-11,305877	0,887578
598,849004	159,754981	151,946999	40,671202	-11,305685	0,890110
598,945692	159,271541	151,512555	40,617194	-11,305302	0,884524
599,042313	158,788434	151,019896	40,525002	-11,306260	0,885613
599,138892	158,305541	150,558842	40,414175	-11,305430	0,883124
599,235551	157,822245	150,106638	40,348280	-11,306004	0,879579
599,332094	157,339530	149,636048	40,240463	-11,305143	0,878197
599,428733	156,856335	149,204615	40,134500	-11,305781	0,872296
599,525376	156,373121	148,730651	40,001975	-11,306611	0,871242
599,621951	155,890243	148,316425	39,939084	-11,305909	0,863415
599,718610	155,406952	147,835541	39,847769	-11,305877	0,863141
599,815153	154,924236	147,394030	39,751322	-11,305813	0,858443
599,911817	154,440915	146,957336	39,698202	-11,305175	0,853128
600,008441	153,957793	146,471062	39,591490	-11,305845	0,853487
600,105000	153,475001	146,018468	39,488496	-11,305653	0,850045
600,201612	152,991941	145,580623	39,364518	-11,305558	0,844890
600,298244	152,508779	145,110722	39,249384	-11,305749	0,843379
600,394950	152,025250	144,669278	39,200903	-11,306068	0,838581
600,491511	151,542445	144,252966	39,082022	-11,305590	0,831001
600,588101	151,059495	143,775795	38,966393	-11,305494	0,830342
600,684691	150,576544	143,353989	38,894584	-11,305622	0,823371
600,781404	150,092980	142,923296	38,819041	-11,305622	0,817344
600,877953	149,610237	142,470975	38,720641	-11,304983	0,813876
600,974619	149,126904	142,065481	38,663742	-11,307121	0,805002
601,071175	148,644124	141,602493	38,537341	-11,305526	0,802746
601,167821	148,160897	141,158482	38,458975	-11,305972	0,798275
601,264371	147,678145	140,709380	38,384801	-11,305941	0,794439
601,361071	147,194646	140,267451	38,269567	-11,305717	0,789700
601,457620	146,711900	139,818547	38,174151	-11,306132	0,785842
601,554269	146,228656	139,359375	38,066594	-11,305622	0,783098
601,650921	145,745394	138,955448	38,013862	-11,305685	0,774054
601,747498	145,262512	138,484226	37,886454	-11,305398	0,772725
601,844154	144,779228	138,041381	37,806642	-11,305398	0,768115
601,940668	144,296658	137,611824	37,721222	-11,305494	0,762071
602,037360	143,813198	137,131983	37,607319	-11,305845	0,761658
602,134016	143,329920	136,688978	37,522351	-11,305590	0,757067
602,230521	142,847394	136,276196	37,432707	-11,305845	0,749117
602,327171	142,364145	135,770108	37,301730	-11,305653	0,751720
602,423801	141,880994	135,360584	37,252464	-11,305622	0,743327
602,520436	141,397820	134,924108	37,165134	-11,305781	0,738003
602,617079	140,914604	134,488204	37,072191	-11,306100	0,732610
602,713619	140,431907	134,012918	36,966162	-11,305909	0,731765
602,810303	139,948483	133,565480	36,930194	-11,306547	0,727662
602,906858	139,465709	133,106876	36,800792	-11,306196	0,724907
603,003469	138,982657	132,672577	36,733983	-11,305685	0,719349
603,100115	138,499426	132,189074	36,629323	-11,305015	0,719380
603,196664	138,016679	131,756167	36,548485	-11,305877	0,713698
603,293325	137,533377	131,337915	36,466940	-11,306706	0,706283
603,389999	137,050004	130,893951	36,400812	-11,305047	0,701790
603,486508	136,567461	130,428986	36,272750	-11,305972	0,699786
603,583150	136,084251	129,974226	36,180433	-11,305334	0,696543
603,679747	135,601267	129,507391	36,092783	-11,305334	0,694702
603,776451	135,117746	129,049820	36,004892	-11,305909	0,691744
603,872992	134,635040	128,604786	35,907877	-11,305749	0,687449
603,969617	134,151913	128,140656	35,808515	-11,305366	0,685283
604,066292	133,668540	127,706625	35,739307	-11,305207	0,679658
604,162875	133,185626	127,283005	35,674303	-11,305334	0,672899
604,259426	132,702872	126,840994	35,595733	-11,305909	0,668254
604,356118	132,219412	126,387863	35,502189	-11,305781	0,664797
604,452658	131,736709	125,929234	35,405830	-11,305526	0,662052
604,549297	131,253517	125,470259	35,326772	-11,306004	0,659291
604,645922	130,770391	125,044844	35,241392	-11,305845	0,652712
604,742578	130,287108	124,636835	35,163492	-11,305015	0,644131
604,839176	129,804122	124,193161	35,083480	-11,305909	0,639650
604,935777	129,321116	123,729039	35,020309	-11,306068	0,637497
605,032402	128,837991	123,268779	34,930459	-11,305685	0,634890
605,128974	128,355128	122,855352	34,866811	-11,303899	0,626974
605,225595	127,872024	122,393225	34,812520	-11,305430	0,624583
605,322205	127,388973	121,983510	34,716100	-11,305526	0,616223
605,418895	126,905527	121,536786	34,629969	-11,305845	0,612036
605,515411	126,422943	121,075248	34,520190	-11,305366	0,609637
605,612074	125,939630	120,603572	34,423509	-11,305207	0,608311
605,708682	125,456590	120,188921	34,359363	-11,305813	0,600514
605,805349	124,973257	119,747095	34,284676	-11,305653	0,595782
605,901872	124,490639	119,334283	34,230121	-11,305781	0,587825
605,998499	124,007506	118,858426	34,111168	-11,305271	0,586995
606,095110	123,524451	118,375946	34,030141	-11,304983	0,586930
606,191826	123,040870	117,928533	33,942551	-11,306100	0,582806
606,288416	122,557919	117,484728	33,847457	-11,305845	0,578344
606,384980	122,075098	117,055935	33,791240	-11,305813	0,572185
606,481557	121,592216	116,600953	33,700116	-11,305717	0,569004
606,578253	121,108737	116,166564	33,600081	-11,306068	0,563408
606,674803	120,625987	115,737866	33,566812	-11,305909	0,557246
606,771414	120,142929	115,282303	33,469811	-11,305590	0,554111
606,868106	119,659470	114,833600	33,374207	-11,306260	0,550149
606,964675	119,176623	114,403141	33,307185	-11,305717	0,544177
607,061280	118,693602	113,929340	33,191175	-11,306292	0,543126
607,157921	118,210395	113,506073	33,133518	-11,305717	0,536293
607,254473	117,727637	113,113330	33,092968	-11,305366	0,526031
607,351129	117,244354	112,648934	32,979983	-11,305653	0,523878
607,447723	116,761383	112,204854	32,918094	-11,305941	0,519444
607,544331	116,278347	111,775737	32,845885	-11,305462	0,513298
607,640986	115,795068	111,317725	32,767576	-11,305430	0,510417
607,737527	115,312363	110,893462	32,669798	-11,305462	0,503755
607,834230	114,828850	110,451677	32,584205	-11,304824	0,498998
607,930881	114,345596	110,014406	32,520886	-11,307217	0,493756
608,027422	113,862891	109,608761	32,468352	-11,305877	0,484971
608,124028	113,379860	109,132767	32,350140	-11,305271	0,484169
608,220720	112,896398	108,699522	32,301584	-11,305590	0,478444
608,317296	112,413522	108,248778	32,222531	-11,305941	0,474781
608,413946	111,930269	107,845611	32,178896	-11,309259	0,465651
608,510488	111,447562	107,349937	32,046574	-11,305653	0,467129
608,607088	110,964561	106,921278	31,976653	-11,305717	0,460934
608,703767	110,481165	106,496651	31,900391	-11,306196	0,454235
608,800372	109,998138	106,064024	31,843367	-11,305015	0,448489
608,897012	109,514942	105,653004	31,806288	-11,306068	0,440261
608,993556	109,032219	105,148430	31,681430	-11,305558	0,442752
609,090273	108,548637	104,720039	31,641059	-11,305366	0,436460
609,186813	108,065935	104,254535	31,543882	-11,306196	0,434500
609,283487	107,582563	103,800696	31,442469	-11,305271	0,431133
609,380096	107,099520	103,409563	31,389881	-11,305813	0,420655
609,476622	106,616889	102,933748	31,279532	-11,305622	0,419878
609,573264	106,133679	102,536090	31,256756	-11,305558	0,410125
609,669939	105,650307	102,054480	31,187017	-11,305398	0,409924
609,766497	105,167514	101,640609	31,122440	-11,305909	0,402067
609,863172	104,684138	101,215515	31,034374	-11,305558	0,395423
609,959688	104,201560	100,752672	30,947474	-11,305717	0,393173
610,056396	103,718021	100,360283	30,909424	-11,305558	0,382782
610,152914	103,235428	99,869034	30,795031	-11,305526	0,383769
610,249587	102,752064	99,474733	30,725732	-11,304154	0,373616
610,346239	102,268807	99,021261	30,649614	-11,306004	0,370220
610,442789	101,786056	98,557052	30,549761	-11,304569	0,368107
610,539445	101,302776	98,145706	30,506292	-11,305685	0,359906
610,636070	100,819648	97,694581	30,397730	-11,305813	0,356258
610,732628	100,336858	97,283164	30,350495	-11,308333	0,348121
610,829255	99,853727	96,837967	30,265655	-11,305590	0,343797
610,925904	99,370482	96,384107	30,190444	-11,305430	0,340447
611,022554	98,887229	95,970620	30,114288	-11,306451	0,332493
611,119129	98,404356	95,549379	30,065865	-11,305366	0,325467
611,215692	97,921539	95,128671	30,038832	-11,303612	0,318387
611,312367	97,438165	94,675823	29,912589	-11,305909	0,314907
611,408908	96,955462	94,237550	29,828419	-11,305526	0,309842
611,505570	96,472150	93,796133	29,744713	-11,305781	0,305066
611,602230	95,988848	93,397795	29,698154	-11,306196	0,295380
611,698813	95,505933	92,954450	29,623844	-11,306004	0,290869
611,795359	95,023204	92,551411	29,530948	-11,305430	0,281784
611,891995	94,540024	92,167739	29,491671	-11,305462	0,270440
611,988665	94,056675	91,729651	29,439456	-11,305845	0,265281
612,085470	93,572652	91,289792	29,377830	-11,305845	0,260246
612,182129	93,089354	90,853446	29,292441	-11,305430	0,254893
612,278788	92,606062	90,447030	29,223984	-11,305941	0,246130
612,375308	92,123461	89,998633	29,126583	-11,305972	0,242230
612,472029	91,639853	89,539508	29,026115	-11,305717	0,239439
612,568578	91,157108	89,158064	28,990584	-11,305526	0,227891
612,665186	90,674071	88,763577	28,952463	-11,305749	0,217796
612,761846	90,190772	88,336537	28,889161	-11,305526	0,211383
612,858473	89,707637	87,923552	28,818089	-11,305302	0,203386
612,955084	89,224582	87,555374	28,753602	-11,306036	0,190290
613,051620	88,741898	87,103924	28,691229	-11,303292	0,186729
613,148286	88,258568	86,671805	28,634973	-11,305781	0,180891
613,244947	87,775264	86,236292	28,516802	-11,305143	0,175443
613,341452	87,292742	85,782704	28,446411	-11,305653	0,172144
613,438129	86,809354	85,390643	28,440761	-11,305877	0,161733
613,534709	86,326455	84,944485	28,362830	-11,305015	0,157545
613,631397	85,843016	84,544472	28,300435	-11,306483	0,148034
613,728029	85,359855	84,129358	28,228381	-11,306004	0,140277
613,824559	84,877207	83,708318	28,164329	-11,306036	0,133253
613,921212	84,393941	83,311388	28,111813	-11,305717	0,123411
614,017771	83,911145	82,909903	28,051287	-11,305941	0,114142
614,114431	83,427844	82,455029	27,972621	-11,305622	0,110901
614,211092	82,944539	82,036641	27,890416	-11,306770	0,103500
614,307629	82,461853	81,629971	27,871101	-11,305430	0,094835
614,404270	81,978652	81,225848	27,796898	-11,305494	0,085820
614,500916	81,495420	80,788514	27,724338	-11,307472	0,080587
614,597456	81,012718	80,414462	27,705256	-11,305941	0,068201
614,694122	80,529392	80,004905	27,621381	-11,306068	0,059792
614,790777	80,046115	79,577950	27,542448	-11,305972	0,053371
614,887332	79,563339	79,173930	27,491786	-11,305366	0,044393
614,984004	79,079981	78,764884	27,418499	-11,305685	0,035921
615,080544	78,597280	78,388392	27,385035	-11,305047	0,023813
615,177205	78,113974	77,987163	27,296893	-11,305526	0,014456
615,273829	77,630856	77,610462	27,243155	-11,305685	0,002325
615,370134	77,149331	77,177862	27,187058	-11,303771	0,000000
615,464998	76,675009	76,814467	27,141329	-11,305526	0,000000
615,559747	76,201265	76,395170	27,064718	-11,305717	0,000000
615,654495	75,727526	76,023994	27,023935	-11,305781	0,000000
615,749322	75,253392	75,653278	26,964526	-11,304952	0,000000
615,844163	74,779184	75,295395	26,879649	-11,306547	0,000000
615,938944	74,305278	74,901310	26,787221	-11,306387	0,000000
616,033723	73,831387	74,524637	26,751379	-11,305366	0,000000
616,128500	73,357501	74,185537	26,710112	-11,305526	0,000000
616,223267	72,883664	73,812524	26,688181	-11,305590	0,000000
616,318113	72,409433	73,418883	26,572624	-11,305558	0,000000
616,412893	71,935534	73,062354	26,548567	-11,305558	0,000000
616,507712	71,461438	72,698715	26,471442	-11,305685	0,000000
616,602494	70,987531	72,360731	26,407520	-11,305462	0,000000
616,697234	70,513832	71,971179	26,368363	-11,306004	0,000000
616,792082	70,039591	71,608197	26,274946	-11,306036	0,000000
616,886829	69,565855	71,300431	26,253242	-11,307919	0,000000
616,981676	69,091620	70,920694	26,221629	-11,305877	0,000000
617,076387	68,618065	70,614968	26,162175	-11,305781	0,000000
617,171241	68,143795	70,250327	26,107909	-11,305271	0,000000
617,265997	67,670017	69,875125	26,062134	-11,306196	0,000000
617,360840	67,195798	69,552852	25,990873	-11,305749	0,000000
617,455547	66,722263	69,180820	25,940610	-11,305877	0,000000
617,550435	66,247826	68,815643	25,873588	-11,305749	0,000000
617,645191	65,774045	68,506154	25,847156	-11,305877	0,000000
617,739929	65,300355	68,131075	25,755819	-11,305558	0,000000
617,834693	64,826535	67,821087	25,722539	-11,305462	0,000000
617,929570	64,352152	67,506265	25,669430	-11,306100	0,000000
618,024336	63,878322	67,144870	25,590825	-11,305749	0,000000
618,119182	63,404088	66,836883	25,537238	-11,305813	0,000000
618,213988	62,930059	66,496764	25,494508	-11,305622	0,000000
618,308749	62,456254	66,163500	25,443513	-11,305781	0,000000
618,403490	61,982550	65,845348	25,394877	-11,305781	0,000000
618,498319	61,508407	65,509735	25,323099	-11,305622	0,000000
618,593148	61,034261	65,182581	25,249664	-11,305430	0,000000
618,687896	60,560522	64,884539	25,225578	-11,304952	0,000000
618,782676	60,086622	64,562606	25,167014	-11,306036	0,000000
618,877435	59,612824	64,274608	25,130409	-11,305590	0,000000
618,972210	59,138952	63,994389	25,091914	-11,307504	0,000000
619,067056	58,664718	63,674896	25,079397	-11,305558	0,000000
619,161787	58,191064	63,341598	25,000513	-11,305749	0,000000
619,256589	57,717053	63,049129	24,975241	-11,304569	0,000000
619,351437	57,242814	62,703363	24,870129	-11,305941	0,000000
619,446202	56,768989	62,429661	24,825247	-11,306004	0,000000
619,540948	56,295261	62,140316	24,792411	-11,305845	0,000000
619,635829	55,820856	61,823610	24,713742	-11,305175	0,000000
619,730609	55,346957	61,542241	24,670271	-11,305239	0,000000
619,825344	54,873281	61,301734	24,662947	-11,305494	0,000000
619,920224	54,398880	60,992740	24,586631	-11,305398	0,000000
620,014970	53,925150	60,688534	24,528741	-11,305941	0,000000
620,109733	53,451333	60,419911	24,468249	-11,305302	0,000000
620,204481	52,977596	60,128736	24,425241	-11,304792	0,000000
620,299272	52,503641	59,806494	24,333074	-11,306132	0,000000
620,394141	52,029293	59,557773	24,337801	-11,305558	0,000000
620,488905	51,555476	59,270401	24,287225	-11,305526	0,000000
620,583701	51,081493	59,044616	24,264535	-11,305494	0,000000
620,678548	50,607259	58,722683	24,201192	-11,306004	0,000000
620,773269	50,133654	58,460044	24,167156	-11,302495	0,000000
620,868100	49,659502	58,142166	24,101443	-11,305781	0,000000
620,962927	49,185366	57,888659	24,064330	-11,305685	0,000000
621,057659	48,711705	57,620165	24,037145	-11,309163	0,000000
621,152424	48,237881	57,349565	23,979699	-11,305430	0,000000
621,247277	47,763615	57,073176	23,907355	-11,305622	0,000000
621,342055	47,289723	56,858896	23,916575	-11,305781	0,000000
621,436799	46,816004	56,576454	23,848247	-11,306004	0,000000
621,531608	46,341960	56,307555	23,772584	-11,305749	0,000000
621,626371	45,868147	56,050363	23,724583	-11,305430	0,000000
621,721259	45,393706	55,799584	23,684619	-11,305717	0,000000
621,815956	44,920218	55,587006	23,651986	-11,306100	0,000000
621,910829	44,445854	55,344919	23,613912	-11,305271	0,000000
622,005592	43,972042	55,078609	23,589790	-11,306068	0,000000
622,100339	43,498303	54,833460	23,552660	-11,305781	0,000000
622,195118	43,024412	54,581363	23,488093	-11,305334	0,000000
622,289995	42,550026	54,321394	23,436058	-11,305494	0,000000
622,384744	42,076279	54,091584	23,419501	-11,305079	0,000000
622,479500	41,602502	53,836844	23,360604	-11,305430	0,000000
622,574346	41,128271	53,612735	23,329380	-11,305685	0,000000
622,669150	40,654251	53,346624	23,272133	-11,305622	0,000000
622,763897	40,180517	53,148743	23,215594	-11,306164	0,000000
622,858725	39,706373	52,918544	23,219142	-11,309514	0,000000
622,953506	39,232472	52,657860	23,151244	-11,305622	0,000000
623,048320	38,758398	52,446513	23,121670	-11,305653	0,000000
623,143081	38,284595	52,176522	23,057788	-11,304058	0,000000
623,237902	37,810488	51,970651	23,006207	-11,305526	0,000000
623,332683	37,336584	51,750904	23,018038	-11,304952	0,000000
623,427449	36,862754	51,517043	22,960302	-11,305877	0,000000
623,522246	36,388771	51,318706	22,935693	-11,307472	0,000000
623,617022	35,914891	51,111569	22,925754	-11,305749	0,000000
623,711789	35,441056	50,874377	22,854051	-11,305717	0,000000
623,806657	34,966713	50,635762	22,814293	-11,305430	0,000000
623,901452	34,492741	50,407969	22,789681	-11,305302	0,000000
623,996211	34,018945	50,203249	22,736193	-11,305653	0,000000
624,090989	33,545054	50,020919	22,709449	-11,305877	0,000000
624,185769	33,071155	49,798348	22,661165	-11,305813	0,000000
624,280623	32,596887	49,584065	22,629448	-11,306100	0,000000
624,375346	32,123268	49,362121	22,577610	-11,305366	0,000000
624,470181	31,649094	49,197028	22,560094	-11,305845	0,000000
624,564922	31,175391	48,962305	22,501388	-11,305685	0,000000
624,659792	30,701042	48,759001	22,460434	-11,308780	0,000000
624,754513	30,227436	48,550809	22,437944	-11,305813	0,000000
624,849355	29,753227	48,383308	22,409061	-11,305558	0,000000
624,944092	29,279542	48,173904	22,377100	-11,304186	0,000000
625,038975	28,805126	48,020707	22,368814	-11,306260	0,000000
625,133708	28,331462	47,789259	22,307020	-11,305781	0,000000
625,228557	27,857213	47,596664	22,267243	-11,305622	0,000000
625,323284	27,383578	47,400106	22,222255	-11,305685	0,000000
625,418052	26,909741	47,198657	22,165426	-11,305749	0,000000
625,512846	26,435772	46,972628	22,137721	-11,305685	0,000000
625,607636	25,961818	46,795668	22,103621	-11,305781	0,000000
625,702480	25,487600	46,577679	22,051285	-11,305717	0,000000
625,797225	25,013874	46,413411	22,008420	-11,305526	0,000000
625,892034	24,539830	46,222937	21,983553	-11,306004	0,000000
625,986829	24,065854	46,024554	22,011499	-11,305590	0,000000
626,081584	23,592081	45,808060	21,924106	-11,305972	0,000000
626,176426	23,117870	45,652274	21,931449	-11,305845	0,000000
626,271238	22,643810	45,467253	21,888816	-11,305366	0,000000
626,365960	22,170202	45,291481	21,861341	-11,305909	0,000000
626,460841	21,695796	45,136328	21,875315	-11,303899	0,000000
626,555583	21,222084	44,942650	21,820837	-11,305909	0,000000
626,650380	20,748098	44,764950	21,771568	-11,306036	0,000000
626,745178	20,274108	44,587689	21,731298	-11,303931	0,000000
626,839952	19,800241	44,376058	21,689132	-11,305622	0,000000
626,934713	19,326433	44,244698	21,693633	-11,304664	0,000000
627,029560	18,852200	44,094291	21,657151	-11,305909	0,000000
627,124382	18,378090	43,874681	21,561202	-11,305366	0,000000
627,219105	17,904477	43,709833	21,559307	-11,305334	0,000000
627,313952	17,430241	43,543569	21,529692	-11,305079	0,000000
627,408679	16,956607	43,380534	21,498180	-11,305590	0,000000
627,503541	16,482293	43,228396	21,452925	-11,305398	0,000000
627,598265	16,008677	43,063693	21,458374	-11,305462	0,000000
627,693118	15,534411	42,907797	21,428046	-11,305749	0,000000
627,787898	15,060511	42,708192	21,357907	-11,306036	0,000000
627,882646	14,586768	42,536214	21,352694	-11,305366	0,000000
627,977528	14,112360	42,401402	21,326154	-11,305462	0,000000
628,072270	13,638648	42,229844	21,293451	-11,305813	0,000000
628,167069	13,164657	42,032220	21,237524	-11,305239	0,000000
628,261883	12,690585	41,880841	21,196524	-11,305941	0,000000
628,356613	12,216937	41,751305	21,187282	-11,306132	0,000000
628,451377	11,743117	41,604774	21,194392	-11,305494	0,000000
628,546231	11,268846	41,422400	21,136563	-11,307312	0,000000
628,640964	10,795181	41,268848	21,093901	-11,306004	0,000000
628,735806	10,320970	41,076415	21,043890	-11,305749	0,000000
628,830663	10,000000	40,948187	21,043178	-11,305207	0,000000
628,925375	10,000000	40,806677	20,985580	-11,304983	0,000000
629,020131	10,000000	40,693549	21,000513	-11,305558	0,000000
629,114989	10,000000	40,549680	20,978231	-11,305494	0,000000
629,209788	10,000000	40,402766	20,977520	-11,305334	0,000000
629,304592	10,000000	40,256765	20,932719	-11,305494	0,000000
629,399388	10,000000	40,056943	20,914703	-11,306323	0,000000
629,494153	10,000000	39,962843	20,906643	-11,305653	0,000000
629,588923	10,000000	39,790461	20,874403	-11,305462	0,000000
629,683769	10,000000	39,651604	20,880330	-11,305877	0,000000
629,778543	10,000000	39,463795	20,808973	-11,305685	0,000000
629,873290	10,000000	39,357993	20,814662	-11,305781	0,000000
629,968138	10,000000	39,200903	20,758238	-11,305909	0,000000
630,062848	10,000000	39,065238	20,732632	-11,305717	0,000000
630,157696	10,000000	38,902978	20,700150	-11,305558	0,000000
630,252477	10,000000	38,807849	20,714613	-11,305526	0,000000
630,347288	10,000000	38,682864	20,724097	-11,307855	0,000000
630,442026	10,000000	38,514485	20,672884	-11,305685	0,000000
630,536800	10,000000	38,393199	20,698017	-11,305845	0,000000
630,631688	10,000000	38,264901	20,648225	-11,306993	0,000000
630,726407	10,000000	38,115124	20,609339	-11,305909	0,000000
630,821254	10,000000	37,948526	20,560018	-11,305622	0,000000
630,915993	10,000000	37,849116	20,537254	-11,305622	0,000000
631,010756	10,000000	37,721222	20,526820	-11,305462	0,000000
631,105554	10,000000	37,568104	20,474650	-11,306387	0,000000
631,200401	10,000000	37,418233	20,463030	-11,305685	0,000000
631,295137	10,000000	37,293792	20,412754	-11,305845	0,000000
631,390002	10,000000	37,185449	20,413703	-11,305494	0,000000
631,484748	10,000000	37,039730	20,353939	-11,305430	0,000000
631,579493	10,000000	36,927391	20,304607	-11,305909	0,000000
631,674327	10,000000	36,787945	20,285633	-11,305813	0,000000
631,769104	10,000000	36,685392	20,280889	-11,306132	0,000000
631,863917	10,000000	36,551756	20,257882	-11,305334	0,000000
631,958655	10,000000	36,438199	20,230843	-11,305972	0,000000
632,053517	10,000000	36,338185	20,246023	-11,305207	0,000000
632,148297	10,000000	36,179965	20,192655	-11,306164	0,000000
632,243046	10,000000	36,075018	20,194315	-11,305685	0,000000
632,337908	10,000000	35,944580	20,173204	-11,305143	0,000000
632,432696	10,000000	35,822075	20,137386	-11,303037	0,000000
632,527442	10,000000	35,716392	20,152567	-11,306579	0,000000
632,622272	10,000000	35,609763	20,117935	-11,305813	0,000000
632,717062	10,000000	35,491664	20,104888	-11,303324	0,000000
632,811856	10,000000	35,355542	20,077371	-11,305622	0,000000
632,906620	10,000000	35,274375	20,081166	-11,305877	0,000000
633,001383	10,000000	35,115767	20,014980	-11,305526	0,000000
633,096278	10,000000	35,038091	19,971328	-11,305781	0,000000
633,190985	10,000000	34,882022	19,943096	-11,305590	0,000000
633,285765	10,000000	34,783969	19,924827	-11,305653	0,000000
633,380569	10,000000	34,688951	19,925302	-11,306579	0,000000
633,475456	10,000000	34,601882	19,905372	-11,305622	0,000000
633,570187	10,000000	34,454410	19,845582	-11,306770	0,000000
633,664993	10,000000	34,341335	19,887341	-11,305845	0,000000
633,759758	10,000000	34,208111	19,833244	-11,305558	0,000000
633,854537	10,000000	34,100865	19,857920	-11,305781	0,000000
633,949299	10,000000	33,987050	19,814500	-11,305717	0,000000
634,044151	10,000000	33,902266	19,805246	-11,305909	0,000000
634,138901	10,000000	33,787961	19,771315	-11,305590	0,000000
634,233764	10,000000	33,676924	19,764909	-11,304122	0,000000
634,328445	10,000000	33,546897	19,721248	-11,305622	0,000000
634,423322	10,000000	33,429508	19,707722	-11,305462	0,000000
634,518072	10,000000	33,345149	19,701790	-11,310631	0,000000
634,612840	10,000000	33,213675	19,676636	-11,305845	0,000000
634,707625	10,000000	33,120626	19,656228	-11,305941	0,000000
634,802403	10,000000	33,024756	19,635582	-11,305813	0,000000
634,897297	10,000000	32,894650	19,602121	-11,305302	0,000000
634,992060	10,000000	32,805090	19,573168	-11,305398	0,000000
635,086857	10,000000	32,713177	19,561777	-11,305813	0,000000
635,181672	10,000000	32,629230	19,556793	-11,305526	0,000000
635,276434	10,000000	32,524169	19,537569	-11,305941	0,000000
635,371261	10,000000	32,452169	19,529263	-11,305877	0,000000
635,466051	10,000000	32,346387	19,514786	-11,306642	0,000000
635,560830	10,000000	32,238483	19,501732	-11,305653	0,000000
635,655584	10,000000	32,154029	19,473964	-11,305653	0,000000
635,750370	10,000000	32,043759	19,420798	-11,305334	0,000000
635,845199	10,000000	31,945210	19,426494	-11,306323	0,000000
635,939979	10,000000	31,884434	19,449992	-11,306004	0,000000
636,034754	10,000000	31,765687	19,393502	-11,305590	0,000000
636,129504	10,000000	31,702554	19,439786	-11,305717	0,000000
636,224364	10,000000	31,594819	19,388280	-11,305334	0,000000
636,319125	10,000000	31,496463	19,380922	-11,306930	0,000000
636,413939	10,000000	31,401385	19,330126	-11,305622	0,000000
636,508675	10,000000	31,310055	19,294995	-11,305877	0,000000
636,603524	10,000000	31,210968	19,266272	-11,306706	0,000000
636,698285	10,000000	31,133947	19,288111	-11,305685	0,000000
636,793065	10,000000	31,058563	19,245145	-11,305207	0,000000
636,887911	10,000000	30,976128	19,240635	-11,305398	0,000000
636,982682	10,000000	30,870903	19,208350	-11,305079	0,000000
637,077504	10,000000	30,844126	19,231377	-11,305494	0,000000
637,172258	10,000000	30,741471	19,190545	-11,306100	0,000000
637,267038	10,000000	30,679686	19,204551	-11,305877	0,000000
637,361868	10,000000	30,561274	19,206213	-11,305877	0,000000
637,456665	10,000000	30,471516	19,177726	-11,305558	0,000000
637,551411	10,000000	30,358720	19,165381	-11,305590	0,000000
637,646173	10,000000	30,286337	19,144489	-11,305653	0,000000
637,741038	10,000000	30,218179	19,117662	-11,305909	0,000000
637,835768	10,000000	30,125336	19,094158	-11,306004	0,000000
637,930549	10,000000	30,041418	19,086798	-11,305111	0,000000
638,025395	10,000000	29,970893	19,071841	-11,305813	0,000000
638,120168	10,000000	29,886728	19,065193	-11,307281	0,000000
638,214909	10,000000	29,803026	19,071366	-11,306515	0,000000
638,309707	10,000000	29,697683	19,004887	-11,305813	0,000000
638,404540	10,000000	29,601032	18,993965	-11,306611	0,000000
638,499401	10,000000	29,526480	18,986842	-11,305366	0,000000
638,594143	10,000000	29,450276	18,960011	-11,305653	0,000000
638,688922	10,000000	29,378771	18,965472	-11,305302	0,000000
638,783684	10,000000	29,309378	18,967609	-11,306100	0,000000
638,878506	10,000000	29,241157	18,985892	-11,305334	0,000000
638,973234	10,000000	29,096702	18,894238	-11,305717	0,000000
639,068066	10,000000	29,052703	18,876666	-11,305622	0,000000
639,162855	10,000000	28,990584	18,916084	-11,305622	0,000000
639,257625	10,000000	28,902575	18,859094	-11,305590	0,000000
639,352505	10,000000	28,819971	18,842235	-11,305781	0,000000
639,447251	10,000000	28,759015	18,845797	-11,305781	0,000000
639,542064	10,000000	28,647449	18,788567	-11,306100	0,000000
639,636842	10,000000	28,584364	18,776930	-11,305845	0,000000
639,731606	10,000000	28,498204	18,778118	-11,305781	0,000000
639,826471	10,000000	28,439348	18,741783	-11,305749	0,000000
639,921201	10,000000	28,376722	18,729909	-11,306228	0,000000
640,015961	10,000000	28,301141	18,724922	-11,305941	0,000000
640,110734	10,000000	28,259464	18,697610	-11,305622	0,000000
640,205615	10,000000	28,150906	18,691673	-11,306930	0,000000
640,300360	10,000000	28,094386	18,689298	-11,305143	0,000000
640,395158	10,000000	28,060236	18,710435	-11,305941	0,000000
640,489923	10,000000	27,942472	18,667686	-11,304026	0,000000
640,584801	10,000000	27,904078	18,692623	-11,305653	0,000000
640,679530	10,000000	27,794071	18,640136	-11,305334	0,000000
640,774317	10,000000	27,707847	18,608785	-11,305813	0,000000
640,869133	10,000000	27,635989	18,579096	-11,305685	0,000000
640,963864	10,000000	27,540327	18,547981	-11,306100	0,000000
641,058657	10,000000	27,496970	18,555820	-11,305749	0,000000
641,153554	10,000000	27,438058	18,543944	-11,306292	0,000000
641,248318	10,000000	27,377022	18,532305	-11,305845	0,000000
641,343048	10,000000	27,293593	18,512353	-11,305972	0,000000
641,437895	10,000000	27,250933	18,514491	-11,305462	0,000000
641,532675	10,000000	27,171501	18,507602	-11,306228	0,000000
641,627404	10,000000	27,099371	18,472448	-11,304728	0,000000
641,722299	10,000000	27,068961	18,491450	-11,305972	0,000000
641,817030	10,000000	27,026764	18,500476	-11,305271	0,000000
641,911778	10,000000	26,961225	18,506177	-11,305462	0,000000
642,006625	10,000000	26,860315	18,456295	-11,301952	0,000000
642,101406	10,000000	26,770715	18,454632	-11,306228	0,000000
642,196269	10,000000	26,696199	18,414013	-11,305558	0,000000
642,291053	10,000000	26,651629	18,396672	-11,303867	0,000000
642,385786	10,000000	26,541020	18,348686	-11,305398	0,000000
642,480564	10,000000	26,505170	18,350349	-11,305015	0,000000
642,575411	10,000000	26,441486	18,349398	-11,305781	0,000000
642,670159	10,000000	26,357748	18,308538	-11,306834	0,000000
642,764939	10,000000	26,330148	18,322316	-11,305813	0,000000
642,859734	10,000000	26,248052	18,307587	-11,306132	0,000000
642,954529	10,000000	26,196149	18,309963	-11,304856	0,000000
643,049284	10,000000	26,171613	18,321366	-11,305781	0,000000
643,144197	10,000000	26,080303	18,314002	-11,305526	0,000000
643,238986	10,000000	26,034763	18,267913	-11,306898	0,000000
643,333682	10,000000	25,994648	18,276228	-11,305813	0,000000
643,428512	10,000000	25,866272	18,208281	-11,305590	0,000000
643,523242	10,000000	25,854944	18,232039	-11,305366	0,000000
643,618099	10,000000	25,773756	18,209706	-11,305813	0,000000
643,712842	10,000000	25,699171	18,171930	-11,305271	0,000000
643,807723	10,000000	25,633079	18,171217	-11,305494	0,000000
643,902521	10,000000	25,604752	18,192125	-11,306068	0,000000
643,997284	10,000000	25,562733	18,153160	-11,305813	0,000000
644,092046	10,000000	25,495925	18,168128	-11,306515	0,000000
644,186810	10,000000	25,469719	18,147457	-11,305749	0,000000
644,281572	10,000000	25,403849	18,120371	-11,305653	0,000000
644,376443	10,000000	25,374336	18,145081	-11,305047	0,000000
644,471192	10,000000	25,321919	18,127974	-11,305207	0,000000
644,565965	10,000000	25,251553	18,095660	-11,305813	0,000000
644,660850	10,000000	25,209048	18,099462	-11,305845	0,000000
644,755628	10,000000	25,129229	18,103976	-11,305813	0,000000
644,850344	10,000000	25,075619	18,074038	-11,306962	0,000000
644,945165	10,000000	25,026257	18,080216	-11,305653	0,000000
645,040213	10,000000	24,953511	18,062632	-11,305590	0,000000
645,135070	10,000000	24,910521	18,037208	-11,305622	0,000000
645,229797	10,000000	24,864696	18,044811	-11,305558	0,000000
645,324612	10,000000	24,821231	18,054791	-11,305972	0,000000
645,419431	10,000000	24,777292	18,020099	-11,306164	0,000000
645,514169	10,000000	24,747289	18,009406	-11,305558	0,000000
645,608928	10,000000	24,651606	17,997762	-11,305302	0,000000
645,703792	10,000000	24,576707	17,949286	-11,305622	0,000000
645,798562	10,000000	24,552843	17,945246	-11,305717	0,000000
645,893285	10,000000	24,500386	17,981129	-11,305239	0,000000
645,988161	10,000000	24,450762	17,931226	-11,305398	0,000000
646,082929	10,000000	24,445563	17,921958	-11,305653	0,000000
646,177788	10,000000	24,398773	17,916967	-11,308812	0,000000
646,272478	10,000000	24,363797	17,921007	-11,305845	0,000000
646,367348	10,000000	24,329766	17,940731	-11,306355	0,000000
646,462114	10,000000	24,281080	17,915066	-11,305462	0,000000
646,556898	10,000000	24,268317	17,901758	-11,305685	0,000000
646,651690	10,000000	24,186774	17,877994	-11,305590	0,000000
646,746494	10,000000	24,102388	17,838068	-11,305845	0,000000
646,841327	10,000000	24,060784	17,824522	-11,305781	0,000000
646,936085	10,000000	23,991755	17,786259	-11,305749	0,000000
647,030834	10,000000	23,976625	17,825235	-11,305526	0,000000
647,125579	10,000000	23,957476	17,833791	-11,305749	0,000000
647,220411	10,000000	23,869762	17,819531	-11,305622	0,000000
647,315247	10,000000	23,886786	17,868250	-11,306260	0,000000
647,410021	10,000000	23,810180	17,848050	-11,306642	0,000000
647,504850	10,000000	23,761234	17,852803	-11,305972	0,000000
647,599581	10,000000	23,718671	17,816442	-11,305972	0,000000
647,694359	10,000000	23,668303	17,827136	-11,302367	0,000000
647,789214	10,000000	23,639452	17,834504	-11,305079	0,000000
647,883978	10,000000	23,608709	17,843772	-11,306292	0,000000
647,978774	10,000000	23,503230	17,771286	-11,306260	0,000000
648,073619	10,000000	23,512690	17,786734	-11,305366	0,000000
648,168368	10,000000	23,448594	17,775801	-11,305494	0,000000
648,263144	10,000000	23,379764	17,748232	-11,305653	0,000000
648,357912	10,000000	23,290822	17,687862	-11,306483	0,000000
648,452687	10,000000	23,262908	17,680018	-11,306323	0,000000
648,547552	10,000000	23,250370	17,697369	-11,305877	0,000000
648,642251	10,000000	23,226949	17,710917	-11,305558	0,000000
648,737070	10,000000	23,154083	17,679305	-11,305941	0,000000
