time_min,t_target_c,t_c,t_sec_c,log_leak_mbar_l_s,heater_v,time_h
0.1517,17.0,17.0,21.730825,-11.305877,0.0,0.0025283333333333334
0.260124,20.0,20.0,21.786728,-11.305047,0.0,0.0043354000000000005
0.351831,20.0,20.0,21.789097,-11.305526,0.0,0.00586385
0.443459,20.0,20.0,21.725613,-11.305622,0.0,0.007390983333333333
0.535199,20.0,20.0,21.758777,-11.305398,0.0,0.008919983333333333
0.626604,20.0,20.0,21.835049,-11.305462,0.0,0.0104434
0.717992,20.0,20.0,21.811836,-11.305845,0.0,0.011966533333333333
0.809715,20.0,20.0,21.792413,-11.30543,0.0,0.013495249999999999
0.901353,20.0,20.0,21.790044,-11.30543,0.0,0.015022549999999999
0.992734,20.0,20.0,21.816574,-11.305653,0.0,0.016545566666666667
1.084107,20.0,20.0,21.816574,-11.30492,0.0,0.01806845
1.176074,20.0,20.0,21.818942,-11.30559,0.0,0.019601233333333336
1.267487,20.0,20.0,21.828417,-11.305717,0.0,0.021124783333333334
1.359056,20.0,20.0,21.84405,-11.30543,0.0,0.022650933333333335
1.450761,20.0,20.0,21.857788,-11.310184,0.0,0.02417935
1.542754,20.0,20.0,21.835049,-11.305813,0.0,0.025712566666666666
1.63431,20.0,20.0,21.829365,-11.307951,0.0,0.0272385
1.725797,20.0,20.0,21.820364,-11.305398,0.0,0.028763283333333334
1.817405,20.0,20.0,21.836471,-11.307344,0.0,0.030290083333333332
1.909043,20.0,20.0,21.853998,-11.305239,0.0,0.03181738333333333
2.000748,20.003741,20.003741,21.841681,-11.302942,0.0,0.0333458
2.092685,20.463425,20.463425,21.84784,-11.305685,0.0,0.03487808333333333
2.184571,20.922856,20.922856,21.794782,-11.306738,0.0,0.03640951666666667
2.276326,21.381628,21.381628,21.824627,-11.30476,0.0,0.037938766666666665
2.368525,21.842624,21.842624,21.836944,-11.306993,0.039861,0.039475416666666666
2.461126,22.305629,22.305629,21.838365,-11.305685,0.092751,0.04101876666666667
2.553582,22.767908,22.767908,21.828891,-11.305462,0.14826,0.0425597
2.646137,23.230687,23.230687,21.832207,-11.305813,0.200855,0.04410228333333333
2.73852,23.692601,23.692601,21.808994,-11.30559,0.256377,0.045641999999999995
2.830979,24.154895,24.154895,21.809468,-11.306292,0.313292,0.04718298333333334
2.923683,24.618417,24.618417,21.837892,-11.305781,0.364567,0.04872805
3.016128,25.08064,25.08064,21.821311,-11.305909,0.416558,0.0502688
3.108618,25.54309,25.54309,21.858735,-11.306547,0.468467,0.0518103
3.20104,26.005198,26.005198,21.820837,-11.305845,0.525793,0.053350666666666664
3.293766,26.468829,26.468829,21.813258,-11.305271,0.582267,0.0548961
3.386399,26.931997,26.931997,21.823206,-11.301793,0.634798,0.05643998333333333
3.478832,27.394161,27.394161,21.792887,-11.305717,0.686836,0.057980533333333334
3.571291,27.856457,27.856457,21.783886,-11.305622,0.743212,0.05952151666666667
3.663825,28.319123,28.319123,21.794782,-11.305366,0.798009,0.06106375
3.756256,28.781279,28.781279,21.805204,-11.305781,0.848912,0.06260426666666667
3.848898,29.24449,29.24449,21.831259,-11.305494,0.904473,0.0641483
3.941368,29.70684,29.70684,21.891421,-11.304632,0.952589,0.06568946666666667
4.033836,30.169179,30.169179,21.893316,-11.305366,1.004701,0.0672306
4.126284,30.631418,30.631418,21.944949,-11.305526,1.053561,0.0687714
4.218748,31.093741,31.093741,21.960106,-11.305239,1.106319,0.07031246666666666
4.311456,31.55728,31.55728,22.014578,-11.305526,1.152842,0.0718576
4.404086,32.020432,32.020432,22.099832,-11.305302,1.201049,0.07340143333333334
4.4969,32.484501,32.484501,22.159506,-11.305079,1.243636,0.07494833333333334
4.58935,32.946748,32.946748,22.235752,-11.306387,1.284502,0.07648916666666666
4.681778,33.408892,33.408892,22.341351,-11.305302,1.329895,0.07802963333333333
4.77425,33.871248,33.871248,22.506122,-11.30543,1.366132,0.07957083333333334
4.866693,34.333467,34.333467,22.677023,-11.305972,1.400682,0.08111154999999999
4.959161,34.795805,34.795805,22.814767,-11.305494,1.435031,0.08265268333333334
5.051271,35.256355,35.256355,23.059918,-11.305653,1.463242,0.08418785
5.143753,35.718764,35.718764,23.311638,-11.305047,1.485247,0.08572921666666668
5.236201,36.181004,36.181004,23.613439,-11.305111,1.505676,0.08727001666666667
5.328633,36.643166,36.643166,23.907118,-11.305207,1.521898,0.08881055
5.421084,37.105418,37.105418,24.283443,-11.304282,1.52865,0.0903514
5.513739,37.568696,37.568696,24.673342,-11.305558,1.540279,0.09189565000000001
5.606241,38.031207,38.031207,25.167014,-11.305143,1.540843,0.09343735
5.699175,38.495874,38.495874,25.659044,-11.305813,1.536236,0.09498625000000001
5.791943,38.959716,38.959716,26.150615,-11.304696,1.52766,0.09653238333333333
5.884304,39.42152,39.42152,26.708462,-11.30677,1.517805,0.09807173333333334
5.976797,39.883987,39.883987,27.310562,-11.305271,1.502763,0.09961328333333334
6.069202,40.346009,40.346009,27.941059,-11.305494,1.479647,0.10115336666666666
6.161728,40.808638,40.808638,28.589542,-11.305462,1.458043,0.10269546666666667
6.254411,41.272057,41.272057,29.268681,-11.303548,1.428633,0.10424018333333333
6.347142,41.73571,41.73571,29.986879,-11.305111,1.400271,0.1057857
6.440045,42.200225,42.200225,30.755331,-11.305622,1.359737,0.10733408333333333
6.532317,42.661587,42.661587,31.479561,-11.305558,1.323842,0.10887195
6.624736,43.123681,43.123681,32.249508,-11.306036,1.28823,0.11041226666666668
6.717654,43.588272,43.588272,33.053588,-11.305239,1.249972,0.11196089999999999
6.810172,44.050862,44.050862,33.855187,-11.30559,1.207308,0.11350286666666666
6.903095,44.515473,44.515473,34.661801,-11.305558,1.163882,0.11505158333333335
6.995795,44.978973,44.978973,35.476229,-11.305813,1.119738,0.11659658333333334
7.088348,45.441739,45.441739,36.314114,-11.302399,1.072096,0.11813913333333333
7.18078,45.903902,45.903902,37.104418,-11.305558,1.026784,0.11967966666666667
7.273202,46.366008,46.366008,37.993095,-11.305685,0.974092,0.12122003333333334
7.365401,46.827003,46.827003,38.86101,-11.305685,0.926305,0.12275668333333334
7.457555,47.287774,47.287774,39.679097,-11.305526,0.882981,0.12429258333333333
7.550018,47.750091,47.750091,40.523139,-11.305813,0.837356,0.12583363333333333
7.642207,48.211037,48.211037,41.379361,-11.305622,0.792789,0.12737011666666667
7.734912,48.674562,48.674562,42.226125,-11.30559,0.752085,0.12891519999999998
7.827127,49.135635,49.135635,43.025127,-11.305398,0.712331,0.13045211666666667
7.919281,49.596404,49.596404,43.82848,-11.305271,0.669719,0.13198801666666665
8.011731,50.058657,50.058657,44.613213,-11.305558,0.630912,0.13352884999999998
8.103918,50.519588,50.519588,45.425979,-11.305558,0.592012,0.1350653
8.196905,50.984523,50.984523,46.128848,-11.305271,0.561949,0.13661508333333333
8.28934,51.446702,51.446702,46.830645,-11.309673,0.530667,0.13815566666666665
8.382067,51.910333,51.910333,47.501051,-11.305622,0.505746,0.13970111666666665
8.474406,52.372028,52.372028,48.139193,-11.305207,0.483678,0.1412401
8.567117,52.835584,52.835584,48.759463,-11.305685,0.464704,0.14278528333333332
8.659654,53.29827,53.29827,49.328364,-11.305877,0.455601,0.14432756666666666
8.751864,53.75932,53.75932,49.885485,-11.305781,0.445438,0.14586439999999998
8.844245,54.221225,54.221225,50.397803,-11.305239,0.439004,0.14740408333333335
8.937279,54.686393,54.686393,50.887542,-11.305622,0.435123,0.14895465
9.029623,55.148117,55.148117,51.357498,-11.305398,0.433815,0.1504937166666667
9.122151,55.610754,55.610754,51.780913,-11.306036,0.440023,0.15203585
9.215404,56.077018,56.077018,52.183907,-11.305398,0.446919,0.15359006666666666
9.308318,56.541592,56.541592,52.554036,-11.305558,0.455897,0.15513863333333333
9.40159,57.007948,57.007948,52.930539,-11.305462,0.469768,0.1566931666666667
9.494837,57.474186,57.474186,53.261524,-11.305526,0.485397,0.15824728333333335
9.587998,57.939992,57.939992,53.541253,-11.305749,0.508396,0.15979996666666668
9.68153,58.407648,58.407648,53.867738,-11.305526,0.526591,0.16135883333333334
9.774707,58.873535,58.873535,54.087665,-11.306419,0.553315,0.1629117833333333
9.867998,59.339988,59.339988,54.316553,-11.304856,0.581973,0.16446663333333333
9.960943,59.804716,59.804716,54.581363,-11.30559,0.61254,0.16601571666666667
10.054422,60.272111,60.272111,54.714329,-11.305622,0.64533,0.16757370000000002
10.147958,60.73979,60.73979,54.910188,-11.305749,0.681701,0.1691326333333333
10.240916,61.204579,61.204579,55.080913,-11.305334,0.714724,0.17068193333333334
10.334154,61.670769,61.670769,55.214764,-11.305653,0.752031,0.1722359
10.427052,62.135261,62.135261,55.348144,-11.305111,0.791169,0.1737842
10.520539,62.602695,62.602695,55.465621,-11.305717,0.836525,0.17534231666666666
10.614004,63.070019,63.070019,55.600826,-11.306674,0.878403,0.17690006666666666
10.707305,63.536523,63.536523,55.698711,-11.305047,0.920923,0.17845508333333332
10.800726,64.003632,64.003632,55.778166,-11.305398,0.97034,0.18001209999999998
10.894037,64.470184,64.470184,55.885484,-11.305749,1.008954,0.18156728333333336
10.987173,64.935864,64.935864,55.967465,-11.305526,1.049937,0.18311955
11.080224,65.401119,65.401119,56.059343,-11.306547,1.095153,0.18467039999999998
11.173475,65.867373,65.867373,56.138323,-11.305398,1.137305,0.18622458333333333
11.266391,66.331953,66.331953,56.215919,-11.305302,1.183284,0.18777318333333334
11.359676,66.798379,66.798379,56.319297,-11.305207,1.226665,0.18932793333333334
11.452906,67.26453,67.26453,56.435563,-11.305334,1.270094,0.19088176666666667
11.546046,67.730231,67.730231,56.564253,-11.305239,1.31082,0.1924341
11.63931,68.196548,68.196548,56.667844,-11.305749,1.344243,0.1939885
11.732566,68.662828,68.662828,56.7857,-11.305334,1.383673,0.19554276666666667
11.825819,69.129096,69.129096,56.96086,-11.305526,1.417512,0.1970969833333333
11.91894,69.594699,69.594699,57.108388,-11.305494,1.449363,0.198649
12.012289,70.061446,70.061446,57.28283,-11.305111,1.47817,0.20020481666666667
12.105433,70.527167,70.527167,57.521685,-11.305622,1.505788,0.20175721666666666
12.198474,70.99237,70.99237,57.749469,-11.305271,1.530333,0.20330789999999999
12.291377,71.456885,71.456885,57.978609,-11.305334,1.553125,0.20485628333333333
12.384621,71.923104,71.923104,58.296971,-11.305845,1.570004,0.20641035
12.477877,72.389383,72.389383,58.583778,-11.305302,1.585375,0.20796461666666666
12.571106,72.855532,72.855532,58.920447,-11.305462,1.597382,0.20951843333333334
12.664362,73.32181,73.32181,59.316383,-11.305845,1.601284,0.2110727
12.757317,73.786586,73.786586,59.726502,-11.306355,1.600963,0.21262195
12.850554,74.252772,74.252772,60.141376,-11.305877,1.60469,0.2141759
12.943795,74.718976,74.718976,60.608341,-11.307376,1.59892,0.21572991666666666
13.036934,75.184672,75.184672,61.077516,-11.306228,1.596038,0.21728223333333335
13.130225,75.651124,75.651124,61.613447,-11.305622,1.582175,0.21883708333333332
13.223443,76.117214,76.117214,62.15754,-11.305781,1.566899,0.22039071666666665
13.316411,76.582057,76.582057,62.72265,-11.305845,1.548669,0.22194018333333335
13.4094,77.046999,77.046999,63.287881,-11.306866,1.532217,0.22349
13.502795,77.513976,77.513976,63.937929,-11.305494,1.511381,0.22504658333333336
13.596043,77.980214,77.980214,64.545396,-11.305239,1.489245,0.22660071666666667
13.689327,78.446635,78.446635,65.23948,-11.305781,1.461077,0.22815545
13.782811,78.914057,78.914057,65.907512,-11.305558,1.429612,0.22971351666666667
13.876362,79.381808,79.381808,66.534149,-11.306355,1.402984,0.2312727
13.969261,79.846307,79.846307,67.291174,-11.305462,1.364471,0.23282101666666666
14.062782,80.313912,80.313912,67.979293,-11.305749,1.335996,0.2343797
14.155744,80.77872,80.77872,68.761771,-11.305813,1.296604,0.23592906666666666
14.248711,81.243553,81.243553,69.478355,-11.305079,1.259864,0.23747851666666667
14.341964,81.70982,81.70982,70.229012,-11.306451,1.223455,0.23903273333333336
14.434912,82.174558,82.174558,70.969738,-11.305685,1.187114,0.24058186666666667
14.528163,82.640816,82.640816,71.723693,-11.305972,1.150327,0.24213605
14.621122,83.105612,83.105612,72.479886,-11.305813,1.112332,0.24368536666666665
14.714345,83.571727,83.571727,73.210832,-11.305653,1.08097,0.24523908333333333
14.807502,84.037509,84.037509,73.948165,-11.305685,1.049284,0.2467917
14.900814,84.504072,84.504072,74.652028,-11.305271,1.0162,0.2483469
14.994051,84.970256,84.970256,75.284397,-11.30878,0.9919,0.24990085
15.08699,85.43495,85.43495,75.932346,-11.305781,0.96944,0.2514498333333333
15.18045,85.902249,85.902249,76.489798,-11.305366,0.95438,0.2530075
15.273683,86.368417,86.368417,77.09171,-11.306164,0.940704,0.25456138333333334
15.366917,86.834587,86.834587,77.609775,-11.305047,0.927261,0.25611528333333333
15.460182,87.300912,87.300912,78.133126,-11.30559,0.922531,0.2576697
15.553678,87.768392,87.768392,78.638393,-11.305813,0.917121,0.25922796666666664
15.646825,88.234125,88.234125,79.066454,-11.30543,0.923474,0.2607804166666667
15.740309,88.701545,88.701545,79.493844,-11.305271,0.932473,0.2623384833333333
15.833629,89.168143,89.168143,79.89169,-11.305781,0.942788,0.26389381666666667
15.926595,89.632973,89.632973,80.262738,-11.305302,0.95755,0.26544325
16.019544,90.09772,90.09772,80.564356,-11.305877,0.973843,0.2669924
16.112514,90.562569,90.562569,80.894407,-11.306419,0.991007,0.2685419
16.205918,91.029589,91.029589,81.161897,-11.305047,1.012181,0.27009863333333334
16.299196,91.495982,91.495982,81.457362,-11.305366,1.034092,0.2716532666666666
16.392462,91.962312,91.962312,81.727854,-11.305366,1.05772,0.2732077
16.48573,92.428651,92.428651,81.955488,-11.305685,1.083255,0.2747621666666667
16.578634,92.893171,92.893171,82.177858,-11.307695,1.111091,0.2763105666666667
16.671623,93.358114,93.358114,82.400007,-11.306068,1.141066,0.27786038333333335
16.764637,93.823186,93.823186,82.641652,-11.305749,1.166741,0.27941061666666667
16.858104,94.290521,94.290521,82.900273,-11.30559,1.195627,0.2809684
16.951237,94.756186,94.756186,83.09677,-11.30543,1.22419,0.28252061666666667
17.044324,95.221619,95.221619,83.280662,-11.305558,1.25223,0.2840720666666667
17.137274,95.686371,95.686371,83.514321,-11.305558,1.279249,0.28562123333333334
17.230184,96.150919,96.150919,83.706254,-11.303899,1.310401,0.28716973333333334
17.323731,96.618657,96.618657,83.941766,-11.305685,1.339955,0.28872885
17.416694,97.083471,97.083471,84.127065,-11.305302,1.367344,0.2902782333333333
17.509661,97.548305,97.548305,84.34425,-11.305494,1.398421,0.29182768333333337
17.603055,98.015273,98.015273,84.576812,-11.305877,1.427649,0.29338425
17.696575,98.482874,98.482874,84.872921,-11.301633,1.450592,0.29494291666666667
17.789585,98.947926,98.947926,85.071332,-11.305813,1.481063,0.2964930833333333
17.883113,99.415567,99.415567,85.343158,-11.30559,1.497834,0.2980518833333334
17.976337,99.881684,99.881684,85.556272,-11.305398,1.520105,0.2996056166666667
18.069517,100.347586,100.347586,85.859789,-11.305558,1.538242,0.3011586166666667
18.162791,100.813956,100.813956,86.158282,-11.305398,1.559386,0.3027131833333333
18.255745,101.278725,101.278725,86.513014,-11.30559,1.569643,0.3042624166666667
18.349253,101.746264,101.746264,86.794115,-11.306004,1.588716,0.30582088333333335
18.442196,102.21098,102.21098,87.17025,-11.305813,1.59807,0.30736993333333334
18.535706,102.67853,102.67853,87.509928,-11.305558,1.613212,0.30892843333333336
18.629176,103.145881,103.145881,87.92952,-11.305653,1.614428,0.3104862666666667
18.722351,103.611755,103.611755,88.343883,-11.305462,1.62327,0.3120391833333333
18.815626,104.078131,104.078131,88.769776,-11.304983,1.62821,0.3135937666666667
18.908857,104.544286,104.544286,89.202383,-11.305494,1.62995,0.3151476166666667
19.002363,105.011814,105.011814,89.679145,-11.305334,1.628643,0.31670604999999996
19.095798,105.478989,105.478989,90.135534,-11.306196,1.625034,0.31826329999999997
19.18905,105.94525,105.94525,90.605546,-11.306164,1.622884,0.31981750000000003
19.282517,106.412584,106.412584,91.101827,-11.305622,1.616313,0.3213752833333333
19.375514,106.877568,106.877568,91.635882,-11.304537,1.60768,0.32292523333333334
19.468984,107.344919,107.344919,92.11579,-11.305653,1.599541,0.32448306666666665
19.562536,107.812679,107.812679,92.694181,-11.305271,1.589128,0.3260422666666667
19.655668,108.278339,108.278339,93.233602,-11.305143,1.577335,0.32759446666666664
19.748918,108.744589,108.744589,93.809013,-11.30476,1.5636,0.32914863333333333
19.841918,109.209592,109.209592,94.359937,-11.305398,1.551387,0.3306986333333333
19.935195,109.675977,109.675977,94.905918,-11.305047,1.541625,0.33225325
20.028146,110.140732,110.140732,95.475036,-11.306515,1.531269,0.3338024333333333
20.121082,110.605412,110.605412,96.009065,-11.305047,1.51976,0.3353513666666667
20.214347,111.071735,111.071735,96.589036,-11.305494,1.509158,0.3369057833333333
20.307331,111.536653,111.536653,97.135754,-11.305494,1.49662,0.3384555166666667
20.400475,112.002375,112.002375,97.702184,-11.30559,1.483447,0.3400079166666667
20.493676,112.468378,112.468378,98.235804,-11.305813,1.474941,0.3415612666666667
20.586778,112.933888,112.933888,98.765173,-11.305909,1.463313,0.34311296666666663
20.67968,113.3984,113.3984,99.300203,-11.305366,1.453974,0.3446613333333334
20.77316,113.865801,113.865801,99.858195,-11.305366,1.449209,0.3462193333333333
20.866712,114.333561,114.333561,100.344367,-11.303516,1.439787,0.3477785333333333
20.959962,114.799811,114.799811,100.853492,-11.305271,1.434019,0.3493327
21.053412,115.267061,115.267061,101.379819,-11.305366,1.424611,0.35089020000000004
21.1464,115.731999,115.731999,101.852958,-11.306451,1.427141,0.35244
21.239319,116.196595,116.196595,102.3867,-11.305302,1.422746,0.35398864999999996
21.332828,116.66414,116.66414,102.86123,-11.301697,1.417988,0.3555471333333333
21.426,117.13,117.13,103.362439,-11.305239,1.418398,0.3571
21.519283,117.596414,117.596414,103.822646,-11.305398,1.419334,0.3586547166666667
21.612436,118.062179,118.062179,104.330802,-11.30626,1.417915,0.36020726666666664
21.705464,118.527319,118.527319,104.769508,-11.305207,1.421185,0.36175773333333333
21.798753,118.993764,118.993764,105.206003,-11.305558,1.418367,0.36331255
21.891951,119.459754,119.459754,105.605824,-11.30543,1.42688,0.36486585
21.985098,119.925492,119.925492,106.045055,-11.30492,1.426382,0.36641830000000003
22.078397,120.391983,120.391983,106.499196,-11.305877,1.431527,0.3679732833333333
22.17167,120.858349,120.858349,106.893507,-11.305302,1.439445,0.36952783333333333
22.264587,121.322934,121.322934,107.301789,-11.305845,1.446912,0.37107645
22.3581,121.7905,121.7905,107.710393,-11.305781,1.452121,0.372635
22.451083,122.255414,122.255414,108.102414,-11.305941,1.458601,0.3741847166666667
22.544286,122.721429,122.721429,108.510733,-11.305653,1.468923,0.3757381
22.637534,123.187671,123.187671,108.906169,-11.30559,1.475746,0.37729223333333334
22.73078,123.6539,123.6539,109.247467,-11.306068,1.486892,0.37884633333333334
22.823677,124.118387,124.118387,109.643064,-11.305813,1.495875,0.3803946166666667
22.916962,124.584809,124.584809,110.021824,-11.305653,1.504883,0.3819493666666667
23.010177,125.050884,125.050884,110.376781,-11.305622,1.518366,0.38350294999999995
23.103132,125.515659,125.515659,110.751522,-11.305653,1.526296,0.38505219999999996
23.196078,125.980391,125.980391,111.081341,-11.305079,1.538153,0.3866013
23.289633,126.448163,126.448163,111.475951,-11.305271,1.547967,0.38816055
23.382783,126.913913,126.913913,111.856957,-11.305462,1.559447,0.38971305
23.47601,127.380051,127.380051,112.194873,-11.305781,1.571597,0.3912668333333333
23.569035,127.845173,127.845173,112.567909,-11.305207,1.581955,0.39281725
23.662486,128.31243,128.31243,112.922681,-11.305015,1.594799,0.3943747666666667
23.755736,128.77868,128.77868,113.331174,-11.305653,1.601611,0.3959289333333333
23.849022,129.245108,129.245108,113.675646,-11.305558,1.609678,0.39748370000000005
23.942238,129.711189,129.711189,114.066425,-11.305685,1.622785,0.3990373
24.035188,130.175939,130.175939,114.432423,-11.303005,1.632948,0.4005864666666667
24.128141,130.640705,130.640705,114.815003,-11.305526,1.640186,0.4021356833333333
24.222421,131.112104,131.112104,115.236265,-11.305653,1.645305,0.4037070166666667
24.315606,131.57803,131.57803,115.61158,-11.305877,1.656501,0.40526009999999996
24.409159,132.045795,132.045795,116.033966,-11.304664,1.664606,0.40681931666666665
24.503121,132.515606,132.515606,116.403638,-11.305909,1.67312,0.40838535
24.596319,132.981593,132.981593,116.808065,-11.305685,1.677737,0.40993865
24.68958,133.447901,133.447901,117.244712,-11.306706,1.685564,0.411493
24.783117,133.915587,133.915587,117.656788,-11.306132,1.688385,0.41305195
24.876599,134.382996,134.382996,118.07758,-11.305717,1.693446,0.4146099833333333
24.969535,134.847675,134.847675,118.498941,-11.307759,1.695872,0.41615891666666666
25.062947,135.314736,135.314736,118.944872,-11.306834,1.696269,0.41771578333333337
25.156022,135.78011,135.78011,119.35759,-11.305781,1.702125,0.4192670333333333
25.249242,136.246211,136.246211,119.841746,-11.30559,1.706269,0.4208207
25.342449,136.712247,136.712247,120.298987,-11.305845,1.705845,0.42237414999999995
25.435676,137.17838,137.17838,120.789241,-11.307791,1.704219,0.42392793333333334
25.529137,137.645684,137.645684,121.20777,-11.305813,1.710963,0.4254856166666666
25.622719,138.113596,138.113596,121.661409,-11.305526,1.709672,0.4270453166666667
25.715678,138.578392,138.578392,122.134311,-11.305398,1.708515,0.42859463333333336
25.809083,139.045417,139.045417,122.595901,-11.306579,1.708877,0.43015138333333336
25.902373,139.511863,139.511863,123.094754,-11.305653,1.707613,0.4317062166666667
25.995296,139.976478,139.976478,123.536743,-11.305526,1.709324,0.4332549333333333
26.088541,140.442706,140.442706,123.992166,-11.30492,1.708219,0.43480901666666666
26.182076,140.910378,140.910378,124.488385,-11.305653,1.70585,0.4363679333333333
26.274994,141.374971,141.374971,124.963001,-11.305494,1.705329,0.4379165666666667
26.368276,141.841381,141.841381,125.416228,-11.30559,1.705668,0.4394712666666667
26.461428,142.307142,142.307142,125.874487,-11.305079,1.708881,0.4410238
26.554679,142.773393,142.773393,126.352057,-11.305526,1.706932,0.4425779833333333
26.647915,143.239573,143.239573,126.821097,-11.305462,1.705039,0.4441319166666667
26.740932,143.704659,143.704659,127.280898,-11.305494,1.704663,0.44568220000000003
26.833881,144.169403,144.169403,127.713417,-11.305526,1.709417,0.44723135
26.9268,144.634002,144.634002,128.17439,-11.305462,1.713101,0.44878
27.020304,145.101521,145.101521,128.652354,-11.307632,1.712214,0.45033839999999997
27.113756,145.568782,145.568782,129.108885,-11.305494,1.710668,0.45189593333333333
27.207028,146.035141,146.035141,129.552873,-11.30543,1.711732,0.45345046666666666
27.300813,146.504063,146.504063,130.003539,-11.305526,1.716821,0.45501355000000004
27.394219,146.971095,146.971095,130.449628,-11.305462,1.719221,0.45657031666666664
27.487549,147.437743,147.437743,130.854065,-11.307121,1.72467,0.4581258166666667
27.580504,147.902522,147.902522,131.32313,-11.305111,1.722291,0.4596750666666667
27.673681,148.368405,148.368405,131.718375,-11.305653,1.730254,0.46122801666666663
27.76719,148.835952,148.835952,132.163951,-11.305558,1.728833,0.4627865
27.860442,149.302208,149.302208,132.58944,-11.305175,1.732047,0.4643407
27.953946,149.769732,149.769732,133.038988,-11.305558,1.735823,0.46589909999999995
28.046878,150.234389,150.234389,133.491231,-11.30559,1.737142,0.46744796666666666
28.14031,150.70155,150.70155,133.912799,-11.305526,1.742542,0.46900516666666664
28.233888,151.169441,151.169441,134.312837,-11.305845,1.749061,0.4705648
28.326845,151.634227,151.634227,134.718604,-11.305717,1.754383,0.4721140833333333
28.420012,152.10006,152.10006,135.13081,-11.304888,1.756702,0.4736668666666667
28.513531,152.567653,152.567653,135.528993,-11.305398,1.766429,0.4752255166666667
28.606789,153.033945,153.033945,135.905145,-11.305047,1.77259,0.47677981666666663
28.700012,153.500059,153.500059,136.31314,-11.305366,1.779607,0.47833353333333334
28.792983,153.964917,153.964917,136.704983,-11.305685,1.78537,0.47988305
28.885966,154.429831,154.429831,137.03876,-11.30543,1.800583,0.4814327666666667
28.979201,154.896005,154.896005,137.455003,-11.305781,1.802341,0.48298668333333333
29.072416,155.362082,155.362082,137.853438,-11.303037,1.807945,0.48454026666666666
29.165531,155.827656,155.827656,138.258786,-11.305845,1.816465,0.48609218333333337
29.258571,156.292855,156.292855,138.685424,-11.305047,1.822568,0.48764285
29.351852,156.759262,156.759262,139.047349,-11.305972,1.829203,0.4891975333333333
29.445071,157.225355,157.225355,139.435503,-11.305558,1.839637,0.4907511833333333
29.538052,157.690261,157.690261,139.846837,-11.305845,1.846244,0.49230086666666667
29.631265,158.156324,158.156324,140.216048,-11.305047,1.855744,0.49385441666666663
29.724411,158.622055,158.622055,140.619524,-11.305685,1.861835,0.49540685
29.817433,159.087165,159.087165,141.020486,-11.305366,1.868788,0.4969572166666667
29.910985,159.554927,159.554927,141.453378,-11.305685,1.870785,0.4985164166666667
30.004471,160.022357,160.022357,141.856864,-11.306228,1.880891,0.5000745166666667
30.097428,160.487142,160.487142,142.257361,-11.305717,1.883659,0.5016238000000001
30.190645,160.953223,160.953223,142.656991,-11.303803,1.892167,0.5031774166666667
30.283912,161.419558,161.419558,143.057642,-11.305015,1.896144,0.5047318666666667
30.377035,161.885173,161.885173,143.485056,-11.306004,1.901833,0.5062839166666666
30.470546,162.35273,162.35273,143.899802,-11.306004,1.905984,0.5078424333333333
30.564091,162.820456,162.820456,144.345577,-11.305622,1.907637,0.5094015166666667
30.657298,163.286488,163.286488,144.781521,-11.306132,1.913211,0.5109549666666667
30.750537,163.752687,163.752687,145.223461,-11.305366,1.915398,0.5125089500000001
30.84371,164.21855,164.21855,145.644923,-11.305398,1.914867,0.5140618333333333
30.936989,164.684947,164.684947,146.101461,-11.305398,1.921372,0.5156164833333333
31.030223,165.151115,165.151115,146.546503,-11.305398,1.920477,0.5171703833333333
31.123456,165.617281,165.617281,147.002515,-11.302335,1.923619,0.5187242666666667
31.216676,166.083379,166.083379,147.43567,-11.306004,1.925421,0.5202779333333333
31.310176,166.550879,166.550879,147.860387,-11.305622,1.929749,0.5218362666666666
31.403409,167.017043,167.017043,148.310508,-11.305079,1.928596,0.52339015
31.496827,167.484134,167.484134,148.773735,-11.307025,1.93051,0.5249471166666667
31.589826,167.949132,167.949132,149.163891,-11.305494,1.931608,0.5264970999999999
31.683049,168.415244,168.415244,149.640547,-11.305366,1.931094,0.5280508166666666
31.776494,168.88247,168.88247,150.021134,-11.305526,1.93775,0.5296082333333333
31.869557,169.347787,169.347787,150.498433,-11.30543,1.938425,0.5311592833333333
31.962804,169.814018,169.814018,150.914931,-11.306387,1.94114,0.5327134
32.05594,170.279699,170.279699,151.369178,-11.306004,1.94054,0.5342656666666666
32.148949,170.744746,170.744746,151.817819,-11.30559,1.950323,0.5358158166666667
32.242517,171.212587,171.212587,152.233588,-11.305909,1.952819,0.5373752833333333
32.335896,171.679479,171.679479,152.661042,-11.305366,1.959688,0.5389316
32.429098,172.145489,172.145489,153.094258,-11.30559,1.962338,0.5404849666666667
32.522604,172.613018,172.613018,153.536558,-11.30559,1.967669,0.5420434000000001
32.616091,173.080454,173.080454,153.970154,-11.30492,1.975634,0.5436015166666667
32.709337,173.546687,173.546687,154.393381,-11.303739,1.978314,0.5451556166666667
32.802625,174.013124,174.013124,154.831386,-11.305558,1.977571,0.5467104166666666
32.895558,174.477789,174.477789,155.251661,-11.305653,1.985606,0.5482593
32.989115,174.945574,174.945574,155.695972,-11.305494,1.989171,0.5498185833333333
33.082477,175.412385,175.412385,156.143202,-11.305717,1.989341,0.5513746166666667
33.175825,175.879127,175.879127,156.566758,-11.305717,1.994641,0.5529304166666668
33.268761,176.343806,176.343806,157.006286,-11.306355,1.993577,0.5544793499999999
33.362164,176.810819,176.810819,157.460605,-11.305717,1.997188,0.5560360666666667
33.455498,177.277492,177.277492,157.884825,-11.30559,1.999587,0.5575916333333333
33.548744,177.743718,177.743718,158.319557,-11.306387,2.004802,0.5591457333333333
33.641957,178.209784,178.209784,158.758865,-11.30559,2.010317,0.5606992833333333
33.734906,178.674532,178.674532,159.212018,-11.305111,2.014348,0.5622484333333334
33.828059,179.140293,179.140293,159.607005,-11.305494,2.022581,0.5638009833333334
33.921108,179.605538,179.605538,160.074778,-11.305717,2.025573,0.5653518
34.014326,180.071632,180.071632,160.524549,-11.305462,2.030146,0.5669054333333333
34.107589,180.537944,180.537944,160.990548,-11.305143,2.030345,0.5684598166666667
34.20071,181.003552,181.003552,161.426649,-11.306292,2.034634,0.5700118333333334
34.293972,181.469859,181.469859,161.892534,-11.305462,2.034494,0.5715661999999999
34.387016,181.935079,181.935079,162.300441,-11.305494,2.04068,0.5731169333333334
34.479988,182.39994,182.39994,162.77881,-11.305494,2.04389,0.5746664666666667
34.573122,182.86561,182.86561,163.21061,-11.305526,2.047947,0.5762187
34.666151,183.330757,183.330757,163.647694,-11.305302,2.054327,0.5777691833333333
34.759684,183.79842,183.79842,164.067932,-11.300995,2.056375,0.5793280666666667
34.852883,184.264416,184.264416,164.542956,-11.305717,2.055214,0.5808813833333333
34.946281,184.731406,184.731406,164.975429,-11.305558,2.058858,0.5824380166666666
35.039768,185.198841,185.198841,165.398665,-11.305015,2.066266,0.5839961333333333
35.132831,185.664156,185.664156,165.810755,-11.305653,2.068352,0.5855471833333333
35.226021,186.130105,186.130105,166.279791,-11.305558,2.068631,0.58710035
35.319268,186.59634,186.59634,166.727685,-11.305653,2.069671,0.5886544666666667
35.412762,187.063808,187.063808,167.163717,-11.305813,2.070765,0.5902127
35.506057,187.530284,187.530284,167.616225,-11.305334,2.075842,0.5917676166666667
35.599239,187.996195,187.996195,168.037574,-11.305653,2.077809,0.59332065
35.692472,188.462362,188.462362,168.530902,-11.305941,2.077247,0.5948745333333334
35.785686,188.928431,188.928431,168.944945,-11.30543,2.081804,0.5964281
35.878674,189.39337,189.39337,169.359262,-11.305334,2.083593,0.5979779
35.971827,189.859136,189.859136,169.765272,-11.305271,2.092183,0.5995304499999999
36.06517,190.325848,190.325848,170.202292,-11.306642,2.097537,0.6010861666666667
36.158298,190.791489,190.791489,170.628147,-11.305558,2.101596,0.6026383000000001
36.251486,191.257431,191.257431,171.049268,-11.305877,2.103811,0.6041914333333334
36.344567,191.722836,191.722836,171.45302,-11.308397,2.110989,0.6057427833333333
36.437961,192.189806,192.189806,171.856324,-11.305334,2.11818,0.60729935
36.531799,192.658995,192.658995,172.313053,-11.30559,2.120864,0.6088633166666667
36.625022,193.125111,193.125111,172.691858,-11.305526,2.128876,0.6104170333333333
36.717953,193.589763,193.589763,173.138157,-11.305462,2.134191,0.6119658833333333
36.81124,194.056199,194.056199,173.566365,-11.305207,2.142098,0.6135206666666666
36.904438,194.52219,194.52219,174.008429,-11.305685,2.141498,0.6150739666666667
36.997722,194.98861,194.98861,174.386137,-11.305526,2.148583,0.6166287
37.090828,195.45414,195.45414,174.839699,-11.244077,2.155429,0.6181804666666667
37.183874,195.919369,195.919369,175.301872,-11.20024,2.158133,0.6197312333333334
37.277107,196.385536,196.385536,175.695862,-11.18298,2.164802,0.6212851166666666
37.370307,196.851535,196.851535,176.148305,-11.055329,2.167181,0.6228384499999999
37.463563,197.317815,197.317815,176.597671,-10.959168,2.169373,0.6243927166666666
37.556793,197.783964,197.783964,176.982179,-10.932911,2.17734,0.62594655
37.650008,198.250038,198.250038,177.420612,-10.900559,2.179776,0.6275001333333333
37.743277,198.716386,198.716386,177.847852,-10.825583,2.186076,0.6290546166666666
37.836228,199.181139,199.181139,178.260319,-10.793902,2.188658,0.6306037999999999
37.929745,199.648725,199.648725,178.711689,-10.759094,2.194716,0.6321624166666666
38.022637,200.113187,200.113187,179.157111,-10.725403,2.193262,0.6337106166666667
38.115885,200.579424,200.579424,179.58537,-10.68935,2.197885,0.6352647499999999
38.209424,201.047118,201.047118,179.989068,-10.664497,2.203761,0.6368237333333333
38.302386,201.511931,201.511931,180.441691,-10.622989,2.20384,0.6383731
38.395501,201.977503,201.977503,180.936083,-10.586745,2.207432,0.6399250166666667
38.488993,202.444965,202.444965,181.345781,-10.568751,2.2123,0.6414832166666666
38.582306,202.911529,202.911529,181.757397,-10.528423,2.212712,0.6430384333333333
38.675799,203.378997,203.378997,182.229155,-10.503952,2.21377,0.64459665
38.769048,203.845239,203.845239,182.720013,-10.480024,2.214824,0.6461507999999999
38.861968,204.309841,204.309841,183.142869,-10.446045,2.220016,0.6476994666666667
38.955205,204.776027,204.776027,183.607732,-10.435644,2.220655,0.6492534166666667
39.048697,205.243483,205.243483,184.028452,-10.418767,2.228076,0.6508116166666666
39.142209,205.711045,205.711045,184.515041,-10.400677,2.225526,0.65237015
39.23537,206.176849,206.176849,184.958916,-10.399688,2.231072,0.6539228333333333
39.328428,206.642138,206.642138,185.369384,-10.386926,2.240178,0.6554738
39.421412,207.107061,207.107061,185.87197,-10.368293,2.238551,0.6570235333333333
39.514316,207.571579,207.571579,186.319907,-10.33591,2.23813,0.6585719333333333
39.607575,208.037875,208.037875,186.724887,-10.321011,2.242537,0.6601262499999999
39.700792,208.503962,208.503962,187.180219,-10.30659,2.24643,0.6616798666666667
39.794231,208.971153,208.971153,187.654163,-10.282821,2.247458,0.6632371833333334
39.887233,209.436163,209.436163,188.093022,-10.263008,2.250986,0.6647872166666667
39.980468,209.902342,209.902342,188.560752,-10.237069,2.250322,0.6663411333333333
40.073987,210.369935,210.369935,189.006044,-10.233336,2.248271,0.6678997833333333
40.167224,210.836121,210.836121,189.463977,-10.207589,2.248808,0.6694537333333332
40.260445,211.302223,211.302223,189.927629,-10.193232,2.250642,0.6710074166666666
40.353608,211.76804,211.76804,190.405588,-10.179162,2.250351,0.6725601333333333
40.446895,212.234476,212.234476,190.824121,-10.168889,2.254347,0.6741149166666667
40.5401,212.700502,212.700502,191.328543,-10.152777,2.251282,0.6756683333333334
40.633339,213.166693,213.166693,191.752303,-10.136697,2.252453,0.6772223166666667
40.726874,213.634371,213.634371,192.236655,-10.112673,2.252572,0.6787812333333334
40.820086,214.100432,214.100432,192.697609,-10.103771,2.254792,0.6803347666666667
40.912974,214.56487,214.56487,193.179064,-10.094615,2.248373,0.6818829
41.006223,215.031117,215.031117,193.631396,-10.082874,2.247928,0.68343705
41.09978,215.498902,215.498902,194.066058,-10.068613,2.251386,0.6849963333333334
41.192716,215.963578,215.963578,194.557238,-10.054351,2.248292,0.6865452666666666
41.285938,216.429688,216.429688,194.999019,-10.040504,2.251836,0.6880989666666667
41.37941,216.897052,216.897052,195.457,-10.025764,2.249082,0.6896568333333334
41.47291,217.364551,217.364551,195.935233,-10.011982,2.250315,0.6912151666666666
41.566209,217.831045,217.831045,196.439915,-9.989266,2.248094,0.69277015
41.659433,218.297163,218.297163,196.92382,-9.990542,2.242571,0.6943238833333333
41.752618,218.763089,218.763089,197.418428,-9.973919,2.234231,0.6958769666666667
41.846047,219.230237,219.230237,197.873183,-9.958318,2.235004,0.6974341166666667
41.939292,219.696458,219.696458,198.362724,-9.957074,2.22937,0.6989882000000001
42.032549,220.162745,220.162745,198.835543,-9.936527,2.230759,0.7005424833333334
42.126066,220.630328,220.630328,199.347908,-9.927785,2.226512,0.7021011
42.219,221.094998,221.094998,199.797775,-9.912854,2.228892,0.70365
42.311978,221.559888,221.559888,200.242369,-9.89553,2.22709,0.7051996333333334
42.405412,222.027062,222.027062,200.72364,-9.889819,2.227265,0.7067568666666666
42.498437,222.492187,222.492187,201.155298,-9.873451,2.226939,0.7083072833333334
42.591915,222.959574,222.959574,201.604325,-9.859222,2.231954,0.70986525
42.685444,223.427219,223.427219,202.061183,-9.851884,2.233227,0.7114240666666666
42.778645,223.893225,223.893225,202.494652,-9.840494,2.232254,0.7129774166666666
42.871637,224.358186,224.358186,202.941671,-9.827764,2.235973,0.7145272833333334
42.965103,224.825514,224.825514,203.344814,-9.811812,2.245505,0.71608505
43.058622,225.293112,225.293112,203.753408,-9.805016,2.25146,0.7176437
43.151791,225.758954,225.758954,204.184601,-9.792477,2.25445,0.7191965166666667
43.245085,226.225427,226.225427,204.583602,-9.782523,2.262864,0.7207514166666668
43.338068,226.690341,226.690341,204.971854,-9.769602,2.271566,0.7223011333333333
43.431162,227.155811,227.155811,205.328162,-9.765007,2.282505,0.7238527
43.52475,227.623749,227.623749,205.685874,-9.761211,2.294761,0.7254124999999999
43.617974,228.089872,228.089872,206.037129,-9.747109,2.308686,0.7269662333333333
43.711467,228.557333,228.557333,206.416219,-9.735719,2.319211,0.72852445
43.804383,229.021915,229.021915,206.732421,-9.7339,2.333536,0.73007305
43.897702,229.48851,229.48851,207.085742,-9.725605,2.343481,0.7316283666666668
43.991078,229.95539,229.95539,207.462366,-9.718044,2.359214,0.7331846333333334
44.084078,230.420392,230.420392,207.816821,-9.711344,2.370449,0.7347346333333333
44.177299,230.886493,230.886493,208.170058,-9.696285,2.384445,0.7362883166666666
44.270553,231.352764,231.352764,208.523505,-9.690861,2.401148,0.73784255
44.363794,231.818972,231.818972,208.840274,-9.679535,2.410958,0.7393965666666666
44.457317,232.286583,232.286583,209.248635,-9.677493,2.420933,0.7409552833333334
44.55024,232.7512,232.7512,209.564874,-9.675993,2.435126,0.742504
44.643473,233.217366,233.217366,209.927723,-9.661732,2.446977,0.7440578833333333
44.736733,233.683664,233.683664,210.291729,-9.6535,2.454265,0.7456122166666667
44.829981,234.149903,234.149903,210.693288,-9.649002,2.465374,0.74716635
44.92321,234.61605,234.61605,211.00347,-9.63573,2.479132,0.7487201666666666
45.016425,235.082127,235.082127,211.41899,-9.638154,2.48565,0.75027375
45.109696,235.548479,235.548479,211.745286,-9.632986,2.496974,0.7518282666666667
45.202821,236.014105,236.014105,212.148363,-9.627402,2.505943,0.75338035
45.296121,236.480607,236.480607,212.495997,-9.619586,2.515586,0.75493535
45.389618,236.948089,236.948089,212.901847,-9.608196,2.524749,0.7564936333333333
45.482529,237.412647,237.412647,213.312646,-9.605835,2.531985,0.75804215
45.576018,237.880089,237.880089,213.741464,-9.604527,2.536306,0.7596003
45.669232,238.346161,238.346161,214.148605,-9.595338,2.546271,0.7611538666666667
45.762497,238.812487,238.812487,214.564017,-9.58398,2.553616,0.7627082833333334
45.8559,239.279499,239.279499,215.031417,-9.575749,2.553736,0.764265
45.949259,239.746296,239.746296,215.455279,-9.567007,2.558034,0.7658209833333333
46.042646,240.213231,240.213231,215.946553,-9.56002,2.554748,0.7673774333333333
46.136191,240.680954,240.680954,216.395718,-9.554245,2.560031,0.7689365166666666
46.229621,241.148103,241.148103,216.8415,-9.548151,2.553268,0.7704936833333333
46.322872,241.61436,241.61436,217.302656,-9.538675,2.554151,0.7720478666666666
46.416146,242.080732,242.080732,217.754491,-9.534751,2.552836,0.7736024333333333
46.509424,242.547119,242.547119,218.219082,-9.53105,2.554154,0.7751570666666667
46.602384,243.011919,243.011919,218.677673,-9.528083,2.547754,0.7767064
46.695762,243.478809,243.478809,219.159457,-9.515736,2.543225,0.7782627000000001
46.788777,243.943885,243.943885,219.62361,-9.474579,2.5445,0.7798129500000001
46.882072,244.41036,244.41036,220.120909,-9.478312,2.538968,0.7813678666666667
46.975304,244.876518,244.876518,220.597255,-9.473877,2.536545,0.7829217333333334
47.068472,245.34236,245.34236,221.063331,-9.472346,2.537662,0.7844745333333333
47.161912,245.809561,245.809561,221.56206,-9.466539,2.528,0.7860318666666667
47.254968,246.274841,246.274841,222.035576,-9.459328,2.526802,0.7875827999999999
47.348227,246.741135,246.741135,222.494557,-9.454096,2.524675,0.7891371166666666
47.441432,247.207158,247.207158,222.941143,-9.447141,2.525982,0.7906905333333333
47.534639,247.673193,247.673193,223.407332,-9.436357,2.524356,0.7922439833333333
47.628065,248.140323,248.140323,223.845961,-9.431252,2.525779,0.7938010833333333
47.72134,248.6067,248.6067,224.304899,-9.427264,2.528852,0.7953556666666667
47.814562,249.072809,249.072809,224.697912,-9.416672,2.531741,0.7969093666666667
47.907826,249.539128,249.539128,225.127346,-9.405186,2.535902,0.7984637666666666
48.001342,250.006709,250.006709,225.55198,-9.398231,2.537976,0.8000223666666667
48.094301,250.471505,250.471505,226.008042,-9.391212,2.541413,0.8015716833333334
48.187526,250.937632,250.937632,226.410764,-9.3885,2.546547,0.8031254333333333
48.280768,251.403842,251.403842,226.791888,-9.375419,2.554636,0.8046794666666667
48.374159,251.870797,251.870797,227.200414,-9.369357,2.55969,0.8062359833333334
48.467211,252.336053,252.336053,227.61456,-9.366071,2.564666,0.80778685
48.560461,252.802306,252.802306,227.991023,-9.358861,2.572835,0.8093410166666666
48.653679,253.268394,253.268394,228.442664,-9.351714,2.573069,0.8108946499999999
48.746845,253.734226,253.734226,228.842903,-9.338665,2.580451,0.8124474166666666
48.840098,254.200492,254.200492,229.197676,-9.333305,2.585922,0.8140016333333333
48.93361,254.668052,254.668052,229.604898,-9.327339,2.59346,0.8155601666666666
49.027114,255.13557,255.13557,229.981795,-9.319586,2.598928,0.8171185666666666
49.120049,255.600244,255.600244,230.361712,-9.316268,2.608117,0.8186674833333334
49.213284,256.066419,256.066419,230.717466,-9.30893,2.618453,0.8202214
49.306729,256.533645,256.533645,231.132254,-9.302389,2.627112,0.8217788166666666
49.399733,256.998664,256.998664,231.55761,-9.297093,2.634531,0.8233288833333333
49.493015,257.465074,257.465074,231.965179,-9.290297,2.63711,0.8248835833333333
49.586447,257.932236,257.932236,232.358275,-9.284842,2.648688,0.8264407833333334
49.679668,258.398339,258.398339,232.726748,-9.278014,2.659588,0.8279944666666667
49.772939,258.864697,258.864697,233.153733,-9.276227,2.658446,0.8295489833333334
49.866123,259.330615,259.330615,233.553968,-9.273898,2.665708,0.83110205
49.95937,259.796848,259.796848,233.964763,-9.267805,2.66976,0.8326561666666666
50.052621,260.263105,260.263105,234.347404,-9.267581,2.676242,0.83421035
50.145878,260.729392,260.729392,234.769163,-9.260658,2.681741,0.8357646333333334
50.238807,261.194036,261.194036,235.208313,-9.262508,2.679295,0.83731345
50.332281,261.661403,261.661403,235.610112,-9.257499,2.687218,0.83887135
50.42558,262.127902,262.127902,236.015385,-9.256383,2.691612,0.8404263333333333
50.518468,262.592339,262.592339,236.4621,-9.250576,2.69277,0.8419744666666666
50.611978,263.05989,263.05989,236.910149,-9.245695,2.695636,0.8435329666666667
50.705497,263.527487,263.527487,237.28692,-9.242919,2.700825,0.8450916166666667
50.79863,263.99315,263.99315,237.705592,-9.24043,2.704997,0.8466438333333334
50.891618,264.458092,264.458092,238.167086,-9.237495,2.701366,0.8481936333333333
50.984848,264.924241,264.924241,238.569586,-9.232582,2.70698,0.8497474666666667
51.078169,265.390845,265.390845,239.012306,-9.225722,2.709247,0.8513028166666667
51.17114,265.8557,265.8557,239.427151,-9.218576,2.715241,0.8528523333333333
51.264612,266.323058,266.323058,239.851816,-9.212801,2.716727,0.8544102
51.357763,266.788813,266.788813,240.299249,-9.207026,2.717585,0.8559627166666667
51.450964,267.254821,267.254821,240.699748,-9.198763,2.723924,0.8575160666666667
51.544481,267.722404,267.722404,241.123485,-9.197965,2.725197,0.8590746833333333
51.637501,268.187503,268.187503,241.554208,-9.194073,2.725285,0.8606250166666667
51.731011,268.655054,268.655054,242.013325,-9.191265,2.725368,0.8621835166666667
51.824249,269.121243,269.121243,242.465297,-9.193754,2.724182,0.8637374833333333
51.917422,269.587109,269.587109,242.880019,-9.188777,2.72763,0.8652903666666667
52.010446,270.052228,270.052228,243.291847,-9.187086,2.730199,0.8668407666666667
52.103646,270.518232,270.518232,243.710658,-9.18884,2.734002,0.8683941
52.19686,270.9843,270.9843,244.124459,-9.185108,2.733941,0.8699476666666667
52.29032,271.451601,271.451601,244.527374,-9.178567,2.741738,0.8715053333333334
52.383275,271.916376,271.916376,244.933982,-9.174579,2.747944,0.8730545833333333
52.476294,272.381471,272.381471,245.393622,-9.171069,2.746062,0.8746049
52.569796,272.848978,272.848978,245.762257,-9.168134,2.751474,0.8761632666666667
52.662787,273.313935,273.313935,246.1811,-9.167369,2.758182,0.8777131166666667
52.756024,273.780119,273.780119,246.618422,-9.167879,2.763273,0.8792670666666667
52.848942,274.244708,274.244708,247.006824,-9.16437,2.768752,0.8808157
52.942218,274.711091,274.711091,247.422863,-9.161434,2.774631,0.8823702999999999
53.035471,275.177353,275.177353,247.865352,-9.155149,2.778768,0.8839245166666667
53.128852,275.644258,275.644258,248.262933,-9.15081,2.783682,0.8854808666666667
53.222082,276.110409,276.110409,248.700101,-9.141972,2.785821,0.8870347
53.315358,276.576791,276.576791,249.117481,-9.135911,2.796169,0.8885893
53.408615,277.043075,277.043075,249.508048,-9.125892,2.800317,0.8901435833333333
53.50187,277.50935,277.50935,249.897141,-9.109844,2.810454,0.8916978333333333
53.595083,277.975415,277.975415,250.327437,-9.105346,2.813072,0.8932513833333334
53.688481,278.442407,278.442407,250.73046,-9.099348,2.820584,0.8948080166666668
53.78181,278.90905,278.90905,251.153569,-9.088309,2.824061,0.8963635
53.874727,279.373633,279.373633,251.539341,-9.075196,2.832542,0.8979121166666667
53.967988,279.839938,279.839938,251.918019,-9.063614,2.838612,0.8994664666666666
54.06138,280.306902,280.306902,252.367853,-9.04629,2.842819,0.901023
54.154702,280.773512,280.773512,252.74218,-9.032603,2.848514,0.9025783666666667
54.247939,281.239694,281.239694,253.16141,-9.020479,2.854436,0.9041323166666667
54.341185,281.705923,281.705923,253.534906,-9.008738,2.856507,0.9056864166666667
54.434368,282.171841,282.171841,253.953992,-8.998529,2.862469,0.9072394666666667
54.527603,282.638017,282.638017,254.324551,-8.980694,2.874652,0.9087933833333334
54.620823,283.104113,283.104113,254.744431,-8.96538,2.877187,0.91034705
54.714072,283.570359,283.570359,255.178507,-8.955681,2.879829,0.9119012000000001
54.807013,284.035065,284.035065,255.508397,-8.939218,2.889896,0.9134502166666666
54.900299,284.501496,284.501496,255.919641,-8.925244,2.895186,0.9150049833333332
54.993237,284.966187,284.966187,256.333853,-8.907632,2.895601,0.9165539500000001
55.086762,285.433808,285.433808,256.755005,-8.898699,2.900806,0.9181127
55.179927,285.899635,285.899635,257.148961,-8.885618,2.904724,0.91966545
55.273377,286.366883,286.366883,257.536773,-8.868581,2.911739,0.9212229500000001
55.366698,286.833489,286.833489,257.961212,-8.853841,2.916349,0.9227782999999999
55.459677,287.298385,287.298385,258.374591,-8.843568,2.915878,0.92432795
55.552569,287.762846,287.762846,258.786261,-8.83556,2.926804,0.92587615
55.64603,288.230148,288.230148,259.168193,-8.823787,2.930243,0.9274338333333334
55.739254,288.696271,288.696271,259.557302,-8.81613,2.938103,0.9289875666666667
55.832543,289.162716,289.162716,259.998183,-8.801709,2.939149,0.9305423833333334
55.92578,289.628899,289.628899,260.382251,-8.794594,2.944986,0.9320963333333334
56.019297,290.096487,290.096487,260.766022,-8.78448,2.950221,0.93365495
56.112482,290.562409,290.562409,261.184269,-8.777078,2.958994,0.9352080333333334
56.205725,291.028625,291.028625,261.613642,-8.766518,2.964673,0.9367620833333333
56.299243,291.496216,291.496216,262.046901,-8.75031,2.963347,0.9383207166666666
56.392163,291.960817,291.960817,262.45349,-8.745844,2.969524,0.9398693833333333
56.485456,292.42728,292.42728,262.883329,-8.735921,2.971515,0.9414242666666667
56.578587,292.892936,292.892936,263.310058,-8.727371,2.975547,0.94297645
56.671904,293.359521,293.359521,263.749997,-8.72217,2.979985,0.9445317333333333
56.765285,293.826427,293.826427,264.155591,-8.71228,2.984708,0.9460880833333333
56.858562,294.292809,294.292809,264.575563,-8.709504,2.992191,0.9476427
56.951793,294.758963,294.758963,265.012237,-8.700124,2.991514,0.94919655
57.045061,295.225307,295.225307,265.454653,-8.693201,2.992645,0.9507510166666666
57.138276,295.691378,295.691378,265.900712,-8.685448,2.998183,0.9523046
57.231542,296.15771,296.15771,266.3241,-8.678748,2.998881,0.9538590333333333
57.324709,296.623547,296.623547,266.741825,-8.671952,3.001813,0.9554118166666666
57.41775,297.08875,297.08875,267.170882,-8.666114,3.005979,0.9569624999999999
57.510712,297.553561,297.553561,267.5717,-8.666018,3.009633,0.9585118666666667
57.603697,298.018484,298.018484,268.017828,-8.656574,3.007269,0.9600616166666666
57.696676,298.483382,298.483382,268.467827,-8.652969,3.010765,0.9616112666666666
57.789767,298.948833,298.948833,268.881454,-8.64595,3.01256,0.9631627833333333
57.883014,299.415071,299.415071,269.260123,-8.64327,3.014957,0.9647169000000001
57.976088,299.880438,299.880438,269.716401,-8.636825,3.016019,0.9662681333333333
58.06902,300.345101,300.345101,270.117723,-8.631689,3.017355,0.967817
58.162273,300.811366,300.811366,270.563378,-8.627573,3.016819,0.9693712166666667
58.25552,301.277599,301.277599,270.984315,-8.621032,3.019544,0.9709253333333333
58.348473,301.742363,301.742363,271.359169,-8.614428,3.026765,0.9724745499999999
58.44187,302.209351,302.209351,271.831081,-8.610536,3.023987,0.9740311666666667
58.534965,302.674827,302.674827,272.184898,-8.6039,3.034425,0.9755827499999999
58.628138,303.14069,303.14069,272.625529,-8.596147,3.036587,0.9771356333333333
58.721543,303.607715,303.607715,273.036357,-8.597295,3.039102,0.9786923833333333
58.814574,304.072871,304.072871,273.442705,-8.59302,3.043051,0.9802429
58.907807,304.539033,304.539033,273.832736,-8.589925,3.046568,0.9817967833333333
59.00129,305.006448,305.006448,274.242435,-8.585905,3.050368,0.9833548333333333
59.094549,305.472747,305.472747,274.625145,-8.582077,3.053258,0.98490915
59.187774,305.938871,305.938871,275.014526,-8.579684,3.062263,0.9864628999999999
59.280719,306.403595,306.403595,275.450245,-8.575951,3.064038,0.9880119833333333
59.374139,306.870694,306.870694,275.827203,-8.571389,3.068549,0.9895689833333333
59.467722,307.338608,307.338608,276.232167,-8.567911,3.073371,0.9911287000000001
59.560953,307.804767,307.804767,276.630342,-8.564306,3.075653,0.9926825499999999
59.653941,308.269703,308.269703,277.054883,-8.561754,3.0806,0.9942323500000001
59.747338,308.736692,308.736692,277.495348,-8.556266,3.08236,0.9957889666666666
59.840838,309.20419,309.20419,277.910011,-8.554734,3.080599,0.9973472999999999
59.933805,309.669027,309.669027,278.324375,-8.549917,3.084347,0.99889675
60.027004,310.135021,310.135021,278.705771,-8.545291,3.09045,1.0004500666666667
60.120341,310.601705,310.601705,279.163556,-8.542738,3.093818,1.0020056833333333
60.213271,311.066356,311.066356,279.537416,-8.537251,3.100389,1.0035545166666666
60.30671,311.533549,311.533549,279.960085,-8.536964,3.100009,1.0051118333333333
60.399762,311.998808,311.998808,280.352817,-8.53154,3.108219,1.0066627000000001
60.493159,312.465796,312.465796,280.764241,-8.528158,3.109994,1.0082193166666666
60.586431,312.932155,312.932155,281.174212,-8.526499,3.116684,1.00977385
60.679442,313.39721,313.39721,281.612816,-8.517661,3.120282,1.0113240333333333
60.772951,313.864753,313.864753,282.018721,-8.516481,3.123118,1.0128825166666666
60.866061,314.330306,314.330306,282.435668,-8.513737,3.127052,1.01443435
60.959399,314.796994,314.796994,282.847229,-8.510068,3.132149,1.0159899833333332
61.052332,315.261659,315.261659,283.319556,-8.504708,3.130759,1.0175388666666667
61.1456,315.727999,315.727999,283.730287,-8.504963,3.133464,1.0190933333333334
61.238849,316.194244,316.194244,284.109741,-8.498167,3.137744,1.0206474833333334
61.331964,316.659822,316.659822,284.529137,-8.493988,3.142167,1.0221994
61.425483,317.127416,317.127416,284.987993,-8.495073,3.143775,1.02375805
61.519227,317.596135,317.596135,285.361262,-8.48917,3.149833,1.02532045
61.612788,318.063939,318.063939,285.758513,-8.487416,3.152796,1.0268798000000001
61.706013,318.530063,318.530063,286.172803,-8.483172,3.154602,1.02843355
61.799241,318.996205,318.996205,286.611286,-8.4818,3.155892,1.02998735
61.892181,319.460906,319.460906,286.98318,-8.476887,3.160259,1.03153635
61.985624,319.928121,319.928121,287.416685,-8.472388,3.163159,1.0330937333333334
62.078625,320.393125,320.393125,287.803942,-8.472931,3.16345,1.03464375
62.171888,320.859439,320.859439,288.219313,-8.46639,3.169179,1.0361981333333334
62.26514,321.325701,321.325701,288.599996,-8.464636,3.171388,1.0377523333333334
62.358605,321.793026,321.793026,289.046869,-8.459212,3.172308,1.0393100833333333
62.451872,322.25936,322.25936,289.396517,-8.458638,3.180661,1.0408645333333333
62.544842,322.724212,322.724212,289.851111,-8.454777,3.182469,1.0424140333333334
62.63821,323.19105,323.19105,290.22304,-8.45114,3.188318,1.0439701666666668
62.73152,323.6576,323.6576,290.588692,-8.44377,3.196923,1.0455253333333334
62.824748,324.123738,324.123738,290.989126,-8.442302,3.199161,1.0470791333333334
62.917995,324.589973,324.589973,291.383049,-8.438059,3.205643,1.04863325
63.010978,325.054891,325.054891,291.76239,-8.43573,3.213792,1.0501829666666667
63.104108,325.520539,325.520539,292.159206,-8.433305,3.222213,1.0517351333333333
63.197432,325.98716,325.98716,292.507787,-8.430402,3.230909,1.0532905333333333
63.290546,326.452728,326.452728,292.941382,-8.428137,3.238492,1.0548424333333333
63.383805,326.919024,326.919024,293.329513,-8.423893,3.243778,1.05639675
63.477381,327.386907,327.386907,293.671736,-8.424627,3.252555,1.05795635
63.570298,327.85149,327.85149,294.034196,-8.419427,3.259545,1.0595049666666667
63.663547,328.317737,328.317737,294.42495,-8.415981,3.262903,1.0610591166666667
63.75652,328.7826,328.7826,294.874623,-8.416172,3.265638,1.0626086666666668
63.849749,329.248746,329.248746,295.285538,-8.4081,3.266638,1.0641624833333334
63.943228,329.716138,329.716138,295.677974,-8.411801,3.271221,1.0657204666666666
64.036455,330.182273,330.182273,296.051709,-8.408802,3.275012,1.06727425
64.129701,330.648506,330.648506,296.483648,-8.406282,3.28076,1.06882835
64.222929,331.114645,331.114645,296.902636,-8.401273,3.283803,1.07038215
64.316181,331.580905,331.580905,297.315353,-8.398338,3.286606,1.07193635
64.409144,332.045718,332.045718,297.715359,-8.400571,3.287521,1.0734857333333332
64.502108,332.510541,332.510541,298.092304,-8.397093,3.29253,1.0750351333333334
64.595355,332.976774,332.976774,298.500265,-8.396615,3.297181,1.07658925
64.688609,333.443046,333.443046,298.928649,-8.392659,3.297759,1.0781434833333334
64.781974,333.909872,333.909872,299.356516,-8.391287,3.300605,1.0796995666666667
64.875208,334.376041,334.376041,299.727979,-8.388671,3.305556,1.0812534666666667
64.96845,334.842252,334.842252,300.145393,-8.38615,3.302639,1.0828075000000001
65.061721,335.308604,335.308604,300.554705,-8.382417,3.305477,1.0843620166666668
65.154959,335.774795,335.774795,301.005351,-8.37744,3.30846,1.0859159833333334
65.248644,336.24322,336.24322,301.445131,-8.375079,3.309688,1.0874774
65.341707,336.708533,336.708533,301.850377,-8.372718,3.313211,1.08902845
65.434831,337.174157,337.174157,302.301308,-8.372112,3.314212,1.0905805166666667
65.527879,337.639395,337.639395,302.66325,-8.367996,3.318366,1.0921313166666666
65.620847,338.104233,338.104233,303.0587,-8.364902,3.321643,1.0936807833333333
65.714094,338.570468,338.570468,303.44928,-8.364263,3.324928,1.0952349000000001
65.807327,339.036636,339.036636,303.832924,-8.364008,3.331087,1.0967887833333334
65.900245,339.501223,339.501223,304.254884,-8.359542,3.334745,1.0983374166666666
65.993232,339.966159,339.966159,304.645329,-8.358648,3.342525,1.0998872000000002
66.086172,340.430861,340.430861,305.01116,-8.35348,3.347905,1.1014362
66.179424,340.897119,340.897119,305.396011,-8.35147,3.353938,1.1029904
66.272659,341.363294,341.363294,305.76934,-8.352682,3.363285,1.1045443166666666
66.366185,341.830925,341.830925,306.186478,-8.347545,3.366949,1.1061030833333334
66.459102,342.295509,342.295509,306.581072,-8.349906,3.373015,1.1076517000000001
66.552355,342.761773,342.761773,306.942803,-8.345248,3.379512,1.1092059166666668
66.645571,343.227856,343.227856,307.324464,-8.344451,3.385184,1.1107595166666668
66.739105,343.695523,343.695523,307.69989,-8.342504,3.395977,1.1123184166666666
66.832033,344.160165,344.160165,308.083537,-8.343589,3.402147,1.1138672166666665
66.925561,344.627807,344.627807,308.469898,-8.340845,3.409916,1.1154260166666667
67.018783,345.093914,345.093914,308.87457,-8.337974,3.41292,1.1169797166666666
67.111933,345.559664,345.559664,309.276675,-8.339154,3.420326,1.1185322166666665
67.204934,346.02467,346.02467,309.659473,-8.336825,3.425746,1.1200822333333333
67.298221,346.491107,346.491107,310.013567,-8.333763,3.432613,1.1216370166666667
67.39137,346.956851,346.956851,310.412342,-8.334656,3.440606,1.1231894999999998
67.484613,347.423066,347.423066,310.777601,-8.337017,3.446622,1.12474355
67.577839,347.889193,347.889193,311.143513,-8.336825,3.452397,1.1262973166666665
67.671387,348.356935,348.356935,311.556384,-8.334401,3.45716,1.12785645
67.764303,348.821516,348.821516,311.930705,-8.334018,3.463185,1.12940505
67.85757,349.287848,349.287848,312.302698,-8.332646,3.471737,1.1309595
67.950738,349.753689,349.753689,312.66526,-8.333826,3.478384,1.1325123
68.043763,350.218815,350.218815,313.022977,-8.3307,3.487718,1.1340627166666666
68.137024,350.685119,350.685119,313.406325,-8.331721,3.495104,1.1356170666666665
68.230241,351.151207,351.151207,313.77841,-8.329168,3.501844,1.1371706833333335
68.323453,351.617264,351.617264,314.189406,-8.330125,3.504334,1.1387242166666667
68.416713,352.083565,352.083565,314.583867,-8.328371,3.50962,1.1402785500000001
68.509952,352.549762,352.549762,314.972108,-8.329009,3.513257,1.1418325333333332
68.603416,353.017082,353.017082,315.348174,-8.330859,3.518798,1.1433902666666667
68.696657,353.483283,353.483283,315.737488,-8.330668,3.525207,1.1449442833333334
68.789853,353.949263,353.949263,316.153327,-8.330253,3.531934,1.1464975499999999
68.882839,354.414197,354.414197,316.516466,-8.329232,3.533854,1.1480473166666667
68.975995,354.879974,354.879974,316.914372,-8.329009,3.540201,1.1495999166666666
69.06904,355.345198,355.345198,317.299422,-8.327254,3.544404,1.1511506666666667
69.162533,355.812663,355.812663,317.718085,-8.325435,3.548503,1.1527088833333332
69.255673,356.278364,356.278364,318.094824,-8.324319,3.555244,1.1542612166666666
69.348993,356.744963,356.744963,318.464666,-8.324383,3.559825,1.15581655
69.441963,357.209817,357.209817,318.889167,-8.324414,3.562571,1.15736605
69.53588,357.679399,357.679399,319.269239,-8.322628,3.567084,1.1589313333333335
69.629112,358.145559,358.145559,319.673301,-8.324957,3.571862,1.1604852
69.722118,358.610591,358.610591,320.044384,-8.323936,3.579614,1.1620352999999999
69.815653,359.078264,359.078264,320.444946,-8.324223,3.585432,1.1635942166666666
69.908854,359.54427,359.54427,320.831291,-8.323425,3.589996,1.1651475666666669
70.002071,360.010357,360.010357,321.177807,-8.321575,3.601758,1.1667011833333334
70.095504,360.477518,360.477518,321.567749,-8.319629,3.602713,1.1682584
70.188839,360.944193,360.944193,321.976182,-8.319182,3.606037,1.1698139833333334
70.282225,361.411123,361.411123,322.368345,-8.317906,3.613663,1.1713704166666665
70.375514,361.87757,361.87757,322.766648,-8.316757,3.619676,1.1729252333333333
70.468949,362.344744,362.344744,323.174519,-8.315609,3.621612,1.1744824833333332
70.561981,362.809907,362.809907,323.56041,-8.315704,3.627043,1.1760330166666668
70.655203,363.276017,363.276017,323.922726,-8.313024,3.632223,1.1775867166666667
70.748445,363.742223,363.742223,324.302615,-8.316151,3.635699,1.17914075
70.841708,364.208538,364.208538,324.726583,-8.314014,3.63953,1.1806951333333333
70.93469,364.673452,364.673452,325.109151,-8.313248,3.649371,1.1822448333333333
71.027943,365.139716,365.139716,325.504258,-8.312482,3.652735,1.18379905
71.121294,365.606468,365.606468,325.905502,-8.311238,3.655717,1.1853549
71.214342,366.071711,366.071711,326.269245,-8.306644,3.66277,1.1869057
71.307595,366.537977,366.537977,326.685963,-8.305367,3.668252,1.1884599166666667
71.400512,367.002558,367.002558,327.065412,-8.303485,3.673598,1.1900085333333335
71.493964,367.469822,367.469822,327.466761,-8.303038,3.677277,1.1915660666666668
71.586895,367.934474,367.934474,327.845923,-8.300996,3.683469,1.1931149166666666
71.679951,368.399756,368.399756,328.233279,-8.299274,3.688516,1.19466585
71.77314,368.8657,368.8657,328.629285,-8.296945,3.697098,1.196219
71.866418,369.332092,369.332092,328.994204,-8.297678,3.70142,1.1977736333333333
71.959406,369.79703,369.79703,329.36435,-8.295732,3.712519,1.1993234333333334
72.052553,370.262764,370.262764,329.7331,-8.293754,3.718228,1.2008758833333333
72.145869,370.729344,370.729344,330.103879,-8.289638,3.726479,1.20243115
72.239121,371.195605,371.195605,330.473492,-8.288681,3.732098,1.20398535
72.332263,371.661316,371.661316,330.82961,-8.288043,3.738645,1.2055377166666665
72.425726,372.12863,372.12863,331.2309,-8.286863,3.744963,1.2070954333333332
72.519237,372.596184,372.596184,331.633759,-8.287979,3.750869,1.20865395
72.61274,373.063702,373.063702,331.994366,-8.283194,3.756202,1.2102123333333334
72.706547,373.532736,373.532736,332.380965,-8.284087,3.766492,1.2117757833333334
72.799488,373.997438,373.997438,332.757269,-8.281694,3.7679,1.2133247999999999
72.892715,374.463577,374.463577,333.17462,-8.281885,3.777528,1.2148785833333333
72.985965,374.929827,374.929827,333.542656,-8.275664,3.78234,1.2164327499999998
73.078898,375.394488,375.394488,333.95356,-8.276813,3.789701,1.2179816333333333
73.172127,375.860635,375.860635,334.36626,-8.279333,3.794872,1.21953545
73.265406,376.327029,376.327029,334.738097,-8.277866,3.803034,1.2210901
73.358576,376.792878,376.792878,335.165566,-8.275696,3.803294,1.2226429333333333
73.45182,377.259101,377.259101,335.525035,-8.276079,3.81082,1.224197
73.545056,377.725282,377.725282,335.948797,-8.271325,3.813488,1.2257509333333334
73.638555,378.192773,378.192773,336.341513,-8.269347,3.815608,1.22730925
73.731807,378.659035,378.659035,336.74036,-8.270368,3.82068,1.22886345
73.82472,379.123599,379.123599,337.11387,-8.268166,3.825692,1.230412
73.917983,379.589915,379.589915,337.519049,-8.269379,3.830907,1.2319663833333334
74.011227,380.056134,380.056134,337.903682,-8.266635,3.833129,1.23352045
74.104426,380.522132,380.522132,338.323854,-8.263668,3.838392,1.2350737666666667
74.197645,380.988223,380.988223,338.761321,-8.262551,3.840632,1.2366274166666666
74.291163,381.455816,381.455816,339.125588,-8.260988,3.844759,1.23818605
74.384141,381.920707,381.920707,339.554108,-8.261275,3.84757,1.2397356833333333
74.477367,382.386833,382.386833,339.931774,-8.259839,3.850213,1.24128945
74.570555,382.852777,382.852777,340.349755,-8.258818,3.851956,1.2428425833333334
74.663826,383.319129,383.319129,340.754947,-8.255819,3.856967,1.2443971
74.757091,383.785454,383.785454,341.135958,-8.255819,3.860525,1.2459515166666668
74.850431,384.252154,384.252154,341.530161,-8.255054,3.863376,1.2475071833333333
74.94377,384.718848,384.718848,341.902922,-8.255149,3.866049,1.2490628333333333
75.036741,385.183706,385.183706,342.314164,-8.25164,3.869708,1.2506123500000002
75.129677,385.648385,385.648385,342.70556,-8.248928,3.87431,1.2521612833333333
75.222695,386.113474,386.113474,343.042487,-8.251129,3.884096,1.2537115833333334
75.315824,386.579119,386.579119,343.445455,-8.248162,3.883628,1.2552637333333334
75.40884,387.044199,387.044199,343.81241,-8.249375,3.889684,1.2568139999999999
75.502038,387.510192,387.510192,344.178661,-8.248354,3.897196,1.2583673
75.595543,387.977716,387.977716,344.540108,-8.245865,3.902863,1.2599257166666669
75.688795,388.443974,388.443974,344.940705,-8.244908,3.908336,1.2614799166666666
75.782026,388.910129,388.910129,345.276149,-8.244078,3.916575,1.2630337666666667
75.875241,389.376207,389.376207,345.651425,-8.245004,3.918638,1.26458735
75.968703,389.843515,389.843515,346.059696,-8.242643,3.925017,1.26614505
76.061696,390.308478,390.308478,346.394855,-8.242707,3.93121,1.2676949333333334
76.155213,390.776064,390.776064,346.764376,-8.2421,3.938793,1.26925355
76.248459,391.242296,391.242296,347.121355,-8.24159,3.947494,1.2708076499999998
76.341881,391.709407,391.709407,347.542511,-8.239835,3.951089,1.2723646833333333
76.435159,392.175796,392.175796,347.904228,-8.241622,3.959165,1.2739193166666667
76.528403,392.642017,392.642017,348.325335,-8.24025,3.961291,1.2754733833333334
76.62162,393.108101,393.108101,348.667208,-8.239261,3.971022,1.277027
76.715057,393.575287,393.575287,349.06619,-8.238048,3.974378,1.2785842833333334
76.808108,394.040538,394.040538,349.433743,-8.238591,3.983709,1.2801351333333335
76.90131,394.50655,394.50655,349.797179,-8.235815,3.988828,1.2816885
76.994727,394.973635,394.973635,350.173794,-8.237378,3.994435,1.28324545
77.088253,395.441263,395.441263,350.565861,-8.234986,3.999097,1.2848042166666667
77.181466,395.907331,395.907331,350.925597,-8.237378,4.007702,1.2863577666666666
77.274686,396.373431,396.373431,351.317621,-8.237442,4.011262,1.2879114333333335
77.368,396.839998,396.839998,351.708257,-8.235624,4.01677,1.2894666666666665
77.460976,397.304878,397.304878,352.054738,-8.234124,4.022217,1.2910162666666667
77.554205,397.771024,397.771024,352.424859,-8.235432,4.029831,1.2925700833333333
77.647154,398.23577,398.23577,352.768347,-8.236613,4.036978,1.2941192333333333
77.740156,398.700779,398.700779,353.15094,-8.238431,4.038797,1.2956692666666667
77.833116,399.165582,399.165582,353.511677,-8.234858,4.046681,1.2972186
77.926057,399.630285,399.630285,353.895594,-8.233773,4.052977,1.2987676166666666
78.019265,400.096324,400.096324,354.23628,-8.232848,4.061084,1.3003210833333334
78.112236,400.561178,400.561178,354.631299,-8.232433,4.06515,1.3018706
78.20577,401.028849,401.028849,355.022431,-8.236134,4.067573,1.3034295
78.299021,401.495104,401.495104,355.397851,-8.236517,4.078431,1.3049836833333333
78.392455,401.962274,401.962274,355.799399,-8.235975,4.081424,1.3065409166666666
78.485935,402.429676,402.429676,356.18751,-8.234507,4.086516,1.3080989166666666
78.579128,402.895641,402.895641,356.568551,-8.234188,4.092561,1.3096521333333333
78.672413,403.362066,403.362066,356.927975,-8.232848,4.098221,1.3112068833333335
78.765643,403.828215,403.828215,357.317614,-8.235081,4.103775,1.3127607166666666
78.85881,404.29405,404.29405,357.653587,-8.233901,4.114419,1.3143135000000001
78.951842,404.759209,404.759209,358.044323,-8.234922,4.117485,1.3158640333333333
79.045053,405.225266,405.225266,358.402535,-8.241207,4.12477,1.3174175499999998
79.138311,405.691555,405.691555,358.785729,-8.240569,4.128384,1.31897185
79.231455,406.157273,406.157273,359.150721,-8.239388,4.134007,1.3205242499999998
79.325035,406.625176,406.625176,359.510467,-8.240473,4.137837,1.3220839166666667
79.418436,407.092179,407.092179,359.832247,-8.240984,4.147233,1.3236406
79.511752,407.55876,407.55876,360.155375,-8.242547,4.155419,1.3251958666666668
79.604727,408.023637,408.023637,360.55506,-8.241781,4.157284,1.32674545
79.697945,408.489726,408.489726,360.935638,-8.243345,4.162523,1.3282990833333335
79.79118,408.955902,408.955902,361.270984,-8.245769,4.168499,1.329853
79.884314,409.421568,409.421568,361.640618,-8.244972,4.17261,1.3314052333333335
79.977562,409.88781,409.88781,361.992741,-8.249151,4.179375,1.3329593666666668
80.070807,410.354036,410.354036,362.33735,-8.25014,4.183401,1.33451345
80.164087,410.820437,410.820437,362.729871,-8.246854,4.183804,1.3360681166666666
80.257363,411.286815,411.286815,363.090116,-8.249056,4.191731,1.3376227166666665
80.350284,411.751418,411.751418,363.416729,-8.251959,4.196227,1.3391714000000001
80.44326,412.2163,412.2163,363.751957,-8.251066,4.202024,1.3407209999999998
80.536412,412.682062,412.682062,364.133043,-8.254352,4.204927,1.3422735333333333
80.629408,413.147042,413.147042,364.433946,-8.257383,4.215187,1.3438234666666666
80.722865,413.614327,413.614327,364.77889,-8.257255,4.220853,1.3453810833333333
80.815919,414.079595,414.079595,365.162646,-8.257478,4.222545,1.3469319833333333
80.909111,414.545554,414.545554,365.47622,-8.25633,4.229307,1.3484851833333333
81.002354,415.011768,415.011768,365.819524,-8.258372,4.233905,1.3500392333333333
81.095607,415.478036,415.478036,366.158724,-8.25617,4.240191,1.35159345
81.18857,415.942852,415.942852,366.488827,-8.260477,4.245307,1.3531428333333333
81.281786,416.408929,416.408929,366.819141,-8.261371,4.25385,1.3546964333333333
81.374954,416.874768,416.874768,367.180539,-8.265327,4.259838,1.3562492333333334
81.468166,417.340829,417.340829,367.51082,-8.264274,4.268049,1.3578027666666665
81.561403,417.807017,417.807017,367.893518,-8.26555,4.273695,1.3593567166666667
81.654695,418.273476,418.273476,368.285955,-8.26839,4.280795,1.3609115833333334
81.747964,418.73982,418.73982,368.646369,-8.270049,4.284321,1.3624660666666666
81.841101,419.205507,419.205507,369.043984,-8.271644,4.287284,1.3640183499999998
81.934126,419.670631,419.670631,369.397551,-8.276143,4.296281,1.3655687666666667
82.027377,420.136884,420.136884,369.783776,-8.275281,4.298489,1.36712295
82.120509,420.602543,420.602543,370.118472,-8.277227,4.309025,1.36867515
82.213507,421.067536,421.067536,370.53438,-8.277036,4.308023,1.3702251166666668
82.307078,421.535391,421.535391,370.917365,-8.278216,4.313084,1.3717846333333334
82.400296,422.001481,422.001481,371.272652,-8.283353,4.318152,1.3733382666666667
82.493676,422.468381,422.468381,371.650605,-8.282811,4.324013,1.3748946
82.586998,422.934988,422.934988,372.005173,-8.288522,4.324243,1.3764499666666665
82.680229,423.401143,423.401143,372.412348,-8.285331,4.331987,1.3780038166666666
82.773387,423.866936,423.866936,372.782754,-8.289894,4.33417,1.37955645
82.866447,424.332234,424.332234,373.168109,-8.289255,4.340791,1.3811074499999998
82.959588,424.797938,424.797938,373.515114,-8.294265,4.346273,1.3826597999999999
83.053052,425.265259,425.265259,373.923105,-8.295509,4.35233,1.3842175333333333
83.146274,425.731371,425.731371,374.305901,-8.295955,4.356472,1.3857712333333334
83.239877,426.199386,426.199386,374.695932,-8.294105,4.361531,1.3873312833333336
83.332836,426.664182,426.664182,375.028121,-8.2972,4.369529,1.3888806
83.426318,427.13159,427.13159,375.420604,-8.296051,4.375608,1.3904386333333332
83.51947,427.597348,427.597348,375.764319,-8.297806,4.378691,1.3919911666666667
83.612801,428.064004,428.064004,376.107337,-8.303198,4.385697,1.3935466833333334
83.705938,428.529689,428.529689,376.47142,-8.304761,4.39159,1.3950989666666667
83.799466,428.997328,428.997328,376.8713,-8.307888,4.397631,1.3966577666666666
83.892912,429.464559,429.464559,377.235795,-8.308909,4.405408,1.3982151999999999
83.986193,429.930964,429.930964,377.586444,-8.310313,4.410516,1.3997698833333334
84.079227,430.396133,430.396133,377.957926,-8.314077,4.416414,1.40132045
84.172591,430.862955,430.862955,378.333693,-8.316917,4.422684,1.4028765166666666
84.265617,431.328085,431.328085,378.712385,-8.321798,4.429383,1.4044269500000002
84.359168,431.79584,431.79584,379.092415,-8.321926,4.435147,1.4059861333333332
84.452045,432.260227,432.260227,379.497574,-8.323043,4.437824,1.4075340833333334
84.545075,432.725373,432.725373,379.851276,-8.326903,4.446777,1.4090845833333332
84.638312,433.191562,433.191562,380.221951,-8.327445,4.451779,1.4106385333333333
84.731446,433.65723,433.65723,380.613221,-8.330604,4.46103,1.4121907666666667
84.824464,434.122321,434.122321,380.975697,-8.332167,4.464986,1.4137410666666668
84.917926,434.58963,434.58963,381.368055,-8.335007,4.469069,1.4152987666666665
85.010931,435.054657,435.054657,381.766052,-8.338357,4.470629,1.41684885
85.104216,435.521081,435.521081,382.134127,-8.339697,4.479385,1.4184036
85.197333,435.986664,435.986664,382.522112,-8.338708,4.482973,1.41995555
85.290354,436.451768,436.451768,382.920717,-8.341292,4.486124,1.4215058999999999
85.383618,436.918089,436.918089,383.334245,-8.343366,4.488645,1.4230603
85.476841,437.384203,437.384203,383.673471,-8.343525,4.495446,1.4246140166666665
85.570093,437.850465,437.850465,384.084912,-8.347418,4.497607,1.4261682166666667
85.663016,438.315082,438.315082,384.463496,-8.350449,4.500124,1.4277169333333333
85.756263,438.781316,438.781316,384.818964,-8.355394,4.507362,1.42927105
85.849766,439.248829,439.248829,385.246631,-8.360594,4.505736,1.4308294333333333
85.942723,439.713615,439.713615,385.628315,-8.358425,4.512738,1.4323787166666666
86.035882,440.17941,440.17941,386.00477,-8.36337,4.518494,1.4339313666666667
86.128911,440.644553,440.644553,386.387087,-8.360052,4.529713,1.43548185
86.222164,441.110819,441.110819,386.749916,-8.363402,4.606911,1.4370360666666668
86.315328,441.576642,441.576642,387.158669,-8.364008,4.633037,1.4385888
86.408527,442.042637,442.042637,387.5468,-8.364646,4.652567,1.4401421166666668
86.50185,442.509249,442.509249,387.943733,-8.371538,4.661668,1.4416975
86.594825,442.974124,442.974124,388.353312,-8.371059,4.662312,1.4432470833333333
86.688029,443.440143,443.440143,388.773273,-8.376068,4.66641,1.4448004833333334
86.781517,443.907587,443.907587,389.23212,-8.376292,4.663083,1.4463586166666667
86.874764,444.373822,444.373822,389.681657,-8.376004,4.660292,1.4479127333333333
86.967961,444.839803,444.839803,390.140663,-8.381332,4.656344,1.4494660166666666
87.061195,445.305975,445.305975,390.627457,-8.379897,4.65088,1.4510199166666666
87.15447,445.772351,445.772351,391.079155,-8.380726,4.645341,1.4525745
87.247604,446.238022,446.238022,391.515215,-8.38296,4.639418,1.4541267333333332
87.341084,446.705419,446.705419,391.999865,-8.383311,4.634082,1.4556847333333331
87.434136,447.170678,447.170678,392.456889,-8.383023,4.624753,1.4572356
87.527371,447.636856,447.636856,392.914783,-8.385959,4.615895,1.4587895166666667
87.62034,448.101702,448.101702,393.340763,-8.388383,4.611339,1.460339
87.713479,448.567396,448.567396,393.777565,-8.388862,4.608556,1.4618913166666667
87.806717,449.033587,449.033587,394.251862,-8.39084,4.604677,1.4634452833333333
87.899721,449.498604,449.498604,394.668255,-8.394828,4.600695,1.46499535
87.993241,449.966203,449.966203,395.100893,-8.396934,4.59912,1.4665540166666666
88.086475,450.432375,450.432375,395.51022,-8.396455,4.600393,1.4681079166666666
88.17971,450.898549,450.898549,395.888332,-8.396647,4.600257,1.4696618333333333
88.273178,451.36589,451.36589,396.256928,-8.396264,4.603703,1.4712196333333334
88.366459,451.832293,451.832293,396.631603,-8.397444,4.610771,1.4727743166666667
88.459361,452.296805,452.296805,396.965356,-8.400539,4.621532,1.4743226833333334
88.552903,452.764515,452.764515,397.365293,-8.40708,4.625337,1.4758817166666667
88.646038,453.230192,453.230192,397.699909,-8.40223,4.635235,1.4774339666666667
88.739361,453.696807,453.696807,398.040154,-8.405708,4.64275,1.47898935
88.832272,454.16136,454.16136,398.383994,-8.408164,4.657406,1.4805378666666666
88.925506,454.627532,454.627532,398.703869,-8.407111,4.667471,1.4820917666666666
89.01874,455.0937,455.0937,399.028019,-8.410047,4.679695,1.4836456666666666
89.112024,455.560118,455.560118,399.331146,-8.408707,4.690692,1.4852004
89.205159,456.025793,456.025793,399.636967,-8.416428,4.702301,1.48675265
89.298143,456.490717,456.490717,399.982296,-8.416523,4.715469,1.4883023833333333
89.391408,456.957039,456.957039,400.293053,-8.413492,4.728594,1.4898567999999999
89.484654,457.423271,457.423271,400.636537,-8.41346,4.739374,1.4914109000000002
89.578117,457.890584,457.890584,400.935291,-8.41614,4.750024,1.4929686166666667
89.671376,458.356881,458.356881,401.238998,-8.413939,4.760842,1.4945229333333332
89.764538,458.82269,458.82269,401.559171,-8.417098,4.773045,1.4960756333333334
89.85779,459.288948,459.288948,401.907323,-8.416523,4.781168,1.4976298333333333
89.951055,459.755276,459.755276,402.239877,-8.418565,4.791151,1.4991842499999999
90.044286,460.22143,460.22143,402.569478,-8.416906,4.796778,1.5007381
90.137494,460.687469,460.687469,402.954817,-8.420543,4.800804,1.5022915666666667
90.230687,461.153435,461.153435,403.290472,-8.418119,4.813218,1.5038447833333335
90.324177,461.620883,461.620883,403.682987,-8.416491,4.815408,1.5054029500000001
90.417222,462.086108,462.086108,404.084503,-8.415662,4.816477,1.5069537
90.510394,462.55197,462.55197,404.44221,-8.416013,4.822241,1.5085065666666668
90.603429,463.017146,463.017146,404.802379,-8.418023,4.823721,1.5100571500000002
90.696411,463.482056,463.482056,405.187121,-8.415247,4.828434,1.51160685
90.789321,463.946607,463.946607,405.583119,-8.41445,4.829132,1.5131553500000001
90.882584,464.412918,464.412918,406.003458,-8.410589,4.832599,1.5147097333333333
90.975524,464.87762,464.87762,406.396695,-8.409472,4.835425,1.5162587333333333
91.068788,465.343941,465.343941,406.796673,-8.408547,4.836489,1.5178131333333333
91.161748,465.808739,465.808739,407.209482,-8.406665,4.841307,1.5193624666666667
91.254978,466.27489,466.27489,407.544671,-8.404655,4.849643,1.5209162999999999
91.348215,466.741074,466.741074,407.97299,-8.4029,4.850522,1.52247025
91.441448,467.20724,467.20724,408.360232,-8.405133,4.859608,1.5240241333333333
91.534403,467.672013,467.672013,408.723094,-8.400858,4.866564,1.5255733833333334
91.62753,468.137651,468.137651,409.100366,-8.397157,4.874595,1.5271255
91.72086,468.604298,468.604298,409.516848,-8.396009,4.875872,1.528681
91.814075,469.070376,469.070376,409.854161,-8.397923,4.885421,1.5302345833333333
91.907342,469.536712,469.536712,410.180859,-8.39904,4.892283,1.5317890333333333
92.00028,470.001402,470.001402,410.574044,-8.396551,4.896628,1.533338
92.094049,470.470243,470.470243,410.961794,-8.397125,4.902449,1.5349008166666667
92.187004,470.93502,470.93502,411.307592,-8.393775,4.908399,1.5364500666666667
92.279956,471.39978,471.39978,411.699577,-8.392435,4.916809,1.5379992666666666
92.373204,471.866018,471.866018,412.081393,-8.392403,4.924571,1.5395534
92.466719,472.333595,472.333595,412.449438,-8.390042,4.93154,1.5411119833333333
92.560353,472.801765,472.801765,412.821517,-8.386405,4.937015,1.54267255
92.653831,473.269153,473.269153,413.206644,-8.386788,4.946376,1.5442305166666666
92.747106,473.735528,473.735528,413.553889,-8.386086,4.952549,1.5457851
92.840109,474.200546,474.200546,413.914184,-8.388383,4.959851,1.5473351499999999
92.933085,474.665424,474.665424,414.251251,-8.389819,4.969163,1.54888475
93.026357,475.131786,475.131786,414.669179,-8.386852,4.974189,1.5504392833333334
93.119552,475.597759,475.597759,415.031435,-8.384587,4.981094,1.5519925333333333
93.212801,476.064003,476.064003,415.424305,-8.38749,4.985189,1.5535466833333333
93.305998,476.52999,476.52999,415.81197,-8.389755,4.993791,1.5550999666666667
93.399194,476.995968,476.995968,416.166501,-8.387331,5.001601,1.5566532333333332
93.492433,477.462163,477.462163,416.523489,-8.384236,5.009232,1.5582072166666667
93.585973,477.929864,477.929864,416.885861,-8.38229,5.019291,1.5597662166666666
93.679188,478.395938,478.395938,417.291225,-8.383119,5.023763,1.5613198
93.772328,478.86164,478.86164,417.67607,-8.387554,5.031755,1.5628721333333333
93.865375,479.326874,479.326874,418.078455,-8.384204,5.036417,1.5644229166666668
93.958621,479.793103,479.793103,418.483066,-8.380535,5.042245,1.5659770166666667
94.051873,480.259367,480.259367,418.849378,-8.377695,5.049539,1.5675312166666666
94.145286,480.726428,480.726428,419.245609,-8.379354,5.053777,1.5690880999999999
94.238817,481.194087,481.194087,419.640916,-8.379897,5.056932,1.57064695
94.331989,481.659945,481.659945,419.983075,-8.382545,5.057914,1.5721998166666666
94.425271,482.126353,482.126353,418.198468,-8.380375,5.223021,1.5737545166666667
94.518222,482.591109,482.591109,415.788319,-8.382194,5.288012,1.5753036999999999
94.61176,483.058802,483.058802,415.224494,-8.37961,5.233231,1.5768626666666667
94.704714,483.523568,483.523568,415.731331,-8.374983,5.148843,1.5784118999999999
94.797867,483.989334,483.989334,416.517408,-8.365284,5.05171,1.5799644499999999
94.890885,484.454424,484.454424,417.545014,-8.352778,4.935864,1.58151475
94.984144,484.920718,484.920718,418.582357,-8.347609,4.82857,1.5830690666666667
95.07712,485.385602,485.385602,419.656449,-8.33724,4.721417,1.5846186666666666
95.170858,485.854291,485.854291,420.655185,-8.328307,4.63114,1.5861809666666666
95.264033,486.320165,486.320165,421.58918,-8.320394,4.556441,1.5877338833333332
95.35721,486.786052,486.786052,422.356756,-8.309643,4.510122,1.5892868333333332
95.450265,487.251327,487.251327,423.023447,-8.304346,4.47443,1.59083775
95.543231,487.716154,487.716154,423.526064,-8.296434,4.459153,1.5923871833333334
95.63671,488.183552,488.183552,423.896816,-8.294743,4.466833,1.5939451666666666
95.730185,488.650924,488.650924,424.166318,-8.291042,4.485687,1.5955030833333335
95.823488,489.117441,489.117441,424.306464,-8.28833,4.521785,1.5970581333333334
95.916942,489.584708,489.584708,424.39307,-8.29034,4.570501,1.5986157
96.009916,490.049579,490.049579,424.398019,-8.287182,4.628305,1.6001652666666668
96.103135,490.515674,490.515674,424.318162,-8.291744,4.695506,1.6017189166666665
96.196627,490.983133,490.983133,424.252701,-8.296083,4.764986,1.6032771166666668
96.289793,491.448966,491.448966,424.196237,-8.300039,4.836455,1.6048298833333334
96.382879,491.914394,491.914394,424.138424,-8.308015,4.905704,1.6063813166666667
96.47608,492.380401,492.380401,424.100406,-8.312482,4.971694,1.6079346666666665
96.568999,492.844994,492.844994,424.086684,-8.31529,5.038316,1.6094833166666667
96.662263,493.311314,493.311314,424.151696,-8.323234,5.095415,1.6110377166666665
96.755213,493.776064,493.776064,424.254051,-8.327764,5.145353,1.6125868833333332
96.848758,494.24379,494.24379,424.397569,-8.336379,5.18788,1.6141459666666667
96.941921,494.709607,494.709607,424.642983,-8.342313,5.22308,1.6156986833333333
97.035486,495.177428,495.177428,424.947095,-8.342887,5.241729,1.6172581000000001
97.128867,495.644333,495.644333,425.239498,-8.347226,5.253881,1.61881445
97.222434,496.112168,496.112168,425.685276,-8.348917,5.252406,1.6203739000000001
97.315917,496.579584,496.579584,426.047815,-8.352172,5.249018,1.62193195
97.409083,497.045415,497.045415,426.336573,-8.349109,5.235221,1.6234847166666666
97.502401,497.512005,497.512005,426.729211,-8.353193,5.214965,1.6250400166666668
97.595485,497.977423,497.977423,427.187487,-8.34745,5.188211,1.6265914166666666
97.688837,498.444187,498.444187,427.700594,-8.350704,5.163557,1.6281472833333335
97.781803,498.909016,498.909016,428.24042,-8.348503,5.136766,1.6296967166666667
97.874956,499.37478,499.37478,428.839555,-8.346556,5.107937,1.6312492666666667
97.96821,499.841052,499.841052,429.408295,-8.34544,5.084665,1.6328035
98.061713,500.308565,500.308565,429.982836,-8.343238,5.061613,1.6343618833333333
98.155232,500.776161,500.776161,430.535082,-8.3441,5.039313,1.6359205333333333
98.248181,501.240905,501.240905,431.02953,-8.33807,5.024872,1.6374696833333333
98.341111,501.705557,501.705557,431.523048,-8.340941,5.008632,1.6390185166666666
98.434604,502.173018,502.173018,431.96148,-8.339888,5.006826,1.6405767333333332
98.528131,502.640657,502.640657,432.40191,-8.34276,4.997013,1.6421355166666667
98.621402,503.10701,503.10701,432.75963,-8.345121,5.0038,1.6436900333333333
98.714551,503.572754,503.572754,433.147216,-8.345216,5.006607,1.6452425166666667
98.807816,504.03908,504.03908,433.462889,-8.347609,5.019297,1.6467969333333334
98.901316,504.506578,504.506578,433.793603,-8.349906,5.028645,1.6483552666666665
98.99427,504.971349,504.971349,434.091503,-8.355075,5.047193,1.6499045
99.087506,505.43753,505.43753,434.395234,-8.359797,5.063932,1.6514584333333333
99.181288,505.90644,505.90644,434.632685,-8.361679,5.086097,1.6530214666666665
99.274441,506.372207,506.372207,434.889448,-8.368443,5.109743,1.6545740166666667
99.367445,506.837225,506.837225,435.166644,-8.372463,5.13057,1.6561240833333335
99.460677,507.303387,507.303387,435.448324,-8.376419,5.150504,1.65767795
99.553663,507.768313,507.768313,435.708657,-8.382226,5.168098,1.6592277166666667
99.646617,508.233084,508.233084,435.964715,-8.384459,5.189894,1.66077695
99.740097,508.700487,508.700487,436.271076,-8.389468,5.204346,1.6623349500000002
99.833617,509.168086,509.168086,436.604602,-8.392754,5.217619,1.6638936166666667
99.92655,509.63275,509.63275,436.930256,-8.394413,5.228819,1.6654425000000002
100.019835,510.099174,510.099174,437.267801,-8.399135,5.239837,1.66699725
100.113006,510.565029,510.565029,437.615439,-8.403602,5.246419,1.6685501
100.206265,511.031323,511.031323,437.952735,-8.408292,5.258599,1.6701044166666668
100.29953,511.497651,511.497651,438.372205,-8.411387,5.264033,1.6716588333333333
100.392647,511.963237,511.963237,438.767631,-8.412152,5.263172,1.6732107833333332
100.486233,512.431166,512.431166,439.179656,-8.415981,5.263831,1.67477055
100.57919,512.89595,512.89595,439.624894,-8.417991,5.262624,1.6763198333333333
100.672131,513.360653,513.360653,440.050131,-8.4215,5.261254,1.6778688499999999
100.765383,513.826913,513.826913,440.511496,-8.426733,5.261928,1.67942305
100.85863,514.293151,514.293151,440.951514,-8.431104,5.261143,1.6809771666666669
100.951618,514.758092,514.758092,441.366596,-8.432571,5.260364,1.6825269666666667
101.044499,515.222494,515.222494,441.852148,-8.439335,5.26001,1.6840749833333333
101.137987,515.689936,515.689936,442.262258,-8.440548,5.259925,1.6856331166666665
101.231003,516.155013,516.155013,442.719715,-8.443738,5.258933,1.6871833833333334
101.324175,516.620876,516.620876,443.150668,-8.447662,5.263424,1.68873625
101.417681,517.088407,517.088407,443.563875,-8.452863,5.270457,1.6902946833333334
101.511164,517.555822,517.555822,443.963602,-8.453278,5.273644,1.6918527333333333
101.604469,518.022345,518.022345,444.369375,-8.457266,5.281637,1.6934078166666666
101.697721,518.488605,518.488605,444.758753,-8.461573,5.287785,1.6949620166666668
101.790639,518.953193,518.953193,445.154179,-8.466997,5.297782,1.69651065
101.883577,519.417887,519.417887,445.52603,-8.471304,5.30636,1.6980596166666666
101.977021,519.885105,519.885105,445.893382,-8.477142,5.319469,1.6996170166666666
102.070614,520.353068,520.353068,446.237388,-8.480109,5.331002,1.7011769
102.163761,520.818803,520.818803,446.62357,-8.483427,5.338728,1.7027293499999998
102.257062,521.285309,521.285309,446.981021,-8.489808,5.35117,1.7042843666666667
102.350012,521.75006,521.75006,447.383564,-8.494307,5.35853,1.7058335333333334
102.443238,522.216192,522.216192,447.74885,-8.50072,5.369268,1.7073873
102.535668,522.678338,522.678338,448.110762,-8.50273,5.381291,1.7089278
102.628567,523.142837,523.142837,448.471319,-8.507196,5.391103,1.7104761166666667
102.721119,523.605594,523.605594,448.855202,-8.508919,5.401433,1.71201865
102.813559,524.067795,524.067795,449.265998,-8.515332,5.406487,1.7135593166666667
102.906185,524.530926,524.530926,449.615986,-8.516353,5.418625,1.7151030833333332
102.998734,524.993671,524.993671,450.024521,-8.519863,5.425864,1.7166455666666667
103.091143,525.455715,525.455715,450.426765,-8.520947,5.434455,1.7181857166666668
103.183781,525.918903,525.918903,450.807689,-8.52685,5.445068,1.7197296833333333
103.276553,526.382765,526.382765,451.239079,-8.533231,5.447659,1.7212758833333335
103.369565,526.847825,526.847825,451.68033,-8.537985,5.452661,1.7228260833333333
103.462005,527.310025,527.310025,452.105196,-8.540026,5.457774,1.7243667500000002
103.554625,527.773123,527.773123,452.547999,-8.543472,5.460052,1.7259104166666668
103.647189,528.235947,528.235947,452.975091,-8.544461,5.465519,1.7274531499999999
103.739833,528.699163,528.699163,453.407782,-8.54963,5.471723,1.7289972166666667
103.832815,529.164073,529.164073,453.849887,-8.549502,5.476793,1.7305469166666667
103.925501,529.627503,529.627503,454.297142,-8.55483,5.480929,1.7320916833333333
104.018269,530.091346,530.091346,454.763679,-8.560956,5.483046,1.7336378166666668
104.110631,530.553156,530.553156,455.177723,-8.563764,5.488662,1.7351771833333334
104.203416,531.017082,531.017082,455.590416,-8.568485,5.492299,1.7367236000000001
104.296318,531.481589,531.481589,455.990094,-8.565742,5.501701,1.7382719666666666
104.38885,531.94425,531.94425,456.420044,-8.572442,5.504484,1.7398141666666667
104.481538,532.407692,532.407692,456.818141,-8.57359,5.511495,1.7413589666666667
104.574023,532.870114,532.870114,457.230138,-8.581598,5.516989,1.7429003833333332
104.666457,533.332284,533.332284,457.648186,-8.583959,5.522532,1.74444095
104.758764,533.793821,533.793821,458.023393,-8.587724,5.53176,1.7459794
104.851097,534.255487,534.255487,458.425732,-8.586799,5.536894,1.7475182833333334
104.943797,534.718984,534.718984,458.809229,-8.592605,5.543006,1.7490632833333335
105.03642,535.1821,535.1821,459.139123,-8.597933,5.556711,1.750607
105.129227,535.646134,535.646134,459.555579,-8.601028,5.564141,1.7521537833333334
105.22194,536.1097,536.1097,459.97091,-8.603804,5.571239,1.7536990000000001
105.314377,536.571886,536.571886,460.349683,-8.606771,5.579639,1.7552396166666666
105.406808,537.034039,537.034039,460.735181,-8.613471,5.589034,1.7567801333333333
105.49942,537.4971,537.4971,461.142877,-8.617268,5.599454,1.7583236666666666
105.591682,537.958409,537.958409,461.511101,-8.618225,5.608657,1.7598613666666667
105.684023,538.420115,538.420115,461.926639,-8.623585,5.617041,1.7614003833333334
105.77631,538.881549,538.881549,462.363702,-8.627924,5.627924,1.7629385
105.869306,539.346531,539.346531,462.811076,-8.633443,5.635107,1.7644884333333333
105.96191,539.809552,539.809552,463.266072,-8.63322,5.639851,1.7660318333333334
106.05438,540.271901,540.271901,463.669264,-8.640175,5.648504,1.7675729999999998
106.147168,540.735841,540.735841,464.172465,-8.642121,5.650608,1.7691194666666665
106.239621,541.198105,541.198105,464.576548,-8.647928,5.657042,1.77066035
106.331789,541.658945,541.658945,465.029736,-8.650417,5.658474,1.7721964833333332
106.424218,542.121088,542.121088,465.470589,-8.656255,5.666384,1.7737369666666667
106.517148,542.585738,542.585738,465.899554,-8.656925,5.674967,1.7752858
106.609618,543.048089,543.048089,466.338831,-8.667103,5.678553,1.7768269666666667
106.702556,543.51278,543.51278,466.791335,-8.6694,5.684808,1.7783759333333333
106.795288,543.976442,543.976442,467.204371,-8.671027,5.695871,1.7799214666666667
106.888237,544.441185,544.441185,467.646555,-8.671219,5.704744,1.7814706166666667
106.980753,544.903764,544.903764,468.057791,-8.674888,5.711491,1.78301255
107.073481,545.367404,545.367404,468.523961,-8.677089,5.719919,1.7845580166666666
107.166211,545.831056,545.831056,468.977795,-8.683151,5.72772,1.7861035166666668
107.258358,546.29179,546.29179,469.425796,-8.68481,5.731986,1.7876393
107.350549,546.752745,546.752745,469.860564,-8.687299,5.739825,1.7891758166666667
107.443036,547.215181,547.215181,470.260574,-8.693424,5.752117,1.7907172666666669
107.535621,547.678103,547.678103,470.710582,-8.700762,5.758362,1.79226035
107.628164,548.14082,548.14082,471.122021,-8.703091,5.767188,1.7938027333333333
107.720791,548.603956,548.603956,471.585697,-8.709568,5.773959,1.7953465166666667
107.813837,549.069187,549.069187,472.021119,-8.712822,5.782224,1.7968972833333334
107.906205,549.531025,549.531025,472.452276,-8.713269,5.790772,1.79843675
107.998738,549.993688,549.993688,472.910781,-8.719267,5.795,1.7999789666666668
108.091184,550.455919,550.455919,473.312333,-8.719458,5.805239,1.8015197333333333
108.183579,550.917893,550.917893,473.773741,-8.720767,5.81035,1.80305965
108.276493,551.382467,551.382467,474.231108,-8.727147,5.818871,1.8046082166666666
108.369203,551.846015,551.846015,474.721648,-8.730753,5.823632,1.8061533833333334
108.462183,552.310916,552.310916,475.147837,-8.731646,5.831415,1.80770305
108.554748,552.773741,552.773741,475.624237,-8.736049,5.838504,1.8092458
108.646914,553.234569,553.234569,476.099507,-8.736081,5.840763,1.8107818999999998
108.739568,553.697838,553.697838,476.522758,-8.737867,5.850543,1.8123261333333334
108.832485,554.162426,554.162426,477.04643,-8.742302,5.850856,1.81387475
108.925044,554.625221,554.625221,477.556189,-8.746227,5.857466,1.8154174
109.017683,555.088417,555.088417,478.037018,-8.748141,5.866196,1.8169613833333333
109.110467,555.552336,555.552336,478.537111,-8.749194,5.87519,1.8185077833333334
109.202657,556.013285,556.013285,479.137829,-8.754362,5.877223,1.8200442833333335
109.295293,556.476463,556.476463,479.705574,-8.75835,5.88358,1.8215882166666666
109.388231,556.941156,556.941156,480.217937,-8.757872,5.887963,1.8231371833333334
109.481023,557.405114,557.405114,480.688818,-8.763997,5.88912,1.8246837166666665
109.573206,557.86603,557.86603,481.198003,-8.765784,5.896991,1.8262201
109.665638,558.328192,558.328192,481.653157,-8.77124,5.900454,1.8277606333333334
109.758382,558.791911,558.791911,482.116358,-8.773441,5.907856,1.8293063666666667
109.85081,559.254051,559.254051,482.561164,-8.773505,5.91393,1.8308468333333332
109.943464,559.717319,559.717319,482.987127,-8.776632,5.919291,1.8323910666666667
110.035983,560.179915,560.179915,483.400746,-8.784289,5.928182,1.83393305
110.128585,560.642926,560.642926,483.836078,-8.786745,5.933442,1.8354764166666666
110.221558,561.107792,561.107792,484.26825,-8.793254,5.938787,1.8370259666666666
110.314348,561.571739,561.571739,484.677996,-8.795424,5.949934,1.8385724666666665
110.406552,562.032759,562.032759,485.093991,-8.797274,5.957785,1.8401092000000001
110.499031,562.495156,562.495156,485.490025,-8.80005,5.969884,1.8416505166666668
110.591681,562.958404,562.958404,485.898803,-8.809143,5.977763,1.8431946833333333
110.684303,563.421514,563.421514,486.276647,-8.810514,5.989946,1.8447383833333333
110.776837,563.884185,563.884185,486.71919,-8.813386,5.997328,1.8462806166666668
110.869029,564.345146,564.345146,487.141546,-8.821107,6.004082,1.84781715
110.961399,564.806994,564.806994,487.527146,-8.823755,6.017226,1.84935665
111.054453,565.272263,565.272263,487.928392,-8.828828,6.026877,1.8509075499999998
111.146891,565.734453,565.734453,488.335651,-8.832752,6.036358,1.8524481833333333
111.239092,566.195459,566.195459,488.732803,-8.838718,6.042435,1.8539848666666667
111.331513,566.657566,566.657566,489.163274,-8.839707,6.048921,1.8555252166666667
111.423997,567.119984,567.119984,489.595046,-8.843632,6.055827,1.8570666166666667
111.516603,567.583016,567.583016,490.037294,-8.8488,6.064644,1.85861005
111.609405,568.047027,568.047027,490.459131,-8.854256,6.068848,1.86015675
111.701553,568.507764,568.507764,490.920526,-8.856744,6.073627,1.8616925500000001
111.794471,568.972356,568.972356,491.389024,-8.866029,6.079434,1.8632411833333333
111.886764,569.433819,569.433819,491.826145,-8.863636,6.082409,1.8647794
111.979491,569.897454,569.897454,492.262763,-8.870878,6.087294,1.86632485
112.072406,570.362031,570.362031,492.719674,-8.877227,6.093131,1.8678734333333333
112.164773,570.823865,570.823865,493.142756,-8.886543,6.098478,1.8694128833333332
112.257067,571.285336,571.285336,493.576065,-8.887692,6.102585,1.8709511166666668
112.34967,571.748349,571.748349,494.004838,-8.892829,6.107611,1.8724945
112.442371,572.211855,572.211855,494.448745,-8.893339,6.115222,1.8740395166666666
112.5351,572.675502,572.675502,494.771236,-8.90291,6.123592,1.875585
112.628068,573.14034,573.14034,495.194014,-8.910472,6.134117,1.8771344666666667
112.720614,573.603068,573.603068,495.632582,-8.915449,6.140521,1.8786768999999999
112.813318,574.066589,574.066589,495.999597,-8.9173,6.151383,1.8802219666666666
112.905779,574.528895,574.528895,496.450749,-8.926105,6.162108,1.8817629833333334
112.997948,574.98974,574.98974,496.851128,-8.93708,6.170268,1.8832991333333333
113.090164,575.450819,575.450819,497.250988,-8.935517,6.181979,1.8848360666666666
113.182804,575.914021,575.914021,497.691171,-8.940749,6.186682,1.8863800666666668
113.275043,576.375214,576.375214,498.077259,-8.948662,6.197924,1.8879173833333334
113.36721,576.836052,576.836052,498.480452,-8.954245,6.208079,1.8894535
113.459599,577.297993,577.297993,498.903859,-8.959573,6.216498,1.8909933166666666
113.552383,577.761915,577.761915,499.330069,-8.971729,6.223842,1.8925397166666669
113.64482,578.224102,578.224102,499.739458,-8.977504,6.233517,1.8940803333333334
113.737022,578.685108,578.685108,500.099765,-8.985193,6.244565,1.8956170333333333
113.829418,579.14709,579.14709,500.522016,-8.983119,6.250772,1.8971569666666668
113.92215,579.610749,579.610749,500.961973,-8.996806,6.258832,1.8987025
114.014835,580.074175,580.074175,501.411331,-9.005101,6.266075,1.90024725
114.107838,580.539191,580.539191,501.897916,-9.006665,6.269059,1.9017973
114.20031,581.001551,581.001551,502.32612,-9.015949,6.274192,1.9033385
114.292989,581.464943,581.464943,502.758114,-9.013333,6.283196,1.90488315
114.385162,581.925812,581.925812,503.218132,-9.025361,6.29005,1.9064193666666667
114.477583,582.387914,582.387914,503.675205,-9.031455,6.294136,1.9079597166666666
114.5705,582.852502,582.852502,504.113628,-9.037261,6.30328,1.9095083333333334
114.663223,583.316113,583.316113,504.572666,-9.042015,6.306571,1.9110537166666668
114.755755,583.778775,583.778775,505.002738,-9.053756,6.312231,1.9125959166666666
114.847936,584.239681,584.239681,505.47496,-9.059722,6.317284,1.9141322666666667
114.940606,584.70303,584.70303,505.908347,-9.057744,6.323866,1.9156767666666668
115.03339,585.166952,585.166952,506.317486,-9.070155,6.332735,1.9172231666666666
115.126014,585.630068,585.630068,506.758902,-9.078546,6.340492,1.9187669
115.218809,586.094043,586.094043,507.248963,-9.078386,6.345925,1.9203134833333333
115.311241,586.556207,586.556207,507.696385,-9.087256,6.352963,1.9218540166666667
115.403949,587.019745,587.019745,508.137504,-9.098742,6.358551,1.92339915
115.496109,587.480546,587.480546,508.566266,-9.102379,6.369723,1.92493515
115.588827,587.944136,587.944136,508.962942,-9.110195,6.378993,1.92648045
115.681307,588.406534,588.406534,509.393458,-9.121171,6.384889,1.9280217833333333
115.773739,588.868696,588.868696,509.837405,-9.130391,6.393411,1.9295623166666667
115.866384,589.331918,589.331918,510.23335,-9.138654,6.404402,1.9311064
115.959305,589.796523,589.796523,510.694966,-9.14277,6.408536,1.9326550833333334
116.052102,590.260512,590.260512,511.09491,-9.150938,6.417627,1.9342017
116.144292,590.721461,590.721461,511.481834,-9.14998,6.429382,1.9357381999999999
116.236481,591.182407,591.182407,511.927248,-9.159424,6.434759,1.9372746833333332
116.328928,591.644639,591.644639,512.337449,-9.167815,6.444698,1.9388154666666668
116.421391,592.106956,592.106956,512.751892,-9.172569,6.45082,1.9403565166666668
116.513592,592.567961,592.567961,513.188729,-9.177865,6.458043,1.9418932
116.605771,593.028853,593.028853,513.582516,-9.183417,6.465076,1.9434295166666666
116.698476,593.492382,593.492382,514.01573,-9.189447,6.473634,1.9449745999999999
116.790864,593.954322,593.954322,514.462148,-9.193116,6.479971,1.9465144
116.883534,594.417669,594.417669,514.950227,-9.200422,6.483281,1.9480589
116.97607,594.880349,594.880349,515.378677,-9.213152,6.493249,1.9496011666666668
117.068454,595.342272,595.342272,515.838704,-9.217267,6.499587,1.9511409
117.160956,595.804781,595.804781,516.283474,-9.228243,6.506859,1.9526826
117.25318,596.265899,596.265899,516.739429,-9.232773,6.513105,1.9542196666666667
117.34559,596.72795,596.72795,517.158173,-9.236729,6.523872,1.9557598333333333
117.438306,597.191532,597.191532,517.592359,-9.241706,6.534048,1.9573051
117.530799,597.653993,597.653993,518.015328,-9.248056,6.538205,1.9588466500000001
117.622976,598.114882,598.114882,518.446569,-9.252331,6.549325,1.9603829333333331
117.715649,598.578246,598.578246,518.905123,-9.258456,6.555958,1.9619274833333333
117.808135,599.040675,599.040675,519.279211,-9.266847,6.566361,1.9634689166666666
117.90055,599.502748,599.502748,519.705477,-9.27007,6.574863,1.9650091666666667
117.992727,599.963634,599.963634,520.185709,-9.276451,6.57948,1.9665454500000001
118.085394,600.426968,600.426968,520.602536,-9.28599,6.588994,1.9680898999999998
118.177931,600.889657,600.889657,521.08318,-9.294126,6.594353,1.9696321833333335
118.27035,601.351749,601.351749,521.469967,-9.294126,6.606251,1.9711725
118.362535,601.812674,601.812674,521.887199,-9.313269,6.616281,1.9727089166666665
118.454968,602.274841,602.274841,522.3295,-9.316395,6.623674,1.9742494666666666
118.547866,602.73933,602.73933,522.797987,-9.320096,6.62998,1.9757977666666666
118.640397,603.201986,603.201986,523.228613,-9.326956,6.634878,1.97733995
118.732834,603.664169,603.664169,523.6487,-9.332029,6.64842,1.9788805666666667
118.825006,604.125032,604.125032,524.071239,-9.340834,6.657017,1.9804167666666668
118.917227,604.586137,604.586137,524.510781,-9.348364,6.663423,1.9819537833333334
119.009931,605.049655,605.049655,524.972476,-9.353915,6.672858,1.98349885
119.102143,605.510715,605.510715,525.388706,-9.361987,6.679999,1.9850357166666666
119.194577,605.972885,605.972885,525.798431,-9.364252,6.693107,1.9865762833333334
119.287175,606.435873,606.435873,526.248668,-9.369772,6.701615,1.9881195833333334
119.380164,606.90082,606.90082,526.706727,-9.373505,6.707466,1.9896694
119.472963,607.364814,607.364814,527.148879,-9.38799,6.712162,1.9912160499999998
119.565404,607.827021,607.827021,527.519157,-9.391244,6.728615,1.9927567333333334
119.657855,608.289276,608.289276,527.970911,-9.39788,6.736378,1.9942975833333334
119.750324,608.751619,608.751619,528.4184,-9.401102,6.74257,1.9958387333333334
119.843029,609.215143,609.215143,528.896768,-9.41112,6.746116,1.9973838166666666
119.935445,609.677225,609.677225,529.328563,-9.420851,6.754905,1.9989240833333333
120.0279,610.139501,610.139501,529.737517,-9.424999,6.764354,2.000465
120.120086,610.600431,610.600431,530.19257,-9.435368,6.770742,2.002001433333333
120.212426,611.06213,611.06213,530.626797,-9.440058,6.779513,2.0035404333333333
120.304984,611.524922,611.524922,531.117192,-9.446152,6.786674,2.005083066666667
120.397436,611.987178,611.987178,531.52342,-9.452979,6.793366,2.006623933333333
120.489596,612.447979,612.447979,531.962092,-9.461721,6.801499,2.0081599333333333
120.582033,612.910165,612.910165,532.409035,-9.465773,6.807291,2.00970055
120.67494,613.374698,613.374698,532.847912,-9.469474,6.816717,2.0112490000000003
120.767236,613.836179,613.836179,533.270218,-9.478854,6.824825,2.0127872666666664
120.859677,614.298385,614.298385,533.694307,-9.481151,6.833245,2.01432795
120.952126,614.76063,614.76063,534.125325,-9.493754,6.842767,2.015868766666667
121.044326,615.221629,615.221629,534.571775,-9.496593,6.849213,2.0174054333333333
121.136752,615.683762,615.683762,535.010161,-9.504378,6.858926,2.018945866666667
121.228954,616.144772,616.144772,535.457937,-9.505973,6.867286,2.020482566666667
121.321542,616.607712,616.607712,535.872587,-9.513088,6.874056,2.0220257
121.414134,617.070669,617.070669,536.311621,-9.517778,6.88353,2.0235689
121.506558,617.532792,617.532792,536.7728,-9.52786,6.887579,2.0251093
121.599167,617.995833,617.995833,537.197498,-9.538133,6.893595,2.026652783333333
121.691941,618.459703,618.459703,537.614358,-9.539409,6.906157,2.0281990166666666
121.784158,618.920792,618.920792,538.013983,-9.544227,6.91557,2.029735966666667
121.876287,619.381433,619.381433,538.475581,-9.55383,6.922127,2.03127145
121.969241,619.846205,619.846205,538.880564,-9.565156,6.928365,2.032820683333333
122.062025,620.310124,620.310124,539.363851,-9.572877,6.931291,2.0343670833333336
122.154463,620.772317,620.772317,539.804398,-9.583214,6.941391,2.035907716666667
122.246601,621.233004,621.233004,540.259481,-9.589882,6.948309,2.0374433499999998
122.339357,621.696785,621.696785,540.701806,-9.594062,6.958742,2.0389892833333336
122.432079,622.160394,622.160394,541.202071,-9.597444,6.957832,2.04053465
122.52426,622.621302,622.621302,541.607693,-9.605229,6.967452,2.042071
122.61669,623.08345,623.08345,542.038591,-9.605133,6.974,2.0436115
122.709095,623.545473,623.545473,542.473512,-9.613428,6.984308,2.0451515833333334
122.802008,624.010041,624.010041,542.912009,-9.617544,6.991947,2.0467001333333332
122.894584,624.472922,624.472922,543.346474,-9.627243,7.000694,2.0482430666666667
122.986768,624.93384,624.93384,543.785633,-9.638027,7.007278,2.0497794666666667
123.079195,625.395973,625.395973,544.218971,-9.653341,7.016373,2.0513199166666665
123.171565,625.857826,625.857826,544.644253,-9.659403,7.027348,2.0528594166666667
123.264339,626.321696,626.321696,545.122774,-9.664061,7.032431,2.05440565
123.356796,626.783979,626.783979,545.604871,-9.6669,7.037078,2.0559466
123.449268,627.246338,627.246338,546.041328,-9.671335,7.045865,2.0574878
123.541682,627.708412,627.708412,546.455859,-9.682055,7.055001,2.059028033333333
123.634372,628.171861,628.171861,546.882467,-9.684161,7.067227,2.0605728666666665
123.727114,628.63557,628.63557,547.373724,-9.687734,7.073182,2.062118566666667
123.819568,629.097838,629.097838,547.819119,-9.697082,7.077493,2.0636594666666666
123.911906,629.559528,629.559528,548.267643,-9.706845,7.084492,2.0651984333333333
124.004431,630.022156,630.022156,548.681492,-9.717788,7.095321,2.0667405166666666
124.097432,630.487162,630.487162,549.145896,-9.720628,7.102901,2.0682905333333332
124.189639,630.948193,630.948193,549.566677,-9.731858,7.11217,2.0698273166666667
124.282336,631.411678,631.411678,550.000431,-9.734698,7.117407,2.0713722666666667
124.37504,631.875198,631.875198,550.429934,-9.745896,7.130912,2.0729173333333333
124.467468,632.337341,632.337341,550.868608,-9.752947,7.138419,2.0744578
124.559816,632.799081,632.799081,551.339941,-9.765071,7.144653,2.0759969333333332
124.652375,633.261876,633.261876,551.777048,-9.771707,7.151875,2.0775395833333334
124.744843,633.724214,633.724214,552.221984,-9.768357,7.160626,2.0790807166666667
124.83751,634.187552,634.187552,552.666025,-9.775919,7.165842,2.0806251666666666
124.929998,634.649988,634.649988,553.117449,-9.77812,7.173097,2.0821666333333333
125.022598,635.11299,635.11299,553.535094,-9.783927,7.180671,2.0837099666666665
125.115401,635.577004,635.577004,553.955201,-9.783735,7.189865,2.0852566833333332
125.208028,636.040142,636.040142,554.401928,-9.793977,7.198627,2.086800466666667
125.300564,636.50282,636.50282,554.846644,-9.810886,7.205091,2.088342733333333
125.392719,636.963594,636.963594,555.287557,-9.820936,7.211387,2.08987865
125.484914,637.424572,637.424572,555.774107,-9.821543,7.216175,2.0914152333333336
125.5771,637.885502,637.885502,556.179231,-9.829838,7.22509,2.0929516666666665
125.669518,638.347592,638.347592,556.640282,-9.838899,7.231177,2.094491966666667
125.762462,638.81231,638.81231,557.116324,-9.841228,7.237766,2.0960410333333335
125.854981,639.274907,639.274907,557.516979,-9.8426,7.246767,2.0975830166666665
125.947165,639.735827,639.735827,557.930835,-9.851246,7.258816,2.0991194166666665
126.039824,640.199121,640.199121,558.381158,-9.879067,7.261005,2.100663733333333
126.13252,640.662599,640.662599,558.780701,-9.892881,7.274518,2.102208666666667
126.22529,641.12645,641.12645,559.259888,-9.888861,7.277278,2.1037548333333334
126.317936,641.589679,641.589679,559.710443,-9.901113,7.285172,2.105298933333333
126.410396,642.05198,642.05198,560.168607,-9.906537,7.288264,2.1068399333333336
126.503433,642.517165,642.517165,560.597469,-9.914672,7.297783,2.10839055
126.595885,642.979423,642.979423,561.025887,-9.927849,7.306329,2.1099314166666665
126.688322,643.441608,643.441608,561.453413,-9.926318,7.316015,2.1114720333333334
126.780685,643.903427,643.903427,561.868639,-9.932603,7.323054,2.1130114166666667
126.873749,644.368746,644.368746,562.287447,-9.947662,7.332585,2.114562483333333
126.966434,644.832171,644.832171,562.760849,-9.963327,7.334496,2.1161072333333335
127.058616,645.293082,645.293082,563.150581,-9.970984,7.35026,2.1176436
127.15124,645.756201,645.756201,563.60162,-9.973409,7.354381,2.1191873333333335
127.243792,646.218961,646.218961,564.026486,-9.978992,7.36673,2.1207298666666667
127.336263,646.681315,646.681315,564.441066,-9.990223,7.374437,2.12227105
127.428856,647.14428,647.14428,564.93463,-10.00911,7.381217,2.1238142666666664
127.521827,647.609137,647.609137,565.360854,-10.015268,7.390789,2.1253637833333334
127.614795,648.073976,648.073976,565.780147,-10.017693,7.40138,2.12691325
127.707035,648.535175,648.535175,566.211305,-10.018075,7.411631,2.1284505833333336
127.799524,648.997618,648.997618,566.657907,-10.028732,7.418985,2.129992066666667
127.891706,649.458531,649.458531,567.122415,-10.03406,7.425628,2.1315284333333335
127.984406,649.922028,649.922028,567.534124,-10.044939,7.435117,2.1330734333333337
128.077107,650.385537,650.385537,567.999988,-10.051161,7.439321,2.13461845
128.169528,650.84764,650.84764,568.481523,-10.061051,7.444129,2.1361588
128.262524,651.312621,651.312621,568.884076,-10.075089,7.454626,2.1377087333333336
128.354946,651.774732,651.774732,569.343697,-10.080736,7.459127,2.1392491000000002
128.447864,652.239322,652.239322,569.783186,-10.083129,7.467968,2.1407977333333337
128.540564,652.702821,652.702821,570.272137,-10.093626,7.471143,2.1423427333333334
128.633296,653.166478,653.166478,570.714775,-10.118671,7.479544,2.1438882666666665
128.725815,653.629076,653.629076,571.139741,-10.113311,7.486086,2.14543025
128.818012,654.09006,654.09006,571.554197,-10.136346,7.497856,2.146966866666667
128.910184,654.550919,654.550919,571.993948,-10.143684,7.504964,2.1485030666666662
129.002375,655.011874,655.011874,572.392081,-10.157308,7.515248,2.1500395833333332
129.094977,655.474883,655.474883,572.832072,-10.188096,7.526812,2.15158295
129.187485,655.937426,655.937426,573.296242,-10.178875,7.529536,2.1531247500000004
129.280496,656.402478,656.402478,573.722598,-10.171728,7.539133,2.1546749333333333
129.372968,656.864841,656.864841,574.152544,-10.184809,7.546329,2.156216133333333
129.465353,657.326765,657.326765,574.575783,-10.190967,7.553295,2.157755883333333
129.55811,657.79055,657.79055,575.045811,-10.198209,7.558606,2.159301833333333
129.650806,658.25403,658.25403,575.49548,-10.222106,7.562936,2.1608467666666664
129.742992,658.714961,658.714961,575.938892,-10.229795,7.569171,2.1623832
129.835463,659.177315,659.177315,576.405818,-10.266422,7.574647,2.1639243833333333
129.927623,659.638114,659.638114,576.815673,-10.28582,7.588476,2.1654603833333335
130.020102,660.100512,660.100512,577.281053,-10.278322,7.591629,2.1670017
130.112528,660.562638,660.562638,577.726744,-10.285852,7.600089,2.1685421333333332
130.205267,661.026333,661.026333,578.163044,-10.304803,7.609237,2.1700877833333334
130.298132,661.490662,661.490662,578.588161,-10.303814,7.61677,2.1716355333333337
130.39113,661.955652,661.955652,579.045525,-10.315619,7.621771,2.1731855
130.483348,662.416742,662.416742,579.445141,-10.334092,7.629519,2.1747224666666667
130.576092,662.88046,662.88046,579.879692,-10.35936,7.636952,2.1762682
130.668546,663.342729,663.342729,580.285819,-10.369059,7.645956,2.1778090999999997
130.76121,663.806048,663.806048,580.688598,-10.386479,7.653724,2.1793535
130.853868,664.269338,664.269338,581.179155,-10.396146,7.659621,2.1808978
130.94667,664.733349,664.733349,581.61375,-10.405813,7.668385,2.1824445000000003
131.03907,665.195351,665.195351,582.067389,-10.428848,7.672726,2.1839845
131.13171,665.658548,665.658548,582.517234,-10.431178,7.684001,2.1855284999999998
131.223946,666.119729,666.119729,582.940444,-10.461487,7.691057,2.187065766666667
131.316674,666.583371,666.583371,583.350455,-10.46171,7.701638,2.1886112333333334
131.408883,667.044416,667.044416,583.82788,-10.509057,7.709391,2.19014805
131.501334,667.506671,667.506671,584.284718,-10.504207,7.710302,2.1916889000000004
131.593521,667.967607,667.967607,584.713352,-10.53825,7.719778,2.19322535
131.685876,668.42938,668.42938,585.139086,-10.543099,7.727506,2.1947646
131.778694,668.893471,668.893471,585.557666,-10.544056,7.737645,2.1963115666666666
131.870876,669.354382,669.354382,585.981409,-10.543769,7.746065,2.1978479333333336
131.963314,669.816572,669.816572,586.410316,-10.560934,7.753351,2.199388566666667
132.055487,670.277434,670.277434,586.874401,-10.555733,7.75739,2.2009247833333334
132.14769,670.738449,670.738449,587.287208,-10.56639,7.766711,2.2024615
132.24015,671.200748,671.200748,587.704507,-10.575195,7.776407,2.2040025
132.332345,671.661727,671.661727,588.152058,-10.609429,7.785824,2.2055390833333335
132.424758,672.123789,672.123789,588.592456,-10.614566,7.793368,2.2070792999999997
132.517121,672.585606,672.585606,588.997025,-10.652086,7.804743,2.2086186833333334
132.609391,673.046954,673.046954,589.450892,-10.686351,7.807497,2.2101565166666663
132.701767,673.508833,673.508833,589.856831,-10.758998,7.817137,2.2116961166666664
132.794004,673.970018,673.970018,590.293028,-10.791063,7.822937,2.2132334
132.886759,674.433795,674.433795,590.743355,-10.830784,7.829363,2.2147793166666667
132.97945,674.89725,674.89725,591.188544,-10.885469,7.836159,2.216324166666667
133.071637,675.358185,675.358185,591.672511,-10.952756,7.838395,2.217860616666667
133.163793,675.818965,675.818965,592.108545,-10.984469,7.843271,2.21939655
133.256522,676.28261,676.28261,592.558936,-11.005781,7.849368,2.220942033333333
133.348724,676.743619,676.743619,593.005981,-10.980449,7.853422,2.2224787333333333
133.441398,677.20699,677.20699,593.458197,-11.003644,7.862834,2.2240233
133.534149,677.670746,677.670746,593.936202,-10.968006,7.871878,2.22556915
133.626336,678.131679,678.131679,594.384643,-10.999847,7.877657,2.2271056000000002
133.718788,678.593942,678.593942,594.80262,-10.956042,7.882256,2.2286464666666665
133.811141,679.055703,679.055703,595.224646,-10.979875,7.893856,2.230185683333333
133.903679,679.518393,679.518393,595.704738,-11.007823,7.89594,2.2317279833333337
133.996057,679.980285,679.980285,596.151229,-11.092466,7.903509,2.2332676166666667
134.088741,680.443705,680.443705,596.609168,-11.141153,7.906798,2.23481235
134.181568,680.907838,680.907838,597.02319,-11.204388,7.913953,2.236359466666667
134.273986,681.369929,681.369929,597.461661,-11.305302,7.919926,2.2378997666666667
134.366175,681.830874,681.830874,597.879973,-11.305462,7.931039,2.23943625
134.458581,682.292906,682.292906,598.322289,-11.305462,7.936413,2.24097635
134.551346,682.756729,682.756729,598.742427,-11.305558,7.945367,2.2425224333333333
134.643766,683.218832,683.218832,599.190383,-11.304377,7.955378,2.2440627666666666
134.736188,683.680938,683.680938,599.641496,-11.304856,7.959884,2.2456031333333333
134.829183,684.145914,684.145914,600.022221,-11.30559,7.971549,2.24715305
134.922149,684.610744,684.610744,600.426952,-11.306706,7.977616,2.248702483333333
135.014906,685.07453,685.07453,600.839099,-11.305653,7.985123,2.2502484333333332
135.107576,685.537882,685.537882,601.24117,-11.305877,7.992962,2.2517929333333333
135.199805,685.999025,685.999025,601.690575,-11.305334,7.999882,2.253330083333333
135.292469,686.462344,686.462344,602.11376,-11.30559,8.004948,2.2548744833333334
135.384963,686.924816,686.924816,602.518123,-11.306834,8.016778,2.25641605
135.47763,687.388149,687.388149,602.946725,-11.305462,8.02179,2.2579605000000003
135.570019,687.850093,687.850093,603.364129,-11.305207,8.03038,2.2595003166666667
135.662573,688.312863,688.312863,603.779084,-11.305302,8.038064,2.2610428833333334
135.755199,688.775993,688.775993,604.23645,-11.306196,8.042047,2.2625866500000003
135.848207,689.241037,689.241037,604.625419,-11.305685,8.057387,2.2641367833333335
135.940391,689.701953,689.701953,605.045585,-11.305558,8.06242,2.2656731833333335
136.032754,690.163772,690.163772,605.448494,-11.305653,8.068296,2.2672125666666667
136.125298,690.626491,690.626491,605.908854,-11.305494,8.07435,2.2687549666666667
136.217449,691.087246,691.087246,606.317632,-11.306579,8.082021,2.2702908166666664
136.310369,691.551847,691.551847,606.744377,-11.305622,8.091538,2.2718394833333333
136.403167,692.015833,692.015833,607.158126,-11.305494,8.09468,2.2733861166666665
136.495581,692.477907,692.477907,607.570996,-11.306068,8.100728,2.27492635
136.588293,692.941463,692.941463,608.016421,-11.305941,8.107147,2.2764715499999997
136.680766,693.403829,693.403829,608.481616,-11.30559,8.111122,2.278012766666667
136.772946,693.86473,693.86473,608.87614,-11.307663,8.120308,2.2795490999999997
136.865587,694.327935,694.327935,609.299632,-11.305972,8.126936,2.281093116666667
136.958354,694.791769,694.791769,609.703842,-11.305845,8.134121,2.2826392333333336
137.050525,695.252627,695.252627,610.184607,-11.305366,8.138913,2.2841754166666663
137.143297,695.716486,695.716486,610.630606,-11.30492,8.14566,2.2857216166666663
137.23597,696.179849,696.179849,611.062035,-11.305111,8.153578,2.287266166666667
137.328412,696.642059,696.642059,611.505382,-11.305494,8.159363,2.2888068666666666
137.420799,697.103995,697.103995,611.912607,-11.305717,8.165628,2.2903466499999996
137.513569,697.567845,697.567845,612.296278,-11.305972,8.175466,2.2918928166666666
137.605729,698.028646,698.028646,612.701518,-11.305302,8.183083,2.2934288166666668
137.698516,698.492578,698.492578,613.118003,-11.305494,8.19231,2.294975266666667
137.790951,698.954753,698.954753,613.490723,-11.303484,8.201285,2.29651585
137.883787,699.418937,699.418937,613.896017,-11.305909,8.211973,2.298063116666667
137.976355,699.881776,699.881776,614.316825,-11.305175,8.21848,2.2996059166666667
138.069051,700.345254,700.345254,614.699476,-11.305717,8.232134,2.30115085
138.161502,700.807509,700.807509,615.144577,-11.305207,8.236262,2.3026917
138.253906,701.269529,701.269529,615.515811,-11.305271,8.249234,2.3042317666666667
138.34683,701.734148,701.734148,615.949723,-11.305302,8.253395,2.3057805
138.439493,702.197467,702.197467,616.346597,-11.304952,8.261099,2.3073248833333335
138.53176,702.658801,702.658801,616.802789,-11.305302,8.267677,2.3088626666666667
138.624667,703.123333,703.123333,617.198355,-11.300708,8.277412,2.3104111166666663
138.717195,703.585976,703.585976,617.626737,-11.304313,8.283339,2.31195325
138.809934,704.049669,704.049669,618.032002,-11.30543,8.289382,2.3134989
138.902113,704.510563,704.510563,618.439083,-11.306387,8.297721,2.315035216666667
138.994285,704.971425,704.971425,618.879436,-11.305015,8.300743,2.3165714166666667
139.086925,705.434623,705.434623,619.246565,-11.305271,8.311546,2.3181154166666667
139.179452,705.897259,705.897259,619.712577,-11.305653,8.312891,2.3196575333333334
139.271793,706.358965,706.358965,620.112325,-11.305047,8.322647,2.3211965500000002
139.364346,706.821729,706.821729,620.552768,-11.305941,8.327543,2.3227391
139.456526,707.282632,707.282632,620.96267,-11.30492,8.33733,2.3242754333333333
139.548885,707.744423,707.744423,621.402485,-11.305015,8.34057,2.32581475
139.64114,708.2057,708.2057,621.846144,-11.305494,8.347726,2.3273523333333332
139.733596,708.667979,708.667979,622.292749,-11.306674,8.359024,2.328893266666667
139.826495,709.132473,709.132473,622.710383,-11.30409,8.364103,2.330441583333333
139.919013,709.595064,709.595064,623.106683,-11.30492,8.3761,2.33198355
140.011508,710.057539,710.057539,623.546615,-11.305781,8.380122,2.333525133333333
140.104128,710.520642,710.520642,623.961617,-11.305558,8.390734,2.3350688
140.196912,710.98456,710.98456,624.353258,-11.305302,8.401797,2.3366152
140.289062,711.445312,711.445312,624.750765,-11.305909,8.413677,2.3381510333333333
140.382055,711.910274,711.910274,625.170103,-11.306004,8.42375,2.3397009166666667
140.474216,712.371082,712.371082,625.518182,-11.305717,8.436224,2.3412369333333336
140.567096,712.83548,712.83548,625.90338,-11.305653,8.448976,2.3427849333333333
140.659633,713.298167,713.298167,626.319857,-11.308621,8.455187,2.344327216666667
140.752116,713.76058,713.76058,626.725786,-11.305239,8.466501,2.3458686
140.84458,714.222898,714.222898,627.138259,-11.305494,8.473975,2.3474096666666666
140.937182,714.685908,714.685908,627.573696,-11.305717,8.480832,2.3489530333333333
141.029734,715.148668,715.148668,628.022654,-11.306515,8.485706,2.3504955666666665
141.122437,715.612185,715.612185,628.423725,-11.305366,8.499345,2.3520406166666663
141.215073,716.075364,716.075364,628.846414,-11.304409,8.502925,2.35358455
141.307311,716.536554,716.536554,629.250453,-11.305909,8.51424,2.35512185
141.39975,716.998749,716.998749,629.693662,-11.305175,8.516263,2.3566625
141.492382,717.461909,717.461909,630.116872,-11.305302,8.524379,2.3582063666666664
141.585164,717.925819,717.925819,630.538532,-11.305813,8.531731,2.359752733333333
141.677633,718.388165,718.388165,630.954139,-11.306036,8.538799,2.361293883333333
141.769773,718.848865,718.848865,631.350417,-11.305111,8.54601,2.36282955
141.862257,719.311287,719.311287,631.729163,-11.305398,8.555626,2.36437095
141.954735,719.773676,719.773676,632.131335,-11.305302,8.566237,2.36591225
142.060866,720.304331,720.304331,632.640439,-11.310567,8.574347,2.3676811
142.153338,720.766691,720.766691,633.087003,-11.305239,8.582791,2.3692222999999997
142.246019,721.230093,721.230093,633.483172,-11.305909,8.597006,2.370766983333333
142.338568,721.692842,721.692842,633.889719,-11.305781,8.607366,2.3723094666666666
142.431028,722.155142,722.155142,634.282105,-11.30559,8.616747,2.3738504666666667
142.5232,722.616002,722.616002,634.615301,-11.305813,8.631926,2.3753866666666665
142.615368,723.076841,723.076841,635.016733,-11.305749,8.643064,2.3769228
142.707591,723.537953,723.537953,635.432823,-11.305653,8.648034,2.37845985
142.79975,723.998749,723.998749,635.885417,-11.305494,8.653375,2.379995833333333
142.891929,724.459647,724.459647,636.28602,-11.305781,8.664332,2.38153215
142.984684,724.923421,724.923421,636.66908,-11.30677,8.675152,2.3830780666666667
143.07683,725.38415,725.38415,637.070403,-11.305653,8.679809,2.3846138333333333
143.169232,725.846162,725.846162,637.525355,-11.304888,8.685895,2.3861538666666666
143.262191,726.310955,726.310955,637.909384,-11.303165,8.695949,2.3877031833333335
143.354757,726.773783,726.773783,638.328123,-11.305271,8.698469,2.3892459500000003
143.447154,727.235768,727.235768,638.824832,-11.305845,8.703643,2.3907859
143.539359,727.696795,727.696795,639.281476,-11.305143,8.705128,2.3923226499999997
143.631525,728.157626,728.157626,639.670109,-11.304952,8.71495,2.39385875
143.724169,728.620844,728.620844,640.119823,-11.305749,8.727074,2.3954028166666665
143.816974,729.084871,729.084871,640.54681,-11.305143,8.734913,2.3969495666666663
143.909616,729.548081,729.548081,640.956246,-11.305813,8.746157,2.3984936
144.00237,730.011848,730.011848,641.394778,-11.305366,8.758002,2.4000395
144.094813,730.474066,730.474066,641.823647,-11.305366,8.769256,2.4015802166666664
144.18731,730.936548,730.936548,642.257052,-11.306579,8.779174,2.403121833333333
144.279869,731.399347,731.399347,642.670198,-11.306802,8.795715,2.4046644833333333
144.372425,731.862123,731.862123,643.173761,-11.305494,8.80718,2.4062070833333333
144.46464,732.323201,732.323201,643.578398,-11.305494,8.826637,2.407744
144.557224,732.786122,732.786122,643.943606,-11.306802,8.84885,2.4092870666666664
144.649738,733.248691,733.248691,644.259235,-11.305558,8.876378,2.4108289666666667
144.742679,733.713397,733.713397,644.553008,-11.305143,8.901856,2.4123779833333336
144.835466,734.177328,734.177328,644.854235,-11.305494,8.925237,2.4139244333333334
144.928031,734.640155,734.640155,645.221994,-11.30543,8.942491,2.4154671833333334
145.020563,735.102814,735.102814,645.682229,-11.305334,8.947878,2.4170093833333337
145.113297,735.566484,735.566484,646.170687,-11.300772,8.949849,2.41855495
145.205502,736.027509,736.027509,646.683539,-11.305334,8.949145,2.4200917
145.297715,736.488577,736.488577,647.205679,-11.305494,8.943188,2.4216285833333333
145.389882,736.949411,736.949411,647.7432,-11.305653,8.94369,2.4231647
145.482317,737.411583,737.411583,648.287985,-11.305558,8.938493,2.424705283333333
145.574937,737.874686,737.874686,648.796041,-11.305622,8.934609,2.42624895
145.66779,738.33895,738.33895,649.3179,-11.305334,8.934304,2.4277965
145.760152,738.800759,738.800759,649.797381,-11.305685,8.93789,2.429335866666667
145.853059,739.265296,739.265296,650.260198,-11.305302,8.940263,2.4308843166666665
145.945525,739.727625,739.727625,650.659408,-11.305302,8.94769,2.432425416666667
146.038316,740.191579,740.191579,651.047584,-11.305398,8.958134,2.4339719333333334
146.130738,740.653692,740.653692,651.446618,-11.307823,8.968313,2.4355123
146.223217,741.116085,741.116085,651.821525,-11.305462,8.979553,2.4370536166666668
146.31566,741.578301,741.578301,652.178847,-11.306547,8.994509,2.4385943333333335
146.408029,742.040144,742.040144,652.563279,-11.305239,9.003644,2.4401338166666666
146.500566,742.502829,742.502829,652.998757,-11.305271,9.013312,2.4416761
146.592995,742.964975,742.964975,653.365628,-11.305398,9.027401,2.4432165833333332
146.685584,743.427921,743.427921,653.77768,-11.305334,9.039852,2.4447597333333335
146.777898,743.889491,743.889491,654.175532,-11.305717,9.053768,2.4462983
146.87025,744.35125,744.35125,654.558732,-11.30559,9.065279,2.4478375
146.962773,744.813866,744.813866,654.959571,-11.305558,9.075081,2.44937955
147.055659,745.278295,745.278295,655.319332,-11.306132,9.091198,2.4509276499999997
147.148117,745.740584,745.740584,655.711411,-11.304696,9.100261,2.4524686166666667
147.240547,746.202737,746.202737,656.097869,-11.304824,9.106545,2.4540091166666667
147.332805,746.664024,746.664024,656.480059,-11.305494,9.116184,2.4555467500000003
147.425463,747.127313,747.127313,656.917619,-11.305685,9.12014,2.4570910500000003
147.517939,747.589696,747.589696,657.392035,-11.305717,9.122416,2.458632316666667
147.610614,748.05307,748.05307,657.805033,-11.306132,9.132929,2.4601769
147.702855,748.514274,748.514274,658.243592,-11.305239,9.136224,2.46171425
147.795356,748.976782,748.976782,658.659134,-11.306228,9.142297,2.4632559333333335
147.88779,749.438952,749.438952,659.128715,-11.305239,9.14696,2.4647965
147.980394,749.901969,749.901969,659.590874,-11.305494,9.1552,2.4663399
148.072949,750.364744,750.364744,660.007413,-11.30559,9.16181,2.4678824833333333
148.165361,750.826804,750.826804,660.441611,-11.305302,9.172748,2.4694226833333333
148.257794,751.288968,751.288968,660.849393,-11.305813,9.181218,2.4709632333333333
148.349969,751.749847,751.749847,661.263532,-11.305845,9.19088,2.472499483333333
148.442188,752.210941,752.210941,661.690135,-11.305558,9.19997,2.4740364666666665
148.534834,752.67417,752.67417,662.076297,-11.305079,9.214026,2.4755805666666664
148.627068,753.135342,753.135342,662.556999,-11.30559,9.220202,2.4771178000000003
148.719531,753.597656,753.597656,662.899574,-11.305462,9.234974,2.47865885
148.812169,754.060845,754.060845,663.303906,-11.304952,9.240419,2.480202816666667
148.904707,754.523533,754.523533,663.673211,-11.074472,9.257269,2.4817451166666666
148.997409,754.987047,754.987047,664.072846,-11.161636,9.266463,2.48329015
149.089857,755.449286,755.449286,664.493092,-11.151043,9.273107,2.48483095
149.18232,755.9116,755.9116,664.944358,-11.242227,9.281125,2.4863720000000002
149.27445,756.372248,756.372248,665.367155,-11.13324,9.289596,2.4879075
149.367143,756.835713,756.835713,665.800389,-11.119936,9.297094,2.4894523833333335
149.459653,757.298267,757.298267,666.238181,-11.084171,9.302804,2.4909942166666665
149.552061,757.760304,757.760304,666.632109,-11.071218,9.311373,2.49253435
149.645026,758.22513,758.22513,667.081957,-11.066687,9.318033,2.494083766666667
149.737941,758.689706,758.689706,667.527087,-11.053543,9.320088,2.49563235
149.830508,759.152539,759.152539,667.927665,-11.010152,9.325559,2.4971751333333336
149.922669,759.613343,759.613343,668.334609,-10.99621,9.334335,2.49871115
150.015324,760.076619,760.076619,668.759238,-10.988489,9.341038,2.5002554
150.108034,760.540171,760.540171,669.168278,-10.964816,9.349139,2.5018005666666667
150.200582,761.002912,761.002912,669.58844,-10.90627,9.35686,2.503343033333333
